id,tvt
000d7d20_1442,11747.443062408485
000d7d20_1443,11747.443698424659
000d7d20_1444,11747.455259012246
000d7d20_1445,11747.466874630149
000d7d20_1446,11747.48153516539
000d7d20_1447,11747.470855530006
000d7d20_1448,11747.481333961012
000d7d20_1449,11747.439879789195
000d7d20_1450,11747.461241485942
000d7d20_1451,11747.518819972604
000d7d20_1452,11747.544368062227
000d7d20_1453,11747.5300806175
000d7d20_1454,11747.533253322645
000d7d20_1455,11747.531551436663
000d7d20_1456,11747.53448735474
000d7d20_1457,11747.532490511698
000d7d20_1458,11747.56330860801
000d7d20_1459,11747.547047476422
000d7d20_1460,11747.568205917916
000d7d20_1461,11747.574612410866
000d7d20_1462,11747.489986174378
000d7d20_1463,11747.499962157988
000d7d20_1464,11747.523931723299
000d7d20_1465,11747.541852697464
000d7d20_1466,11747.543145269086
000d7d20_1467,11747.56063744207
000d7d20_1468,11747.56481928254
000d7d20_1469,11747.61906576213
000d7d20_1470,11747.628182083476
000d7d20_1471,11747.642167446622
000d7d20_1472,11747.642128295764
000d7d20_1473,11747.644268752018
000d7d20_1474,11747.635309078245
000d7d20_1475,11747.640027611897
000d7d20_1476,11747.64094818683
000d7d20_1477,11747.646813989086
000d7d20_1478,11747.650277433126
000d7d20_1479,11747.657313067195
000d7d20_1480,11747.655223553866
000d7d20_1481,11747.729565071282
000d7d20_1482,11747.666388110214
000d7d20_1483,11747.663424277674
000d7d20_1484,11747.65074557619
000d7d20_1485,11747.677102754675
000d7d20_1486,11747.72417880969
000d7d20_1487,11747.718227059335
000d7d20_1488,11747.720396170198
000d7d20_1489,11747.725155543325
000d7d20_1490,11747.78092786113
000d7d20_1491,11747.80777697876
000d7d20_1492,11747.73366183233
000d7d20_1493,11747.812823938217
000d7d20_1494,11747.731715955702
000d7d20_1495,11747.816147722651
000d7d20_1496,11747.74378205289
000d7d20_1497,11747.74444693957
000d7d20_1498,11747.825575336836
000d7d20_1499,11747.758162168087
000d7d20_1500,11747.785926407934
000d7d20_1501,11747.867665666612
000d7d20_1502,11747.879964032418
000d7d20_1503,11747.84310175467
000d7d20_1504,11747.854555625174
000d7d20_1505,11747.848866326136
000d7d20_1506,11747.92752257271
000d7d20_1507,11747.92932043791
000d7d20_1508,11747.95203416158
000d7d20_1509,11747.962763289517
000d7d20_1510,11747.968874061167
000d7d20_1511,11747.983453898842
000d7d20_1512,11748.010375945578
000d7d20_1513,11748.027320159068
000d7d20_1514,11748.106020969977
000d7d20_1515,11748.226401713357
000d7d20_1516,11748.236640777788
000d7d20_1517,11748.337461496485
000d7d20_1518,11748.50678600548
000d7d20_1519,11748.520987784845
000d7d20_1520,11748.543208912184
000d7d20_1521,11748.639135756013
000d7d20_1522,11748.708581586634
000d7d20_1523,11748.71380352876
000d7d20_1524,11748.751266249052
000d7d20_1525,11748.773244480162
000d7d20_1526,11748.812330737246
000d7d20_1527,11748.827226567664
000d7d20_1528,11748.939186863667
000d7d20_1529,11748.952531809353
000d7d20_1530,11748.975604580217
000d7d20_1531,11748.954446058067
000d7d20_1532,11748.980544008653
000d7d20_1533,11748.984759724533
000d7d20_1534,11748.983862752659
000d7d20_1535,11748.987469920134
000d7d20_1536,11748.988836123634
000d7d20_1537,11748.996365903073
000d7d20_1538,11749.000295788337
000d7d20_1539,11749.00175633571
000d7d20_1540,11748.936242639935
000d7d20_1541,11748.93937527117
000d7d20_1542,11748.999766488812
000d7d20_1543,11748.958151234207
000d7d20_1544,11748.973072081777
000d7d20_1545,11748.984372707439
000d7d20_1546,11749.016994922125
000d7d20_1547,11748.964747082344
000d7d20_1548,11748.971858883564
000d7d20_1549,11748.999982790827
000d7d20_1550,11749.002156286606
000d7d20_1551,11749.023483438783
000d7d20_1552,11749.05158611902
000d7d20_1553,11749.155856958398
000d7d20_1554,11749.15638710611
000d7d20_1555,11749.146216759069
000d7d20_1556,11749.1814053888
000d7d20_1557,11749.164950531085
000d7d20_1558,11749.142252667712
000d7d20_1559,11749.178645512658
000d7d20_1560,11749.205679003198
000d7d20_1561,11749.2148844152
000d7d20_1562,11749.252446498776
000d7d20_1563,11749.239374022363
000d7d20_1564,11749.263528107302
000d7d20_1565,11749.326410171623
000d7d20_1566,11749.322191860349
000d7d20_1567,11749.392649368314
000d7d20_1568,11749.336615281733
000d7d20_1569,11749.409139504038
000d7d20_1570,11749.441537435458
000d7d20_1571,11749.420853394542
000d7d20_1572,11749.441442626061
000d7d20_1573,11749.503108012643
000d7d20_1574,11749.540115030231
000d7d20_1575,11749.521316069367
000d7d20_1576,11749.541928125564
000d7d20_1577,11749.573194315717
000d7d20_1578,11749.589289990136
000d7d20_1579,11749.594803327673
000d7d20_1580,11749.629905141843
000d7d20_1581,11749.620476903721
000d7d20_1582,11749.645346306159
000d7d20_1583,11749.64744643395
000d7d20_1584,11749.651874664662
000d7d20_1585,11749.603692972683
000d7d20_1586,11749.62425619889
000d7d20_1587,11749.70045839656
000d7d20_1588,11749.663434681523
000d7d20_1589,11749.645806521077
000d7d20_1590,11749.72032207341
000d7d20_1591,11749.735929930557
000d7d20_1592,11749.658693717436
000d7d20_1593,11749.72071010344
000d7d20_1594,11749.744597397546
000d7d20_1595,11749.76456197029
000d7d20_1596,11749.73402331965
000d7d20_1597,11749.779200059284
000d7d20_1598,11749.790491682817
000d7d20_1599,11749.76271858593
000d7d20_1600,11749.816256678396
000d7d20_1601,11749.788074228232
000d7d20_1602,11749.810907868126
000d7d20_1603,11749.813782285151
000d7d20_1604,11749.814096114727
000d7d20_1605,11749.81398800408
000d7d20_1606,11749.927256953171
000d7d20_1607,11749.940988559414
000d7d20_1608,11749.937733598641
000d7d20_1609,11749.970519263848
000d7d20_1610,11749.955594363792
000d7d20_1611,11749.963597521102
000d7d20_1612,11749.97720031616
000d7d20_1613,11749.965240175306
000d7d20_1614,11749.998374758123
000d7d20_1615,11749.99177716327
000d7d20_1616,11749.98202637997
000d7d20_1617,11749.996278837445
000d7d20_1618,11749.989808999606
000d7d20_1619,11749.995319472495
000d7d20_1620,11750.011778931743
000d7d20_1621,11749.973670207519
000d7d20_1622,11749.985680022986
000d7d20_1623,11749.962688865555
000d7d20_1624,11749.877936147694
000d7d20_1625,11749.928503848558
000d7d20_1626,11749.891559902662
000d7d20_1627,11749.950407446351
000d7d20_1628,11749.906316855218
000d7d20_1629,11749.885456549768
000d7d20_1630,11749.808161521189
000d7d20_1631,11749.770660410431
000d7d20_1632,11749.797528301802
000d7d20_1633,11749.736761796525
000d7d20_1634,11749.744534957741
000d7d20_1635,11749.746545866805
000d7d20_1636,11749.673194911915
000d7d20_1637,11749.701564305144
000d7d20_1638,11749.694533139256
000d7d20_1639,11749.638243985604
000d7d20_1640,11749.666267979377
000d7d20_1641,11749.67001172667
000d7d20_1642,11749.640427684273
000d7d20_1643,11749.585783617793
000d7d20_1644,11749.605305713361
000d7d20_1645,11749.566064357323
000d7d20_1646,11749.525886815365
000d7d20_1647,11749.50998558531
000d7d20_1648,11749.481664070156
000d7d20_1649,11749.522537930394
000d7d20_1650,11749.460333564888
000d7d20_1651,11749.515791894773
000d7d20_1652,11749.488878953054
000d7d20_1653,11749.525836516928
000d7d20_1654,11749.468680207012
000d7d20_1655,11749.465510693357
000d7d20_1656,11749.449635372735
000d7d20_1657,11749.40040526708
000d7d20_1658,11749.398543275389
000d7d20_1659,11749.390354259445
000d7d20_1660,11749.419206375307
000d7d20_1661,11749.312621109826
000d7d20_1662,11749.407558745706
000d7d20_1663,11749.302939607944
000d7d20_1664,11749.34847173877
000d7d20_1665,11749.27377769097
000d7d20_1666,11749.260245997677
000d7d20_1667,11749.282385583401
000d7d20_1668,11749.257157986587
000d7d20_1669,11749.27796347254
000d7d20_1670,11749.222884980654
000d7d20_1671,11749.305411374167
000d7d20_1672,11749.269457871162
000d7d20_1673,11749.28257647119
000d7d20_1674,11749.243815172042
000d7d20_1675,11749.256307816924
000d7d20_1676,11749.234855751112
000d7d20_1677,11749.198373583215
000d7d20_1678,11749.221948852211
000d7d20_1679,11749.237753327981
000d7d20_1680,11749.158102145488
000d7d20_1681,11749.178248427352
000d7d20_1682,11749.151176712387
000d7d20_1683,11749.162735205256
000d7d20_1684,11749.151016605534
000d7d20_1685,11749.152208161788
000d7d20_1686,11749.129762287928
000d7d20_1687,11749.146985252704
000d7d20_1688,11749.169237395234
000d7d20_1689,11749.160803902538
000d7d20_1690,11749.111023938938
000d7d20_1691,11749.079941381839
000d7d20_1692,11749.134783855907
000d7d20_1693,11749.239095695048
000d7d20_1694,11749.227009783946
000d7d20_1695,11749.251037584645
000d7d20_1696,11749.26748230035
000d7d20_1697,11749.21606590592
000d7d20_1698,11749.234398906838
000d7d20_1699,11749.205068353494
000d7d20_1700,11749.16250766425
000d7d20_1701,11749.120643631482
000d7d20_1702,11749.15976443182
000d7d20_1703,11749.14215233937
000d7d20_1704,11749.129651129751
000d7d20_1705,11749.112274764117
000d7d20_1706,11749.108215604676
000d7d20_1707,11749.082512404399
000d7d20_1708,11749.090888073646
000d7d20_1709,11749.053373762417
000d7d20_1710,11749.05597543227
000d7d20_1711,11749.050733162358
000d7d20_1712,11748.997126612412
000d7d20_1713,11749.016316435469
000d7d20_1714,11748.961201609827
000d7d20_1715,11748.930983365211
000d7d20_1716,11748.93194101646
000d7d20_1717,11748.910141120661
000d7d20_1718,11748.89763676592
000d7d20_1719,11748.830073800373
000d7d20_1720,11748.854769016129
000d7d20_1721,11748.808357494992
000d7d20_1722,11748.817094859049
000d7d20_1723,11748.821976527961
000d7d20_1724,11748.855715194506
000d7d20_1725,11748.835288436554
000d7d20_1726,11748.821326945172
000d7d20_1727,11748.76217641864
000d7d20_1728,11748.822587062226
000d7d20_1729,11748.792329328124
000d7d20_1730,11748.797238017392
000d7d20_1731,11748.767143069095
000d7d20_1732,11748.687361870969
000d7d20_1733,11748.817713168257
000d7d20_1734,11748.776221635322
000d7d20_1735,11748.678852733694
000d7d20_1736,11748.779606726472
000d7d20_1737,11748.71440651258
000d7d20_1738,11748.746657337459
000d7d20_1739,11748.731059905032
000d7d20_1740,11748.707739660871
000d7d20_1741,11748.680823932882
000d7d20_1742,11748.677188348694
000d7d20_1743,11748.691322135144
000d7d20_1744,11748.677384701175
000d7d20_1745,11748.743196193325
000d7d20_1746,11748.664914536233
000d7d20_1747,11748.661415709976
000d7d20_1748,11748.682179388468
000d7d20_1749,11748.7265173289
000d7d20_1750,11748.633688668602
000d7d20_1751,11748.634042436235
000d7d20_1752,11748.71775468012
000d7d20_1753,11748.635381556851
000d7d20_1754,11748.645635484567
000d7d20_1755,11748.73389243196
000d7d20_1756,11748.655441478102
000d7d20_1757,11748.64277848259
000d7d20_1758,11748.666395759237
000d7d20_1759,11748.764773819928
000d7d20_1760,11748.757758157877
000d7d20_1761,11748.633746240535
000d7d20_1762,11748.692384938613
000d7d20_1763,11748.716635252309
000d7d20_1764,11748.727895076894
000d7d20_1765,11748.658378894928
000d7d20_1766,11748.771258838819
000d7d20_1767,11748.699833418526
000d7d20_1768,11748.732134601463
000d7d20_1769,11748.79992094896
000d7d20_1770,11748.798706165577
000d7d20_1771,11748.74121063998
000d7d20_1772,11748.756069223913
000d7d20_1773,11748.777386420561
000d7d20_1774,11748.753077296044
000d7d20_1775,11748.803945465994
000d7d20_1776,11748.787482679785
000d7d20_1777,11748.697472686152
000d7d20_1778,11748.69708804185
000d7d20_1779,11748.74444253771
000d7d20_1780,11748.778081660415
000d7d20_1781,11748.793478221785
000d7d20_1782,11748.853994572832
000d7d20_1783,11748.847562585128
000d7d20_1784,11748.8570991828
000d7d20_1785,11748.864449060246
000d7d20_1786,11748.889064374993
000d7d20_1787,11748.832251948199
000d7d20_1788,11748.828361614007
000d7d20_1789,11748.869175356334
000d7d20_1790,11748.881252076402
000d7d20_1791,11748.831310081414
000d7d20_1792,11748.785660057529
000d7d20_1793,11748.76620540894
000d7d20_1794,11748.826716555946
000d7d20_1795,11748.825029425052
000d7d20_1796,11748.799061958405
000d7d20_1797,11748.791849900555
000d7d20_1798,11748.717480395471
000d7d20_1799,11748.711466798948
000d7d20_1800,11748.653296630857
000d7d20_1801,11748.60196963515
000d7d20_1802,11748.514769175083
000d7d20_1803,11748.459645293595
000d7d20_1804,11748.463071522292
000d7d20_1805,11748.44802325718
000d7d20_1806,11748.430616425185
000d7d20_1807,11748.499169439825
000d7d20_1808,11748.411909353403
000d7d20_1809,11748.419071265787
000d7d20_1810,11748.411379701049
000d7d20_1811,11748.360129877481
000d7d20_1812,11748.379212457738
000d7d20_1813,11748.384374113988
000d7d20_1814,11748.441574874581
000d7d20_1815,11748.368691499767
000d7d20_1816,11748.340538237666
000d7d20_1817,11748.348279320999
000d7d20_1818,11748.328972373776
000d7d20_1819,11748.315693921964
000d7d20_1820,11748.31519028223
000d7d20_1821,11748.393429914766
000d7d20_1822,11748.403235615988
000d7d20_1823,11748.408643785966
000d7d20_1824,11748.422538896692
000d7d20_1825,11748.353984892323
000d7d20_1826,11748.394914567605
000d7d20_1827,11748.40547813492
000d7d20_1828,11748.434023987495
000d7d20_1829,11748.376150264367
000d7d20_1830,11748.434972004066
000d7d20_1831,11748.43350884302
000d7d20_1832,11748.384892533571
000d7d20_1833,11748.403285442573
000d7d20_1834,11748.414156832565
000d7d20_1835,11748.464434877236
000d7d20_1836,11748.492730339049
000d7d20_1837,11748.455185621817
000d7d20_1838,11748.510154757412
000d7d20_1839,11748.539380192711
000d7d20_1840,11748.421158573992
000d7d20_1841,11748.554304560592
000d7d20_1842,11748.52275437492
000d7d20_1843,11748.486968580928
000d7d20_1844,11748.45487774683
000d7d20_1845,11748.490662063978
000d7d20_1846,11748.46242849142
000d7d20_1847,11748.50054988192
000d7d20_1848,11748.48566384907
000d7d20_1849,11748.412033288108
000d7d20_1850,11748.501410320936
000d7d20_1851,11748.47731632736
000d7d20_1852,11748.519942803863
000d7d20_1853,11748.554347362857
000d7d20_1854,11748.598458139235
000d7d20_1855,11748.606087976385
000d7d20_1856,11748.655746572804
000d7d20_1857,11748.665570898904
000d7d20_1858,11748.643287097684
000d7d20_1859,11748.685998909252
000d7d20_1860,11748.657414685691
000d7d20_1861,11748.646691430713
000d7d20_1862,11748.65291957314
000d7d20_1863,11748.649210124835
000d7d20_1864,11748.657606596158
000d7d20_1865,11748.66013145836
000d7d20_1866,11748.665919862262
000d7d20_1867,11748.74304474516
000d7d20_1868,11748.712379892126
000d7d20_1869,11748.703479865537
000d7d20_1870,11748.730551661907
000d7d20_1871,11748.640124651214
000d7d20_1872,11748.741851693
000d7d20_1873,11748.720789761392
000d7d20_1874,11748.719954731445
000d7d20_1875,11748.561314667313
000d7d20_1876,11748.66741272565
000d7d20_1877,11748.668029462155
000d7d20_1878,11748.65924118759
000d7d20_1879,11748.610613161807
000d7d20_1880,11748.597065776119
000d7d20_1881,11748.5353328904
000d7d20_1882,11748.547033407473
000d7d20_1883,11748.58975963236
000d7d20_1884,11748.59008311835
000d7d20_1885,11748.572069697717
000d7d20_1886,11748.559564755009
000d7d20_1887,11748.494784808518
000d7d20_1888,11748.452935297042
000d7d20_1889,11748.551864423545
000d7d20_1890,11748.511182885917
000d7d20_1891,11748.523836573164
000d7d20_1892,11748.381514525527
000d7d20_1893,11748.470577871407
000d7d20_1894,11748.355101815387
000d7d20_1895,11748.318009057803
000d7d20_1896,11748.406664309561
000d7d20_1897,11748.404431178289
000d7d20_1898,11748.406366149353
000d7d20_1899,11748.389691270504
000d7d20_1900,11748.39587792358
000d7d20_1901,11748.398387755755
000d7d20_1902,11748.362455975664
000d7d20_1903,11748.403048993472
000d7d20_1904,11748.419142201843
000d7d20_1905,11748.431266703907
000d7d20_1906,11748.411860089389
000d7d20_1907,11748.439266648744
000d7d20_1908,11748.408828295418
000d7d20_1909,11748.386477898033
000d7d20_1910,11748.350280961055
000d7d20_1911,11748.390580386205
000d7d20_1912,11748.384212044046
000d7d20_1913,11748.37737253527
000d7d20_1914,11748.40263392519
000d7d20_1915,11748.405455311968
000d7d20_1916,11748.410839090226
000d7d20_1917,11748.460793749264
000d7d20_1918,11748.463716317865
000d7d20_1919,11748.421128948105
000d7d20_1920,11748.4403102279
000d7d20_1921,11748.366077273868
000d7d20_1922,11748.315469566216
000d7d20_1923,11748.269294947948
000d7d20_1924,11748.28867471618
000d7d20_1925,11748.318791191301
000d7d20_1926,11748.315202219837
000d7d20_1927,11748.308003094286
000d7d20_1928,11748.29772245487
000d7d20_1929,11748.30422775708
000d7d20_1930,11748.286482890338
000d7d20_1931,11748.289104006139
000d7d20_1932,11748.230626427767
000d7d20_1933,11748.259019753004
000d7d20_1934,11748.211206040407
000d7d20_1935,11748.351113026063
000d7d20_1936,11748.432569857616
000d7d20_1937,11748.507163508937
000d7d20_1938,11748.558657590349
000d7d20_1939,11748.536972060994
000d7d20_1940,11748.567744886526
000d7d20_1941,11748.550733797976
000d7d20_1942,11748.681994648383
000d7d20_1943,11748.732682524416
000d7d20_1944,11748.828667285119
000d7d20_1945,11748.718598460375
000d7d20_1946,11748.728745083756
000d7d20_1947,11748.864667235604
000d7d20_1948,11748.962491009292
000d7d20_1949,11748.966363449314
000d7d20_1950,11749.023581965223
000d7d20_1951,11749.105678000484
000d7d20_1952,11749.200464054617
000d7d20_1953,11749.383984786971
000d7d20_1954,11749.417793762805
000d7d20_1955,11749.401212428602
000d7d20_1956,11749.492936195147
000d7d20_1957,11749.464029049177
000d7d20_1958,11749.218680443246
000d7d20_1959,11749.220776503496
000d7d20_1960,11749.18492256815
000d7d20_1961,11748.827423309245
000d7d20_1962,11748.737678318845
000d7d20_1963,11748.64632009096
000d7d20_1964,11748.585713634455
000d7d20_1965,11748.55369072252
000d7d20_1966,11748.539895094804
000d7d20_1967,11748.458744932774
000d7d20_1968,11748.5307586799
000d7d20_1969,11748.4885764734
000d7d20_1970,11748.491462363474
000d7d20_1971,11748.478822673267
000d7d20_1972,11748.433063287634
000d7d20_1973,11748.339769776023
000d7d20_1974,11748.435407787034
000d7d20_1975,11748.336421353426
000d7d20_1976,11748.36633253681
000d7d20_1977,11748.415406233653
000d7d20_1978,11748.2732545627
000d7d20_1979,11748.36615454776
000d7d20_1980,11748.29338952439
000d7d20_1981,11748.238163567867
000d7d20_1982,11748.23111339479
000d7d20_1983,11748.207995395698
000d7d20_1984,11748.223075788519
000d7d20_1985,11748.179795270757
000d7d20_1986,11748.11964848985
000d7d20_1987,11748.113980614828
000d7d20_1988,11748.208665002967
000d7d20_1989,11748.211402976825
000d7d20_1990,11748.203888043065
000d7d20_1991,11748.166336540991
000d7d20_1992,11748.180979398978
000d7d20_1993,11748.158160956187
000d7d20_1994,11748.151382826913
000d7d20_1995,11748.139302494135
000d7d20_1996,11748.141915452015
000d7d20_1997,11748.109584753625
000d7d20_1998,11748.11583588757
000d7d20_1999,11748.092680366672
000d7d20_2000,11748.084884116684
000d7d20_2001,11748.059182119276
000d7d20_2002,11748.083987229578
000d7d20_2003,11748.05766488616
000d7d20_2004,11748.069308369699
000d7d20_2005,11748.084100327269
000d7d20_2006,11748.069025379904
000d7d20_2007,11748.120232537029
000d7d20_2008,11748.181297927846
000d7d20_2009,11748.23994422005
000d7d20_2010,11748.293244166925
000d7d20_2011,11748.32975097273
000d7d20_2012,11748.417162115957
000d7d20_2013,11748.397185292144
000d7d20_2014,11748.533088553086
000d7d20_2015,11748.437137621706
000d7d20_2016,11748.530246275961
000d7d20_2017,11748.6817377705
000d7d20_2018,11748.717535148357
000d7d20_2019,11748.776112860349
000d7d20_2020,11748.74251858391
000d7d20_2021,11748.803531670677
000d7d20_2022,11748.822111471683
000d7d20_2023,11748.792579745073
000d7d20_2024,11748.865629539494
000d7d20_2025,11748.851579399294
000d7d20_2026,11748.84770533759
000d7d20_2027,11748.843748639829
000d7d20_2028,11748.862654186029
000d7d20_2029,11748.930140551643
000d7d20_2030,11748.842046802423
000d7d20_2031,11748.794063624686
000d7d20_2032,11748.787709034103
000d7d20_2033,11748.891057282552
000d7d20_2034,11748.95910468194
000d7d20_2035,11748.984292137839
000d7d20_2036,11748.926577210037
000d7d20_2037,11748.997156797255
000d7d20_2038,11749.006265031418
000d7d20_2039,11749.02776604285
000d7d20_2040,11749.12294928203
000d7d20_2041,11748.972864347115
000d7d20_2042,11749.127378195111
000d7d20_2043,11749.12765939557
000d7d20_2044,11749.141907035295
000d7d20_2045,11749.02420444879
000d7d20_2046,11749.028024878935
000d7d20_2047,11749.02164187745
000d7d20_2048,11749.001296508779
000d7d20_2049,11748.972928937657
000d7d20_2050,11749.00805513201
000d7d20_2051,11748.915397199911
000d7d20_2052,11748.964707739266
000d7d20_2053,11749.01720984307
000d7d20_2054,11749.10475828138
000d7d20_2055,11749.025985816133
000d7d20_2056,11749.102493220515
000d7d20_2057,11749.123115100378
000d7d20_2058,11748.979867579419
000d7d20_2059,11748.962054297503
000d7d20_2060,11748.87244595022
000d7d20_2061,11748.844629752315
000d7d20_2062,11748.847524411707
000d7d20_2063,11748.82410468259
000d7d20_2064,11748.993026513961
000d7d20_2065,11749.034107209101
000d7d20_2066,11748.807263095712
000d7d20_2067,11748.808207987942
000d7d20_2068,11748.853852216182
000d7d20_2069,11749.022698630895
000d7d20_2070,11748.826724390012
000d7d20_2071,11748.898729575434
000d7d20_2072,11748.847487143124
000d7d20_2073,11748.883395583576
000d7d20_2074,11748.89077479233
000d7d20_2075,11748.934648870123
000d7d20_2076,11748.906295551347
000d7d20_2077,11749.042345392681
000d7d20_2078,11749.034283863224
000d7d20_2079,11749.024103383721
000d7d20_2080,11749.12781162786
000d7d20_2081,11749.09521239675
000d7d20_2082,11749.135709855824
000d7d20_2083,11749.072801444563
000d7d20_2084,11749.11312461459
000d7d20_2085,11749.058748830568
000d7d20_2086,11749.055627704589
000d7d20_2087,11749.056127541933
000d7d20_2088,11749.119362454105
000d7d20_2089,11749.036549425648
000d7d20_2090,11749.14425606735
000d7d20_2091,11749.099029406414
000d7d20_2092,11749.27345790165
000d7d20_2093,11749.17086622496
000d7d20_2094,11749.164453970232
000d7d20_2095,11749.174002993483
000d7d20_2096,11749.312979937851
000d7d20_2097,11749.18113608335
000d7d20_2098,11749.161433601283
000d7d20_2099,11749.29524047785
000d7d20_2100,11749.306857756648
000d7d20_2101,11749.301010432036
000d7d20_2102,11749.288867510844
000d7d20_2103,11749.280184093204
000d7d20_2104,11749.250582945699
000d7d20_2105,11749.056996512509
000d7d20_2106,11749.040982436203
000d7d20_2107,11749.02564192341
000d7d20_2108,11748.991492629528
000d7d20_2109,11749.012736818175
000d7d20_2110,11748.993440198117
000d7d20_2111,11749.016834871822
000d7d20_2112,11749.129060977493
000d7d20_2113,11748.996275908992
000d7d20_2114,11749.05819535294
000d7d20_2115,11749.27267664504
000d7d20_2116,11749.046838563083
000d7d20_2117,11749.048787577221
000d7d20_2118,11749.051829150294
000d7d20_2119,11749.034536350902
000d7d20_2120,11749.052302013839
000d7d20_2121,11749.05820342478
000d7d20_2122,11749.079584976069
000d7d20_2123,11749.18622705403
000d7d20_2124,11749.337574147086
000d7d20_2125,11749.265444862001
000d7d20_2126,11749.188772884423
000d7d20_2127,11749.238380144387
000d7d20_2128,11749.22520308489
000d7d20_2129,11749.211517914891
000d7d20_2130,11749.437908628623
000d7d20_2131,11749.515777017697
000d7d20_2132,11749.480256010378
000d7d20_2133,11749.316225086333
000d7d20_2134,11749.54454024219
000d7d20_2135,11749.556992865108
000d7d20_2136,11749.375057257635
000d7d20_2137,11749.367501553632
000d7d20_2138,11749.372879301958
000d7d20_2139,11749.373064896705
000d7d20_2140,11749.337419649326
000d7d20_2141,11749.33672882611
000d7d20_2142,11749.343584471222
000d7d20_2143,11749.363246582421
000d7d20_2144,11749.276330790944
000d7d20_2145,11749.533731456566
000d7d20_2146,11749.258641876138
000d7d20_2147,11749.203610169305
000d7d20_2148,11749.450378607013
000d7d20_2149,11749.186886416122
000d7d20_2150,11749.309168318716
000d7d20_2151,11749.248607215219
000d7d20_2152,11749.410936321114
000d7d20_2153,11749.398515578436
000d7d20_2154,11749.389222726733
000d7d20_2155,11749.383718471543
000d7d20_2156,11749.36538119344
000d7d20_2157,11749.089840523708
000d7d20_2158,11749.090762258522
000d7d20_2159,11749.328437112963
000d7d20_2160,11749.373585888832
000d7d20_2161,11749.16676311541
000d7d20_2162,11749.334870090164
000d7d20_2163,11749.358319507695
000d7d20_2164,11749.332660067123
000d7d20_2165,11749.186758373722
000d7d20_2166,11749.102294565684
000d7d20_2167,11749.381621556873
000d7d20_2168,11749.370804066017
000d7d20_2169,11749.370908028188
000d7d20_2170,11749.386568363414
000d7d20_2171,11749.414591973653
000d7d20_2172,11749.251384664443
000d7d20_2173,11749.40057839972
000d7d20_2174,11749.204944937994
000d7d20_2175,11749.384492681871
000d7d20_2176,11749.363488303758
000d7d20_2177,11749.339946931857
000d7d20_2178,11749.330817451479
000d7d20_2179,11749.282874869026
000d7d20_2180,11749.277587789571
000d7d20_2181,11749.000338896627
000d7d20_2182,11749.249986427936
000d7d20_2183,11749.241982284995
000d7d20_2184,11748.975403869616
000d7d20_2185,11749.178387550877
000d7d20_2186,11749.214579871179
000d7d20_2187,11748.951853943609
000d7d20_2188,11748.98324500581
000d7d20_2189,11748.980216974789
000d7d20_2190,11748.97041503253
000d7d20_2191,11749.120719626262
000d7d20_2192,11748.967465102598
000d7d20_2193,11748.86163906326
000d7d20_2194,11749.070590635476
000d7d20_2195,11748.912924502423
000d7d20_2196,11749.085383144577
000d7d20_2197,11749.084116009133
000d7d20_2198,11748.848791417597
000d7d20_2199,11748.814845291563
000d7d20_2200,11748.8271761689
000d7d20_2201,11748.810083551554
000d7d20_2202,11748.975724760432
000d7d20_2203,11748.745280146333
000d7d20_2204,11748.844671270484
000d7d20_2205,11748.989397859019
000d7d20_2206,11748.733891389858
000d7d20_2207,11748.936246516712
000d7d20_2208,11748.686176465117
000d7d20_2209,11749.07678352355
000d7d20_2210,11749.0907326845
000d7d20_2211,11749.061950763864
000d7d20_2212,11749.049724923741
000d7d20_2213,11748.730708437328
000d7d20_2214,11748.98276466003
000d7d20_2215,11749.02151803494
000d7d20_2216,11749.012847813807
000d7d20_2217,11749.01089925814
000d7d20_2218,11748.867493932163
000d7d20_2219,11748.994164807973
000d7d20_2220,11748.988655912559
000d7d20_2221,11748.991651255395
000d7d20_2222,11749.00435868991
000d7d20_2223,11749.001429717608
000d7d20_2224,11748.998466249037
000d7d20_2225,11748.990168725775
000d7d20_2226,11749.001759553566
000d7d20_2227,11748.751115320498
000d7d20_2228,11748.749663084229
000d7d20_2229,11748.993356186173
000d7d20_2230,11749.000000979759
000d7d20_2231,11748.988634358891
000d7d20_2232,11748.980941647598
000d7d20_2233,11748.988751684166
000d7d20_2234,11749.000293201962
000d7d20_2235,11749.01509396598
000d7d20_2236,11749.029169341382
000d7d20_2237,11749.008245815952
000d7d20_2238,11749.013084257022
000d7d20_2239,11749.01556347181
000d7d20_2240,11749.038636404366
000d7d20_2241,11749.067435824574
000d7d20_2242,11749.062555639723
000d7d20_2243,11748.862960040562
000d7d20_2244,11749.148679415968
000d7d20_2245,11749.157479176314
000d7d20_2246,11748.896374173226
000d7d20_2247,11748.974631088688
000d7d20_2248,11749.198162252816
000d7d20_2249,11749.197336292622
000d7d20_2250,11748.95239623317
000d7d20_2251,11748.95092162574
000d7d20_2252,11749.250949737465
000d7d20_2253,11749.061655876032
000d7d20_2254,11749.079590643743
000d7d20_2255,11749.067576934292
000d7d20_2256,11749.067784890467
000d7d20_2257,11749.073432841651
000d7d20_2258,11749.073463155939
000d7d20_2259,11749.047896837867
000d7d20_2260,11749.045418019
000d7d20_2261,11749.032078140508
000d7d20_2262,11749.030494055738
000d7d20_2263,11749.045279656064
000d7d20_2264,11749.250066650338
000d7d20_2265,11749.051703389849
000d7d20_2266,11749.039789491319
000d7d20_2267,11749.297073044016
000d7d20_2268,11749.301109539425
000d7d20_2269,11749.082818612269
000d7d20_2270,11749.136542351716
000d7d20_2271,11749.326015596424
000d7d20_2272,11749.339994282445
000d7d20_2273,11749.328645164973
000d7d20_2274,11749.347821491854
000d7d20_2275,11749.305320376241
000d7d20_2276,11749.317319768634
000d7d20_2277,11749.310315669258
000d7d20_2278,11749.292123614068
000d7d20_2279,11749.244990012045
000d7d20_2280,11749.220856542917
000d7d20_2281,11749.180486129444
000d7d20_2282,11749.026015970363
000d7d20_2283,11749.126026973638
000d7d20_2284,11749.102086809991
000d7d20_2285,11748.904799594759
000d7d20_2286,11748.912964044272
000d7d20_2287,11748.86965364834
000d7d20_2288,11748.849197718115
000d7d20_2289,11748.787463832276
000d7d20_2290,11748.749427535726
000d7d20_2291,11748.735214590022
000d7d20_2292,11748.749826691257
000d7d20_2293,11748.714600970145
000d7d20_2294,11748.719849590301
000d7d20_2295,11748.828386247165
000d7d20_2296,11748.837010542524
000d7d20_2297,11748.765213113256
000d7d20_2298,11748.892452022754
000d7d20_2299,11748.921519243606
000d7d20_2300,11748.952475642847
000d7d20_2301,11749.03170445857
000d7d20_2302,11748.934510150142
000d7d20_2303,11748.913737138162
000d7d20_2304,11748.864793615392
000d7d20_2305,11748.873903269729
000d7d20_2306,11748.836797400863
000d7d20_2307,11748.841918924987
000d7d20_2308,11748.788863050406
000d7d20_2309,11748.742105481004
000d7d20_2310,11748.696988081008
000d7d20_2311,11748.635602623419
000d7d20_2312,11748.795104737936
000d7d20_2313,11748.788964702964
000d7d20_2314,11748.779259506178
000d7d20_2315,11748.736929809262
000d7d20_2316,11748.70091829628
000d7d20_2317,11748.701944707727
000d7d20_2318,11748.659941541773
000d7d20_2319,11748.655560818948
000d7d20_2320,11748.667571662889
000d7d20_2321,11748.615227343405
000d7d20_2322,11748.618459622678
000d7d20_2323,11748.551847141787
000d7d20_2324,11748.525630346001
000d7d20_2325,11748.51789606569
000d7d20_2326,11748.665968054105
000d7d20_2327,11748.692787793485
000d7d20_2328,11748.92061701653
000d7d20_2329,11749.17054623967
000d7d20_2330,11748.98705635712
000d7d20_2331,11749.244189811454
000d7d20_2332,11749.228370762834
000d7d20_2333,11749.238318110452
000d7d20_2334,11749.23788718404
000d7d20_2335,11749.316870403558
000d7d20_2336,11749.216922580394
000d7d20_2337,11749.207296094373
000d7d20_2338,11749.257088877097
000d7d20_2339,11749.159669212097
000d7d20_2340,11749.243066414085
000d7d20_2341,11749.170190872266
000d7d20_2342,11749.220572439546
000d7d20_2343,11749.189833794295
000d7d20_2344,11749.084972023698
000d7d20_2345,11749.086441270343
000d7d20_2346,11749.043926596823
000d7d20_2347,11749.139691686993
000d7d20_2348,11749.119944546737
000d7d20_2349,11748.890275206411
000d7d20_2350,11748.86908781265
000d7d20_2351,11748.767117197418
000d7d20_2352,11748.69015881907
000d7d20_2353,11748.699932909622
000d7d20_2354,11748.682506707897
000d7d20_2355,11748.699600839096
000d7d20_2356,11748.600255514784
000d7d20_2357,11748.569297542868
000d7d20_2358,11748.578649479969
000d7d20_2359,11748.597416529352
000d7d20_2360,11748.55572573016
000d7d20_2361,11748.593740508228
000d7d20_2362,11748.502592716575
000d7d20_2363,11748.444830895143
000d7d20_2364,11748.486102115246
000d7d20_2365,11748.384787403904
000d7d20_2366,11748.142020845879
000d7d20_2367,11748.090533340534
000d7d20_2368,11748.086010341747
000d7d20_2369,11747.937952049266
000d7d20_2370,11747.891254489217
000d7d20_2371,11747.83503747172
000d7d20_2372,11747.796467363329
000d7d20_2373,11747.762314479238
000d7d20_2374,11747.67638438381
000d7d20_2375,11747.617408229631
000d7d20_2376,11747.58008545777
000d7d20_2377,11747.60110341201
000d7d20_2378,11747.515349795856
000d7d20_2379,11747.279000012399
000d7d20_2380,11747.235482712224
000d7d20_2381,11747.247395746643
000d7d20_2382,11747.143514115522
000d7d20_2383,11747.033125051461
000d7d20_2384,11747.03126568365
000d7d20_2385,11747.107640452428
000d7d20_2386,11747.091302350122
000d7d20_2387,11747.191544176534
000d7d20_2388,11747.213262012014
000d7d20_2389,11747.183842844917
000d7d20_2390,11747.238219986983
000d7d20_2391,11747.100450215155
000d7d20_2392,11747.113914985352
000d7d20_2393,11747.137851120853
000d7d20_2394,11747.212337485222
000d7d20_2395,11747.145283333784
000d7d20_2396,11747.134321447847
000d7d20_2397,11747.362592534384
000d7d20_2398,11747.295592317867
000d7d20_2399,11747.22037322448
000d7d20_2400,11747.367037208762
000d7d20_2401,11747.213801563445
000d7d20_2402,11747.296142596198
000d7d20_2403,11747.237689295234
000d7d20_2404,11747.201653363936
000d7d20_2405,11747.266875823587
000d7d20_2406,11747.191282058862
000d7d20_2407,11747.216188519118
000d7d20_2408,11747.141671738049
000d7d20_2409,11747.19637746841
000d7d20_2410,11747.098030493291
000d7d20_2411,11747.178262452133
000d7d20_2412,11747.116574687221
000d7d20_2413,11747.16373685167
000d7d20_2414,11747.105430684884
000d7d20_2415,11747.166305728146
000d7d20_2416,11747.16223740242
000d7d20_2417,11747.103817395915
000d7d20_2418,11747.098016922126
000d7d20_2419,11747.055088266217
000d7d20_2420,11747.055051916655
000d7d20_2421,11746.944418646082
000d7d20_2422,11746.861194586792
000d7d20_2423,11746.885687757198
000d7d20_2424,11746.876670407624
000d7d20_2425,11746.786144693935
000d7d20_2426,11746.906962100868
000d7d20_2427,11746.850408601016
000d7d20_2428,11746.779108222243
000d7d20_2429,11746.808336954326
000d7d20_2430,11746.660790126612
000d7d20_2431,11746.747530539113
000d7d20_2432,11746.73394076788
000d7d20_2433,11746.655466304936
000d7d20_2434,11746.662723178875
000d7d20_2435,11746.633140740734
000d7d20_2436,11746.609188171562
000d7d20_2437,11746.625399321401
000d7d20_2438,11746.608872596793
000d7d20_2439,11746.588046681007
000d7d20_2440,11746.65827631428
000d7d20_2441,11746.492203423186
000d7d20_2442,11746.505189875967
000d7d20_2443,11746.478523925927
000d7d20_2444,11746.411148166315
000d7d20_2445,11746.450466684904
000d7d20_2446,11746.439499023392
000d7d20_2447,11746.418078086237
000d7d20_2448,11746.393541009
000d7d20_2449,11746.334321610722
000d7d20_2450,11746.338894287552
000d7d20_2451,11746.267094819408
000d7d20_2452,11746.262332813096
000d7d20_2453,11746.24741789804
000d7d20_2454,11746.20195544901
000d7d20_2455,11746.203586056014
000d7d20_2456,11746.143705310307
000d7d20_2457,11746.110243119128
000d7d20_2458,11746.117861770887
000d7d20_2459,11746.143412139887
000d7d20_2460,11746.061659797637
000d7d20_2461,11745.992048808934
000d7d20_2462,11746.018770053643
000d7d20_2463,11745.960088699041
000d7d20_2464,11745.87574662879
000d7d20_2465,11745.848905841514
000d7d20_2466,11745.887264863604
000d7d20_2467,11745.797839812787
000d7d20_2468,11745.749196756331
000d7d20_2469,11745.785704166274
000d7d20_2470,11745.759214249438
000d7d20_2471,11745.75483826047
000d7d20_2472,11745.667255049815
000d7d20_2473,11745.718128562974
000d7d20_2474,11745.616802232043
000d7d20_2475,11745.573930119415
000d7d20_2476,11745.597328541033
000d7d20_2477,11745.73575830687
000d7d20_2478,11745.699469825417
000d7d20_2479,11745.669849202688
000d7d20_2480,11745.62794347752
000d7d20_2481,11745.445959312365
000d7d20_2482,11745.4592109142
000d7d20_2483,11745.508484537695
000d7d20_2484,11745.523989360736
000d7d20_2485,11745.444361496819
000d7d20_2486,11745.367047644131
000d7d20_2487,11745.51099837119
000d7d20_2488,11745.338025027151
000d7d20_2489,11745.314186275136
000d7d20_2490,11745.323966358885
000d7d20_2491,11745.363055181608
000d7d20_2492,11745.29248753214
000d7d20_2493,11745.281308778474
000d7d20_2494,11745.288567872018
000d7d20_2495,11745.26791349666
000d7d20_2496,11745.276208284125
000d7d20_2497,11745.271295661641
000d7d20_2498,11745.263259929412
000d7d20_2499,11745.40247069906
000d7d20_2500,11745.39629396124
000d7d20_2501,11745.379759462547
000d7d20_2502,11745.37299048519
000d7d20_2503,11745.259296929193
000d7d20_2504,11745.279868243171
000d7d20_2505,11745.316563263088
000d7d20_2506,11745.184475162187
000d7d20_2507,11745.190733707466
000d7d20_2508,11745.170021066326
000d7d20_2509,11745.17588715407
000d7d20_2510,11745.098948614177
000d7d20_2511,11745.15458109885
000d7d20_2512,11745.161222250466
000d7d20_2513,11745.184136438324
000d7d20_2514,11745.222456247695
000d7d20_2515,11745.217793580345
000d7d20_2516,11745.12348652667
000d7d20_2517,11745.19134698654
000d7d20_2518,11745.128236275374
000d7d20_2519,11745.136678611092
000d7d20_2520,11745.173203113494
000d7d20_2521,11745.14416245712
000d7d20_2522,11745.097351764489
000d7d20_2523,11745.04847502384
000d7d20_2524,11745.114197881834
000d7d20_2525,11745.043191115115
000d7d20_2526,11745.107742222846
000d7d20_2527,11744.963918653171
000d7d20_2528,11744.961989221096
000d7d20_2529,11745.111086852463
000d7d20_2530,11745.116090002826
000d7d20_2531,11744.960390911328
000d7d20_2532,11744.963416931178
000d7d20_2533,11745.102879778835
000d7d20_2534,11744.977825201458
000d7d20_2535,11745.096608047641
000d7d20_2536,11745.089160643141
000d7d20_2537,11745.083178209508
000d7d20_2538,11745.063370118674
000d7d20_2539,11745.067264828987
000d7d20_2540,11745.08359999521
000d7d20_2541,11745.07749654876
000d7d20_2542,11744.97494567505
000d7d20_2543,11744.991104142395
000d7d20_2544,11745.065065314617
000d7d20_2545,11745.052068520923
000d7d20_2546,11745.048682238346
000d7d20_2547,11744.914846023428
000d7d20_2548,11744.881314830633
000d7d20_2549,11744.91052664533
000d7d20_2550,11744.932210627436
000d7d20_2551,11744.932687064837
000d7d20_2552,11744.933486646667
000d7d20_2553,11744.981518935312
000d7d20_2554,11744.915629792496
000d7d20_2555,11744.926470115608
000d7d20_2556,11745.04031533176
000d7d20_2557,11744.865426178649
000d7d20_2558,11744.875625948513
000d7d20_2559,11744.85409581228
000d7d20_2560,11744.874112192794
000d7d20_2561,11744.859907292213
000d7d20_2562,11744.924562311993
000d7d20_2563,11745.015947063232
000d7d20_2564,11745.139929321365
000d7d20_2565,11745.169409949034
000d7d20_2566,11745.124498925548
000d7d20_2567,11745.174779735216
000d7d20_2568,11745.205258390823
000d7d20_2569,11745.142134486232
000d7d20_2570,11745.342289693664
000d7d20_2571,11745.154789397027
000d7d20_2572,11745.41233283803
000d7d20_2573,11745.40092258155
000d7d20_2574,11745.411962227703
000d7d20_2575,11745.399135726133
000d7d20_2576,11745.417733717686
000d7d20_2577,11745.416917318966
000d7d20_2578,11745.435874984176
000d7d20_2579,11745.439719273794
000d7d20_2580,11745.429070673234
000d7d20_2581,11745.441713012802
000d7d20_2582,11745.404884046671
000d7d20_2583,11745.423762893959
000d7d20_2584,11745.447220639346
000d7d20_2585,11745.422333828
000d7d20_2586,11745.455057649382
000d7d20_2587,11745.476233131005
000d7d20_2588,11745.337860539134
000d7d20_2589,11745.439132784106
000d7d20_2590,11745.44586937447
000d7d20_2591,11745.431456820264
000d7d20_2592,11745.223004585341
000d7d20_2593,11745.420754997449
000d7d20_2594,11745.27659275824
000d7d20_2595,11745.39327206272
000d7d20_2596,11745.25441504392
000d7d20_2597,11745.304587545996
000d7d20_2598,11745.19121603628
000d7d20_2599,11745.156253115214
000d7d20_2600,11745.137191530303
000d7d20_2601,11745.160681143556
000d7d20_2602,11745.123827590147
000d7d20_2603,11745.118043227016
000d7d20_2604,11745.154741180248
000d7d20_2605,11745.256153586472
000d7d20_2606,11745.075831301187
000d7d20_2607,11745.124212760611
000d7d20_2608,11745.09070553835
000d7d20_2609,11745.209763655552
000d7d20_2610,11745.094277360799
000d7d20_2611,11745.087296005531
000d7d20_2612,11745.291969010163
000d7d20_2613,11745.08662341327
000d7d20_2614,11745.30224937368
000d7d20_2615,11745.16065784833
000d7d20_2616,11745.313826691388
000d7d20_2617,11745.178429094023
000d7d20_2618,11745.153686140351
000d7d20_2619,11745.146344770701
000d7d20_2620,11745.058926847041
000d7d20_2621,11745.149365930349
000d7d20_2622,11745.122897849498
000d7d20_2623,11745.144268804313
000d7d20_2624,11745.20860863435
000d7d20_2625,11745.154832305074
000d7d20_2626,11745.274397223464
000d7d20_2627,11745.116070125456
000d7d20_2628,11745.109828487624
000d7d20_2629,11745.222339656819
000d7d20_2630,11745.069864746436
000d7d20_2631,11745.192775492096
000d7d20_2632,11745.108643521395
000d7d20_2633,11745.198949377405
000d7d20_2634,11745.006998110774
000d7d20_2635,11745.201394901283
000d7d20_2636,11745.207447232842
000d7d20_2637,11745.0798853921
000d7d20_2638,11745.066017462254
000d7d20_2639,11745.2002425275
000d7d20_2640,11745.212808146747
000d7d20_2641,11745.195234918185
000d7d20_2642,11745.202164755668
000d7d20_2643,11745.212125289
000d7d20_2644,11745.007917569765
000d7d20_2645,11745.021214079346
000d7d20_2646,11745.021782798367
000d7d20_2647,11745.02894374873
000d7d20_2648,11745.175510473904
000d7d20_2649,11745.090631092497
000d7d20_2650,11745.08888259794
000d7d20_2651,11745.161538385764
000d7d20_2652,11745.158764394524
000d7d20_2653,11745.097112399479
000d7d20_2654,11745.093670528417
000d7d20_2655,11745.091218066518
000d7d20_2656,11745.120620416126
000d7d20_2657,11745.097432660703
000d7d20_2658,11745.207247529423
000d7d20_2659,11745.210763382976
000d7d20_2660,11745.191338707451
000d7d20_2661,11745.428101161528
000d7d20_2662,11745.21576159483
000d7d20_2663,11745.211336319437
000d7d20_2664,11745.209561249492
000d7d20_2665,11745.344091515752
000d7d20_2666,11745.418569952772
000d7d20_2667,11745.342036147176
000d7d20_2668,11745.368254031042
000d7d20_2669,11745.266557067684
000d7d20_2670,11745.304321347658
000d7d20_2671,11745.416297394817
000d7d20_2672,11745.302389664179
000d7d20_2673,11745.4228728004
000d7d20_2674,11745.273914663678
000d7d20_2675,11745.349848100705
000d7d20_2676,11745.284180729337
000d7d20_2677,11745.294555246568
000d7d20_2678,11745.297366708746
000d7d20_2679,11745.489070976604
000d7d20_2680,11745.257391611469
000d7d20_2681,11745.267926480581
000d7d20_2682,11745.282266005264
000d7d20_2683,11745.269487435968
000d7d20_2684,11745.35612328121
000d7d20_2685,11745.384054339182
000d7d20_2686,11745.364864056579
000d7d20_2687,11745.36807561887
000d7d20_2688,11745.375863408208
000d7d20_2689,11745.339202124096
000d7d20_2690,11745.315270967914
000d7d20_2691,11745.311763126723
000d7d20_2692,11745.265538838823
000d7d20_2693,11745.487838732339
000d7d20_2694,11745.291457756877
000d7d20_2695,11745.29728760208
000d7d20_2696,11745.467751936503
000d7d20_2697,11745.260078554267
000d7d20_2698,11745.436004342304
000d7d20_2699,11745.414173119014
000d7d20_2700,11745.404999274915
000d7d20_2701,11745.421818423025
000d7d20_2702,11745.378249520112
000d7d20_2703,11745.363653813061
000d7d20_2704,11745.36305705717
000d7d20_2705,11745.179305099482
000d7d20_2706,11745.355148065575
000d7d20_2707,11745.35073909993
000d7d20_2708,11745.171590815702
000d7d20_2709,11745.356189565658
000d7d20_2710,11745.328996651275
000d7d20_2711,11745.344566355321
000d7d20_2712,11745.36683279185
000d7d20_2713,11745.481587961589
000d7d20_2714,11745.497969978343
000d7d20_2715,11745.379191248849
000d7d20_2716,11745.484701956122
000d7d20_2717,11745.490344636022
000d7d20_2718,11745.526345319618
000d7d20_2719,11745.560860656436
000d7d20_2720,11745.546135899927
000d7d20_2721,11745.559628989864
000d7d20_2722,11745.537659121972
000d7d20_2723,11745.590159166144
000d7d20_2724,11745.544244957222
000d7d20_2725,11745.729825089264
000d7d20_2726,11745.756874908007
000d7d20_2727,11745.759657691116
000d7d20_2728,11745.759188851796
000d7d20_2729,11745.609290890998
000d7d20_2730,11745.859566462172
000d7d20_2731,11745.975590412385
000d7d20_2732,11745.82551340547
000d7d20_2733,11745.818725632214
000d7d20_2734,11745.865457042142
000d7d20_2735,11745.840588914929
000d7d20_2736,11745.802802174943
000d7d20_2737,11745.809573929211
000d7d20_2738,11745.77088026119
000d7d20_2739,11745.7769577967
000d7d20_2740,11745.752347398984
000d7d20_2741,11745.789186903685
000d7d20_2742,11745.732722376933
000d7d20_2743,11745.811624813114
000d7d20_2744,11745.850696400194
000d7d20_2745,11746.010105316469
000d7d20_2746,11745.862743242478
000d7d20_2747,11745.916315821896
000d7d20_2748,11745.85106956635
000d7d20_2749,11745.934340240763
000d7d20_2750,11745.918827248364
000d7d20_2751,11745.925126884391
000d7d20_2752,11745.904836693913
000d7d20_2753,11746.084473173401
000d7d20_2754,11745.945536563166
000d7d20_2755,11746.097677289219
000d7d20_2756,11746.1073253314
000d7d20_2757,11746.085349895977
000d7d20_2758,11746.117494578117
000d7d20_2759,11746.118558537502
000d7d20_2760,11746.122992723716
000d7d20_2761,11746.129812135603
000d7d20_2762,11746.097466480418
000d7d20_2763,11746.113592765583
000d7d20_2764,11746.099282978612
000d7d20_2765,11746.064916549047
000d7d20_2766,11746.086059864223
000d7d20_2767,11745.96719695443
000d7d20_2768,11745.97011568072
000d7d20_2769,11745.9527570511
000d7d20_2770,11746.041393797635
000d7d20_2771,11746.026045772925
000d7d20_2772,11745.868847370763
000d7d20_2773,11746.092559989303
000d7d20_2774,11746.079935623564
000d7d20_2775,11745.933176706738
000d7d20_2776,11746.04116530139
000d7d20_2777,11746.012890220452
000d7d20_2778,11745.800558373623
000d7d20_2779,11746.00322980025
000d7d20_2780,11745.955932897086
000d7d20_2781,11745.822992292586
000d7d20_2782,11745.760051526197
000d7d20_2783,11745.791921553064
000d7d20_2784,11745.784533519276
000d7d20_2785,11745.688532576572
000d7d20_2786,11745.672884018095
000d7d20_2787,11745.722879856366
000d7d20_2788,11745.7638493263
000d7d20_2789,11745.65817621442
000d7d20_2790,11745.659728792922
000d7d20_2791,11745.630553568322
000d7d20_2792,11745.604118689833
000d7d20_2793,11745.602177871417
000d7d20_2794,11745.595536054023
000d7d20_2795,11745.621588320955
000d7d20_2796,11745.628112183676
000d7d20_2797,11745.575152479789
000d7d20_2798,11745.568167289668
000d7d20_2799,11745.684255448095
000d7d20_2800,11745.562419793598
000d7d20_2801,11745.606466372717
000d7d20_2802,11745.579939415744
000d7d20_2803,11745.58610544064
000d7d20_2804,11745.582792415493
000d7d20_2805,11745.589926029508
000d7d20_2806,11745.677270374645
000d7d20_2807,11745.580158964625
000d7d20_2808,11745.540806192974
000d7d20_2809,11745.585207825323
000d7d20_2810,11745.586623285393
000d7d20_2811,11745.5990508972
000d7d20_2812,11745.55888610322
000d7d20_2813,11745.586951721813
000d7d20_2814,11745.646831293914
000d7d20_2815,11745.660710210705
000d7d20_2816,11745.642319919403
000d7d20_2817,11745.579268744865
000d7d20_2818,11745.790051417564
000d7d20_2819,11745.758715509344
000d7d20_2820,11745.596425046193
000d7d20_2821,11745.614189785665
000d7d20_2822,11745.642336104509
000d7d20_2823,11745.682919108796
000d7d20_2824,11745.615524978957
000d7d20_2825,11745.551253986394
000d7d20_2826,11745.581124407705
000d7d20_2827,11745.587158595927
000d7d20_2828,11745.571785776929
000d7d20_2829,11745.656666198442
000d7d20_2830,11745.508001914308
000d7d20_2831,11745.541100255665
000d7d20_2832,11745.487142959086
000d7d20_2833,11745.499410814551
000d7d20_2834,11745.48585699396
000d7d20_2835,11745.510655924314
000d7d20_2836,11745.445524906154
000d7d20_2837,11745.512775539102
000d7d20_2838,11745.473387760132
000d7d20_2839,11745.638815090237
000d7d20_2840,11745.479506645757
000d7d20_2841,11745.60444870522
000d7d20_2842,11745.642272768704
000d7d20_2843,11745.445775628663
000d7d20_2844,11745.463816734584
000d7d20_2845,11745.59575669755
000d7d20_2846,11745.560163640925
000d7d20_2847,11745.52349251335
000d7d20_2848,11745.465919637541
000d7d20_2849,11745.629058437422
000d7d20_2850,11745.507642273862
000d7d20_2851,11745.476746883343
000d7d20_2852,11745.55203548022
000d7d20_2853,11745.424133283805
000d7d20_2854,11745.453130720183
000d7d20_2855,11745.43714325596
000d7d20_2856,11745.39834251855
000d7d20_2857,11745.606005343776
000d7d20_2858,11745.591560104256
000d7d20_2859,11745.567796627074
000d7d20_2860,11745.595093986318
000d7d20_2861,11745.5677806659
000d7d20_2862,11745.552792426464
000d7d20_2863,11745.566250355067
000d7d20_2864,11745.640197381023
000d7d20_2865,11745.534261004621
000d7d20_2866,11745.528733467769
000d7d20_2867,11745.486165213448
000d7d20_2868,11745.499835057097
000d7d20_2869,11745.515660247649
000d7d20_2870,11745.587747553214
000d7d20_2871,11745.462477929148
000d7d20_2872,11745.455501685086
000d7d20_2873,11745.44617039273
000d7d20_2874,11745.392192889369
000d7d20_2875,11745.432165326698
000d7d20_2876,11745.594930816012
000d7d20_2877,11745.386938656997
000d7d20_2878,11745.419295558524
000d7d20_2879,11745.421897192007
000d7d20_2880,11745.457968939783
000d7d20_2881,11745.408883065464
000d7d20_2882,11745.41115477798
000d7d20_2883,11745.413567381971
000d7d20_2884,11745.50929419621
000d7d20_2885,11745.52819708075
000d7d20_2886,11745.37889530378
000d7d20_2887,11745.357601933836
000d7d20_2888,11745.468021520752
000d7d20_2889,11745.34611668491
000d7d20_2890,11745.477718381431
000d7d20_2891,11745.31943091086
000d7d20_2892,11745.27864594715
000d7d20_2893,11745.43140705213
000d7d20_2894,11745.317085737375
000d7d20_2895,11745.4246522397
000d7d20_2896,11745.446119409587
000d7d20_2897,11745.403113885626
000d7d20_2898,11745.423098043959
000d7d20_2899,11745.506912204011
000d7d20_2900,11745.507561318402
000d7d20_2901,11745.452523014374
000d7d20_2902,11745.486522168609
000d7d20_2903,11745.474581174618
000d7d20_2904,11745.463703143443
000d7d20_2905,11745.425915929636
000d7d20_2906,11745.413490063835
000d7d20_2907,11745.374371939995
000d7d20_2908,11745.379277331336
000d7d20_2909,11745.293356279482
000d7d20_2910,11745.369998376613
000d7d20_2911,11745.363231643985
000d7d20_2912,11745.3174563976
000d7d20_2913,11745.255918605264
000d7d20_2914,11745.339301406992
000d7d20_2915,11745.313121690517
000d7d20_2916,11745.224184379325
000d7d20_2917,11745.183131413325
000d7d20_2918,11745.309734406388
000d7d20_2919,11745.306075399543
000d7d20_2920,11745.29502267249
000d7d20_2921,11745.255941350217
000d7d20_2922,11745.271929046652
000d7d20_2923,11745.267491742257
000d7d20_2924,11745.10728494152
000d7d20_2925,11745.195185008748
000d7d20_2926,11745.17867217693
000d7d20_2927,11745.146656433348
000d7d20_2928,11745.162349165503
000d7d20_2929,11745.118552099295
000d7d20_2930,11745.187694585858
000d7d20_2931,11745.107553028083
000d7d20_2932,11745.081178482957
000d7d20_2933,11745.07074148272
000d7d20_2934,11745.093927856726
000d7d20_2935,11745.010665865502
000d7d20_2936,11745.08193521747
000d7d20_2937,11745.025305311003
000d7d20_2938,11745.03227839656
000d7d20_2939,11745.099883960589
000d7d20_2940,11745.100860719274
000d7d20_2941,11745.00956953538
000d7d20_2942,11744.985481216094
000d7d20_2943,11744.982550181065
000d7d20_2944,11744.979325378501
000d7d20_2945,11744.945779714986
000d7d20_2946,11744.928293597688
000d7d20_2947,11744.981843014833
000d7d20_2948,11745.082066982492
000d7d20_2949,11745.087646360516
000d7d20_2950,11745.08340191676
000d7d20_2951,11745.097812996528
000d7d20_2952,11745.180957572149
000d7d20_2953,11745.17973496953
000d7d20_2954,11745.165545184906
000d7d20_2955,11745.16576198681
000d7d20_2956,11745.06308469516
000d7d20_2957,11745.130703573326
000d7d20_2958,11745.033579788562
000d7d20_2959,11745.128631206673
000d7d20_2960,11745.074864753244
000d7d20_2961,11745.062192833904
000d7d20_2962,11745.052815489471
000d7d20_2963,11745.046420789145
000d7d20_2964,11744.990541631654
000d7d20_2965,11744.892143184088
000d7d20_2966,11744.867927034944
000d7d20_2967,11744.840302637595
000d7d20_2968,11744.864332454974
000d7d20_2969,11744.851517505074
000d7d20_2970,11744.84897996177
000d7d20_2971,11744.832789239037
000d7d20_2972,11744.827100422317
000d7d20_2973,11744.822610100782
000d7d20_2974,11744.920205031434
000d7d20_2975,11744.818614394653
000d7d20_2976,11744.924254263009
000d7d20_2977,11744.826951107307
000d7d20_2978,11744.809683365198
000d7d20_2979,11744.90195904794
000d7d20_2980,11744.82486537983
000d7d20_2981,11744.919769412194
000d7d20_2982,11744.911960443007
000d7d20_2983,11744.940865677969
000d7d20_2984,11744.874015718025
000d7d20_2985,11744.925743939282
000d7d20_2986,11744.87352380406
000d7d20_2987,11744.961837178826
000d7d20_2988,11744.951871174893
000d7d20_2989,11744.961315822073
000d7d20_2990,11744.948098937544
000d7d20_2991,11744.948685529213
000d7d20_2992,11744.955459735898
000d7d20_2993,11744.955901292025
000d7d20_2994,11744.943110770528
000d7d20_2995,11744.956916905814
000d7d20_2996,11744.934074290824
000d7d20_2997,11744.849545702045
000d7d20_2998,11744.923884508144
000d7d20_2999,11744.932946077335
000d7d20_3000,11744.939329692115
000d7d20_3001,11744.91974363748
000d7d20_3002,11744.931372508629
000d7d20_3003,11744.95100901436
000d7d20_3004,11744.94565828768
000d7d20_3005,11744.940698515426
000d7d20_3006,11744.95751953156
000d7d20_3007,11744.935227323858
000d7d20_3008,11744.927075124222
000d7d20_3009,11744.95305517591
000d7d20_3010,11744.946480957122
000d7d20_3011,11744.944755350598
000d7d20_3012,11744.841605411671
000d7d20_3013,11744.881974635748
000d7d20_3014,11744.84569079481
000d7d20_3015,11744.925187402196
000d7d20_3016,11744.9898362256
000d7d20_3017,11744.978959939115
000d7d20_3018,11744.986711445117
000d7d20_3019,11745.020735154754
000d7d20_3020,11745.026682945341
000d7d20_3021,11745.04998348229
000d7d20_3022,11745.152670359295
000d7d20_3023,11745.18435654953
000d7d20_3024,11745.201948154667
000d7d20_3025,11745.064257105569
000d7d20_3026,11745.188456337099
000d7d20_3027,11745.177921526141
000d7d20_3028,11745.190423042071
000d7d20_3029,11745.122482206723
000d7d20_3030,11745.095722845417
000d7d20_3031,11745.127956230719
000d7d20_3032,11745.104455156392
000d7d20_3033,11745.250039360677
000d7d20_3034,11745.253157935185
000d7d20_3035,11745.26320266597
000d7d20_3036,11745.445057881392
000d7d20_3037,11745.456308296913
000d7d20_3038,11745.299647927877
000d7d20_3039,11745.376497150637
000d7d20_3040,11745.308877618589
000d7d20_3041,11745.28816667547
000d7d20_3042,11745.253324791198
000d7d20_3043,11745.288852454389
000d7d20_3044,11745.247198557434
000d7d20_3045,11745.266294301466
000d7d20_3046,11745.247899727292
000d7d20_3047,11745.245136337688
000d7d20_3048,11745.249792659475
000d7d20_3049,11745.325682637122
000d7d20_3050,11745.27154494633
000d7d20_3051,11745.31805090167
000d7d20_3052,11745.205336648407
000d7d20_3053,11745.244063525284
000d7d20_3054,11745.164369692877
000d7d20_3055,11745.202219342023
000d7d20_3056,11745.191862987172
000d7d20_3057,11745.31753013289
000d7d20_3058,11745.19872906233
000d7d20_3059,11745.174261578237
000d7d20_3060,11745.289042198046
000d7d20_3061,11745.179122156638
000d7d20_3062,11745.150538065109
000d7d20_3063,11745.261880996411
000d7d20_3064,11745.147278096938
000d7d20_3065,11745.126669215428
000d7d20_3066,11745.135675730146
000d7d20_3067,11745.135751084706
000d7d20_3068,11745.131772328674
000d7d20_3069,11745.222680006418
000d7d20_3070,11745.238685596067
000d7d20_3071,11745.192389081756
000d7d20_3072,11745.28402543788
000d7d20_3073,11745.257860920294
000d7d20_3074,11745.188083663885
000d7d20_3075,11745.27081462715
000d7d20_3076,11745.167069894498
000d7d20_3077,11745.155759268051
000d7d20_3078,11745.181058397888
000d7d20_3079,11745.292163710501
000d7d20_3080,11745.223273401512
000d7d20_3081,11745.325124733445
000d7d20_3082,11745.315959348083
000d7d20_3083,11745.266735586367
000d7d20_3084,11745.348832566862
000d7d20_3085,11745.330990786273
000d7d20_3086,11745.332844429513
000d7d20_3087,11745.392268606032
000d7d20_3088,11745.461331247412
000d7d20_3089,11745.457062927573
000d7d20_3090,11745.534500563968
000d7d20_3091,11745.468229148903
000d7d20_3092,11745.492219329819
000d7d20_3093,11745.503758041914
000d7d20_3094,11745.512962334313
000d7d20_3095,11745.53745050049
000d7d20_3096,11745.510077703017
000d7d20_3097,11745.502295874241
000d7d20_3098,11745.520019642323
000d7d20_3099,11745.520081313574
000d7d20_3100,11745.607026228878
000d7d20_3101,11745.550895149656
000d7d20_3102,11745.669520847192
000d7d20_3103,11745.755614776377
000d7d20_3104,11745.773051886152
000d7d20_3105,11745.733514815245
000d7d20_3106,11745.762607982339
000d7d20_3107,11745.871113091916
000d7d20_3108,11745.917024434977
000d7d20_3109,11745.970075150835
000d7d20_3110,11746.026261488658
000d7d20_3111,11746.025963354727
000d7d20_3112,11746.061771388337
000d7d20_3113,11746.000583940528
000d7d20_3114,11746.072630515358
000d7d20_3115,11746.074634593857
000d7d20_3116,11746.150926783806
000d7d20_3117,11746.143582617715
000d7d20_3118,11746.30461472504
000d7d20_3119,11746.23805171336
000d7d20_3120,11746.306072369813
000d7d20_3121,11746.265206254327
000d7d20_3122,11746.365823247095
000d7d20_3123,11746.226720666604
000d7d20_3124,11746.386734476175
000d7d20_3125,11746.288381125933
000d7d20_3126,11746.282859498675
000d7d20_3127,11746.404483265309
000d7d20_3128,11746.32349834643
000d7d20_3129,11746.420965850357
000d7d20_3130,11746.419781639694
000d7d20_3131,11746.428911664494
000d7d20_3132,11746.41809896743
000d7d20_3133,11746.404127124086
000d7d20_3134,11746.414516674628
000d7d20_3135,11746.36942233189
000d7d20_3136,11746.277777424895
000d7d20_3137,11746.38742736859
000d7d20_3138,11746.364837129157
000d7d20_3139,11746.271158990166
000d7d20_3140,11746.273796971318
000d7d20_3141,11746.259694512297
000d7d20_3142,11746.267625624461
000d7d20_3143,11746.299327282075
000d7d20_3144,11746.262947342264
000d7d20_3145,11746.211687717107
000d7d20_3146,11746.262236497943
000d7d20_3147,11746.227884056263
000d7d20_3148,11746.232556073202
000d7d20_3149,11746.246004917111
000d7d20_3150,11746.204676343328
000d7d20_3151,11746.199670861846
000d7d20_3152,11746.23622777379
000d7d20_3153,11746.173513174577
000d7d20_3154,11746.206604885328
000d7d20_3155,11746.193033503161
000d7d20_3156,11746.2794144763
000d7d20_3157,11746.284634196647
000d7d20_3158,11746.24824337212
000d7d20_3159,11746.324793805376
000d7d20_3160,11746.227452432777
000d7d20_3161,11746.319411959035
000d7d20_3162,11746.232795512815
000d7d20_3163,11746.32715677215
000d7d20_3164,11746.323534207544
000d7d20_3165,11746.310424852534
000d7d20_3166,11746.313077067685
000d7d20_3167,11746.192848589035
000d7d20_3168,11746.313551611855
000d7d20_3169,11746.22430161961
000d7d20_3170,11746.309843674875
000d7d20_3171,11746.310440971585
000d7d20_3172,11746.219322821851
000d7d20_3173,11746.193634233463
000d7d20_3174,11746.220726698708
000d7d20_3175,11746.228168958509
000d7d20_3176,11746.227412501648
000d7d20_3177,11746.228030891129
000d7d20_3178,11746.231491428096
000d7d20_3179,11746.208749650581
000d7d20_3180,11746.224305553746
000d7d20_3181,11746.239618679658
000d7d20_3182,11746.229616238634
000d7d20_3183,11746.33420531452
000d7d20_3184,11746.303404185832
000d7d20_3185,11746.234815533671
000d7d20_3186,11746.249379159786
000d7d20_3187,11746.24232730272
000d7d20_3188,11746.247815229304
000d7d20_3189,11746.243659706359
000d7d20_3190,11746.314497376003
000d7d20_3191,11746.253018171421
000d7d20_3192,11746.275149771533
000d7d20_3193,11746.346195009895
000d7d20_3194,11746.271702559774
000d7d20_3195,11746.223948389688
000d7d20_3196,11746.255805256162
000d7d20_3197,11746.263950184544
000d7d20_3198,11746.215529985824
000d7d20_3199,11746.202861313177
000d7d20_3200,11746.236547899576
000d7d20_3201,11746.237093347985
000d7d20_3202,11746.213569542346
000d7d20_3203,11746.243945588576
000d7d20_3204,11746.385149536572
000d7d20_3205,11746.368806527391
000d7d20_3206,11746.483419581979
000d7d20_3207,11746.47951631385
000d7d20_3208,11746.430494907467
000d7d20_3209,11746.501831404012
000d7d20_3210,11746.3955266843
000d7d20_3211,11746.448067279503
000d7d20_3212,11746.392104963463
000d7d20_3213,11746.395400217178
000d7d20_3214,11746.38942787935
000d7d20_3215,11746.353359891084
000d7d20_3216,11746.398344030862
000d7d20_3217,11746.363683712463
000d7d20_3218,11746.392021344243
000d7d20_3219,11746.362379298007
000d7d20_3220,11746.317665315135
000d7d20_3221,11746.345179481717
000d7d20_3222,11746.285804181114
000d7d20_3223,11746.284983245427
000d7d20_3224,11746.238715985965
000d7d20_3225,11746.246775796426
000d7d20_3226,11746.293608056942
000d7d20_3227,11746.189645006965
000d7d20_3228,11746.141281535016
000d7d20_3229,11746.152367763414
000d7d20_3230,11746.091292936382
000d7d20_3231,11746.063761769987
000d7d20_3232,11746.065755433745
000d7d20_3233,11746.068627563489
000d7d20_3234,11746.074387464247
000d7d20_3235,11746.047594573638
000d7d20_3236,11745.983274743598
000d7d20_3237,11745.961471404324
000d7d20_3238,11745.975404569688
000d7d20_3239,11745.937443339462
000d7d20_3240,11745.911802620287
000d7d20_3241,11745.910878004841
000d7d20_3242,11745.947692968195
000d7d20_3243,11745.894004341088
000d7d20_3244,11745.876462316764
000d7d20_3245,11745.928015867912
000d7d20_3246,11745.941310381892
000d7d20_3247,11745.921838641369
000d7d20_3248,11745.920765465915
000d7d20_3249,11745.913165542712
000d7d20_3250,11745.889937838305
000d7d20_3251,11745.880735321385
000d7d20_3252,11745.878131328926
000d7d20_3253,11745.843598241581
000d7d20_3254,11745.837194411764
000d7d20_3255,11745.832548063483
000d7d20_3256,11745.832990959945
000d7d20_3257,11745.832924471877
000d7d20_3258,11745.829715341239
000d7d20_3259,11745.809577850016
000d7d20_3260,11745.798466627948
000d7d20_3261,11745.788053025675
000d7d20_3262,11745.786098640852
000d7d20_3263,11745.787620684714
000d7d20_3264,11745.778172648374
000d7d20_3265,11745.741773465597
000d7d20_3266,11745.766027897074
000d7d20_3267,11745.747152648935
000d7d20_3268,11745.853895119802
000d7d20_3269,11745.7327895711
000d7d20_3270,11745.85257983968
000d7d20_3271,11745.767169083687
000d7d20_3272,11745.748499444242
000d7d20_3273,11745.760229939242
000d7d20_3274,11745.764293333821
000d7d20_3275,11745.750111973593
000d7d20_3276,11745.748533525679
000d7d20_3277,11745.760185088799
000d7d20_3278,11745.8397193534
000d7d20_3279,11745.702519486722
000d7d20_3280,11745.861090011575
000d7d20_3281,11745.8662724185
000d7d20_3282,11745.828506961516
000d7d20_3283,11745.748023280328
000d7d20_3284,11745.727787327432
000d7d20_3285,11745.729102683577
000d7d20_3286,11745.770544835359
000d7d20_3287,11745.756437864138
000d7d20_3288,11745.78245401727
000d7d20_3289,11745.9062383222
000d7d20_3290,11745.866253777956
000d7d20_3291,11745.985335612395
000d7d20_3292,11746.106139141033
000d7d20_3293,11746.198106306489
000d7d20_3294,11746.084900457263
000d7d20_3295,11746.139600166322
000d7d20_3296,11746.303895464123
000d7d20_3297,11746.19539440253
000d7d20_3298,11746.285548688613
000d7d20_3299,11746.23369737948
000d7d20_3300,11746.238208108962
000d7d20_3301,11746.239625162816
000d7d20_3302,11746.270044697465
000d7d20_3303,11746.267621788775
000d7d20_3304,11746.265076266323
000d7d20_3305,11746.401635433744
000d7d20_3306,11746.414551887374
000d7d20_3307,11746.416108344696
000d7d20_3308,11746.452285288195
000d7d20_3309,11746.451703267761
000d7d20_3310,11746.350016234735
000d7d20_3311,11746.34342700195
000d7d20_3312,11746.348685321096
000d7d20_3313,11746.347172679258
000d7d20_3314,11746.38711078935
000d7d20_3315,11746.375816858008
000d7d20_3316,11746.379647355356
000d7d20_3317,11746.43977463042
000d7d20_3318,11746.35844721429
000d7d20_3319,11746.381542158642
000d7d20_3320,11746.396943617496
000d7d20_3321,11746.416626659997
000d7d20_3322,11746.40193794077
000d7d20_3323,11746.39033913051
000d7d20_3324,11746.538261195961
000d7d20_3325,11746.408008917046
000d7d20_3326,11746.425363897788
000d7d20_3327,11746.38792193099
000d7d20_3328,11746.383379167668
000d7d20_3329,11746.382860302865
000d7d20_3330,11746.38765663915
000d7d20_3331,11746.52394332518
000d7d20_3332,11746.458935875593
000d7d20_3333,11746.45386504569
000d7d20_3334,11746.415556458829
000d7d20_3335,11746.418366269892
000d7d20_3336,11746.407626997312
000d7d20_3337,11746.45879257201
000d7d20_3338,11746.399986666067
000d7d20_3339,11746.40249834141
000d7d20_3340,11746.419659792804
000d7d20_3341,11746.530123764493
000d7d20_3342,11746.405249252872
000d7d20_3343,11746.397398163532
000d7d20_3344,11746.360331280497
000d7d20_3345,11746.447392414282
000d7d20_3346,11746.35637436885
000d7d20_3347,11746.356480532482
000d7d20_3348,11746.465337593023
000d7d20_3349,11746.43709516543
000d7d20_3350,11746.369029375037
000d7d20_3351,11746.421519798942
000d7d20_3352,11746.373610273788
000d7d20_3353,11746.354280804373
000d7d20_3354,11746.398511904486
000d7d20_3355,11746.328689473947
000d7d20_3356,11746.296350760178
000d7d20_3357,11746.404310408867
000d7d20_3358,11746.304417395826
000d7d20_3359,11746.309767271941
000d7d20_3360,11746.330788911102
000d7d20_3361,11746.323531589556
000d7d20_3362,11746.321872097957
000d7d20_3363,11746.22952616823
000d7d20_3364,11746.285113521242
000d7d20_3365,11746.268912854728
000d7d20_3366,11746.26424887661
000d7d20_3367,11746.257687415264
000d7d20_3368,11746.304538737739
000d7d20_3369,11746.255235341805
000d7d20_3370,11746.252831626585
000d7d20_3371,11746.30444357892
000d7d20_3372,11746.224469240256
000d7d20_3373,11746.198071101431
000d7d20_3374,11746.176215836815
000d7d20_3375,11746.212116794779
000d7d20_3376,11746.271042406635
000d7d20_3377,11746.267130235003
000d7d20_3378,11746.209410753523
000d7d20_3379,11746.310775340227
000d7d20_3380,11746.405544079777
000d7d20_3381,11746.41735126936
000d7d20_3382,11746.342207667636
000d7d20_3383,11746.450541472746
000d7d20_3384,11746.296827005992
000d7d20_3385,11746.293909867367
000d7d20_3386,11746.288065084884
000d7d20_3387,11746.28154865094
000d7d20_3388,11746.354537998133
000d7d20_3389,11746.251939170717
000d7d20_3390,11746.247228780088
000d7d20_3391,11746.28707928303
000d7d20_3392,11746.252694784002
000d7d20_3393,11746.243393782277
000d7d20_3394,11746.218779766232
000d7d20_3395,11746.229585274868
000d7d20_3396,11746.22228901553
000d7d20_3397,11746.211170555183
000d7d20_3398,11746.199597501476
000d7d20_3399,11746.236714744009
000d7d20_3400,11746.158975347033
000d7d20_3401,11746.192816472154
000d7d20_3402,11746.160726380962
000d7d20_3403,11746.150870797379
000d7d20_3404,11746.143829079563
000d7d20_3405,11746.117810459784
000d7d20_3406,11746.200121330106
000d7d20_3407,11746.174236012033
000d7d20_3408,11746.174717668944
000d7d20_3409,11746.132137261751
000d7d20_3410,11746.147093494043
000d7d20_3411,11746.137501508405
000d7d20_3412,11746.050909724907
000d7d20_3413,11746.008621485307
000d7d20_3414,11746.107057955172
000d7d20_3415,11746.103936364987
000d7d20_3416,11746.074707016889
000d7d20_3417,11746.075525708082
000d7d20_3418,11746.019891682943
000d7d20_3419,11746.02850780199
000d7d20_3420,11746.146881134602
000d7d20_3421,11746.087125326072
000d7d20_3422,11746.073187850452
000d7d20_3423,11746.151914891505
000d7d20_3424,11746.183161707724
000d7d20_3425,11746.18095821121
000d7d20_3426,11746.097663541874
000d7d20_3427,11746.104569949206
000d7d20_3428,11746.056695635394
000d7d20_3429,11746.09130685755
000d7d20_3430,11746.080617679743
000d7d20_3431,11746.030180746777
000d7d20_3432,11746.05731684513
000d7d20_3433,11746.130487232476
000d7d20_3434,11746.119399598858
000d7d20_3435,11746.057953594523
000d7d20_3436,11746.05861178106
000d7d20_3437,11746.051800737085
000d7d20_3438,11746.044716392144
000d7d20_3439,11746.046307206472
000d7d20_3440,11745.992563881357
000d7d20_3441,11745.977739774045
000d7d20_3442,11745.982984328712
000d7d20_3443,11745.9801736493
000d7d20_3444,11745.976800335015
000d7d20_3445,11745.973258159822
000d7d20_3446,11745.972721837443
000d7d20_3447,11745.964238477345
000d7d20_3448,11746.054709008637
000d7d20_3449,11745.97482629463
000d7d20_3450,11745.950219606522
000d7d20_3451,11745.958631233272
000d7d20_3452,11745.98573539878
000d7d20_3453,11745.961258311703
000d7d20_3454,11745.959870627274
000d7d20_3455,11745.957595265154
000d7d20_3456,11745.950672235862
000d7d20_3457,11745.951224342947
000d7d20_3458,11745.971976382567
000d7d20_3459,11745.936525764042
000d7d20_3460,11745.941808072505
000d7d20_3461,11745.95652668032
000d7d20_3462,11745.959507041865
000d7d20_3463,11745.963048962076
000d7d20_3464,11745.97157015025
000d7d20_3465,11746.019036315132
000d7d20_3466,11746.033349342957
000d7d20_3467,11746.18712050455
000d7d20_3468,11746.194662707252
000d7d20_3469,11746.201956993515
000d7d20_3470,11746.146891503091
000d7d20_3471,11746.271531331282
000d7d20_3472,11746.167258741392
000d7d20_3473,11746.200839851914
000d7d20_3474,11746.158680696377
000d7d20_3475,11746.296742084132
000d7d20_3476,11746.159080955327
000d7d20_3477,11746.142226947364
000d7d20_3478,11746.129548101062
000d7d20_3479,11746.129498556242
000d7d20_3480,11746.259374892343
000d7d20_3481,11746.14287110381
000d7d20_3482,11746.17180321805
000d7d20_3483,11746.149605571167
000d7d20_3484,11746.140738650625
000d7d20_3485,11746.13389020013
000d7d20_3486,11746.144708976033
000d7d20_3487,11746.131433752169
000d7d20_3488,11746.221962775038
000d7d20_3489,11746.211552532166
000d7d20_3490,11746.092324999343
000d7d20_3491,11746.092076696288
000d7d20_3492,11746.055032350996
000d7d20_3493,11746.06069395555
000d7d20_3494,11746.158880663306
000d7d20_3495,11746.12800872084
000d7d20_3496,11746.096862715996
000d7d20_3497,11746.121816535186
000d7d20_3498,11746.125093660567
000d7d20_3499,11746.107036542944
000d7d20_3500,11746.150987182697
000d7d20_3501,11745.999829861497
000d7d20_3502,11746.10066526072
000d7d20_3503,11746.09857993985
000d7d20_3504,11746.064646853829
000d7d20_3505,11745.983547202588
000d7d20_3506,11745.994032914117
000d7d20_3507,11745.952185996233
000d7d20_3508,11745.973211015076
000d7d20_3509,11745.92835895979
000d7d20_3510,11745.917698745592
000d7d20_3511,11746.02570313171
000d7d20_3512,11745.895951915412
000d7d20_3513,11745.889964882845
000d7d20_3514,11745.931215832416
000d7d20_3515,11745.873899459591
000d7d20_3516,11745.868509603111
000d7d20_3517,11745.962076482065
000d7d20_3518,11745.850474123172
000d7d20_3519,11745.883936370647
000d7d20_3520,11745.800336013013
000d7d20_3521,11745.86414079422
000d7d20_3522,11745.817968680556
000d7d20_3523,11745.803105125473
000d7d20_3524,11745.846778425364
000d7d20_3525,11745.824853687087
000d7d20_3526,11745.981754516548
000d7d20_3527,11745.939645496203
000d7d20_3528,11745.969154737013
000d7d20_3529,11745.854733198477
000d7d20_3530,11745.959346320587
000d7d20_3531,11745.855209016901
000d7d20_3532,11745.925222259537
000d7d20_3533,11745.958983841776
000d7d20_3534,11745.8635891751
000d7d20_3535,11745.939615807278
000d7d20_3536,11745.804158863266
000d7d20_3537,11745.872430190206
000d7d20_3538,11745.863577318969
000d7d20_3539,11745.806224137326
000d7d20_3540,11745.818983499392
000d7d20_3541,11745.816684416715
000d7d20_3542,11745.910175066325
000d7d20_3543,11745.920046590236
000d7d20_3544,11745.853361054964
000d7d20_3545,11745.899193324627
000d7d20_3546,11745.857233483242
000d7d20_3547,11745.790206411566
000d7d20_3548,11745.925036222754
000d7d20_3549,11745.774022118201
000d7d20_3550,11745.916590844761
000d7d20_3551,11745.902239449526
000d7d20_3552,11745.816720882256
000d7d20_3553,11745.77287644077
000d7d20_3554,11745.808905866746
000d7d20_3555,11745.954353028083
000d7d20_3556,11746.027555124287
000d7d20_3557,11745.969600962939
000d7d20_3558,11745.95615174481
000d7d20_3559,11746.04978996063
000d7d20_3560,11746.106474491513
000d7d20_3561,11746.075350931165
000d7d20_3562,11745.97994672486
000d7d20_3563,11746.088617568605
000d7d20_3564,11746.060110140807
000d7d20_3565,11745.963811311944
000d7d20_3566,11746.005804166343
000d7d20_3567,11746.048489306111
000d7d20_3568,11746.049301316394
000d7d20_3569,11746.055464258494
000d7d20_3570,11746.052709505235
000d7d20_3571,11746.059130593834
000d7d20_3572,11746.062691335008
000d7d20_3573,11746.061612818181
000d7d20_3574,11746.06190755931
000d7d20_3575,11746.062903725815
000d7d20_3576,11745.946332687345
000d7d20_3577,11746.059296035535
000d7d20_3578,11746.049605248412
000d7d20_3579,11746.035841969642
000d7d20_3580,11746.016931302518
000d7d20_3581,11745.995400285683
000d7d20_3582,11745.971747288328
000d7d20_3583,11745.83649068461
000d7d20_3584,11745.983457788325
000d7d20_3585,11745.88809754885
000d7d20_3586,11745.774862111854
000d7d20_3587,11745.861380486029
000d7d20_3588,11745.781336710557
000d7d20_3589,11745.723067764608
000d7d20_3590,11745.82655423708
000d7d20_3591,11745.881240736839
000d7d20_3592,11745.6853114337
000d7d20_3593,11745.670656732078
000d7d20_3594,11745.647024536229
000d7d20_3595,11745.638183579338
000d7d20_3596,11745.714006350101
000d7d20_3597,11745.652810181402
000d7d20_3598,11745.592328735966
000d7d20_3599,11745.626834633558
000d7d20_3600,11745.591659621463
000d7d20_3601,11745.506483158988
000d7d20_3602,11745.508283987268
000d7d20_3603,11745.493631785557
000d7d20_3604,11745.445628874806
000d7d20_3605,11745.363718071249
000d7d20_3606,11745.39681110407
000d7d20_3607,11745.309891422214
000d7d20_3608,11745.27939908084
000d7d20_3609,11745.314501809102
000d7d20_3610,11745.237807970661
000d7d20_3611,11745.202916742714
000d7d20_3612,11745.261073438971
000d7d20_3613,11745.204292443297
000d7d20_3614,11745.161911058392
000d7d20_3615,11745.192000718784
000d7d20_3616,11745.118717195617
000d7d20_3617,11745.156796849868
000d7d20_3618,11745.072968257193
000d7d20_3619,11745.105230449197
000d7d20_3620,11745.018083954286
000d7d20_3621,11745.05409495793
000d7d20_3622,11745.062646206221
000d7d20_3623,11744.960902011893
000d7d20_3624,11745.104634454085
000d7d20_3625,11745.0239257332
000d7d20_3626,11744.954201309378
000d7d20_3627,11744.890629037618
000d7d20_3628,11744.947017619936
000d7d20_3629,11744.93024040749
000d7d20_3630,11744.90386091113
000d7d20_3631,11745.04622484166
000d7d20_3632,11744.886572653868
000d7d20_3633,11745.001086220944
000d7d20_3634,11745.001495668384
000d7d20_3635,11744.98167204513
000d7d20_3636,11745.05123382628
000d7d20_3637,11744.996756353537
000d7d20_3638,11745.080824789706
000d7d20_3639,11744.901388358527
000d7d20_3640,11744.983342453428
000d7d20_3641,11744.977005423247
000d7d20_3642,11744.945114384647
000d7d20_3643,11745.022203768938
000d7d20_3644,11745.236656689509
000d7d20_3645,11745.177702766556
000d7d20_3646,11745.284422298908
000d7d20_3647,11745.183459983946
000d7d20_3648,11745.167570605467
000d7d20_3649,11745.077874964401
000d7d20_3650,11745.105470711294
000d7d20_3651,11745.195812067983
000d7d20_3652,11745.086597564774
000d7d20_3653,11745.017921421384
000d7d20_3654,11745.1136086703
000d7d20_3655,11745.088267036617
000d7d20_3656,11745.01994934139
000d7d20_3657,11745.044405058561
000d7d20_3658,11745.0970378556
000d7d20_3659,11745.036535511355
000d7d20_3660,11745.022041031727
000d7d20_3661,11745.026215048349
000d7d20_3662,11744.93863857648
000d7d20_3663,11744.980870838881
000d7d20_3664,11744.978370771621
000d7d20_3665,11744.975912033846
000d7d20_3666,11744.951940100113
000d7d20_3667,11745.005651239928
000d7d20_3668,11744.964693578318
000d7d20_3669,11744.969904049096
000d7d20_3670,11744.914373328462
000d7d20_3671,11744.820245481507
000d7d20_3672,11744.844424863215
000d7d20_3673,11744.828563615647
000d7d20_3674,11744.80331083142
000d7d20_3675,11744.817089800476
000d7d20_3676,11744.906994671604
000d7d20_3677,11744.810388153139
000d7d20_3678,11744.91427728044
000d7d20_3679,11744.952896861918
000d7d20_3680,11744.793959924178
000d7d20_3681,11744.728645995841
000d7d20_3682,11744.77092750416
000d7d20_3683,11744.74913456669
000d7d20_3684,11744.733142408933
000d7d20_3685,11744.824471851507
000d7d20_3686,11744.845714396663
000d7d20_3687,11744.827414330877
000d7d20_3688,11744.812208937285
000d7d20_3689,11744.796438199995
000d7d20_3690,11744.697620364717
000d7d20_3691,11744.703883984463
000d7d20_3692,11744.790481889433
000d7d20_3693,11744.77147499541
000d7d20_3694,11744.687957842614
000d7d20_3695,11744.725485022043
000d7d20_3696,11744.602902551296
000d7d20_3697,11744.589039014805
000d7d20_3698,11744.640119595588
000d7d20_3699,11744.550359447472
000d7d20_3700,11744.466836161675
000d7d20_3701,11744.432862258434
000d7d20_3702,11744.517619264141
000d7d20_3703,11744.380741397508
000d7d20_3704,11744.30833634662
000d7d20_3705,11744.300733903374
000d7d20_3706,11744.288573738868
000d7d20_3707,11744.394765563819
000d7d20_3708,11744.259207006406
000d7d20_3709,11744.234134415809
000d7d20_3710,11744.3249678262
000d7d20_3711,11744.321329198634
000d7d20_3712,11744.27034247507
000d7d20_3713,11744.288703854429
000d7d20_3714,11744.279236703554
000d7d20_3715,11744.276427236726
000d7d20_3716,11744.329037984387
000d7d20_3717,11744.400855945318
000d7d20_3718,11744.358918210131
000d7d20_3719,11744.424353465032
000d7d20_3720,11744.579699520564
000d7d20_3721,11744.640850744034
000d7d20_3722,11744.7728939888
000d7d20_3723,11744.775203042751
000d7d20_3724,11744.795410404022
000d7d20_3725,11744.784532780182
000d7d20_3726,11744.80737351145
000d7d20_3727,11744.87057852365
000d7d20_3728,11744.880278592891
000d7d20_3729,11744.87946292779
000d7d20_3730,11744.768862479468
000d7d20_3731,11744.793360312597
000d7d20_3732,11744.927151804019
000d7d20_3733,11744.828427521466
000d7d20_3734,11744.803163242414
000d7d20_3735,11744.74470585931
000d7d20_3736,11744.719793477172
000d7d20_3737,11744.670559183838
000d7d20_3738,11744.602854284361
000d7d20_3739,11744.45017056316
000d7d20_3740,11744.404873320374
000d7d20_3741,11744.310409352616
000d7d20_3742,11744.209535959084
000d7d20_3743,11744.185803215409
000d7d20_3744,11744.152745980857
000d7d20_3745,11744.105422658278
000d7d20_3746,11744.060323575333
000d7d20_3747,11744.043025792127
000d7d20_3748,11743.934124278787
000d7d20_3749,11743.77831579326
000d7d20_3750,11743.626990234825
000d7d20_3751,11743.658771790593
000d7d20_3752,11743.24746070794
000d7d20_3753,11743.192721099842
000d7d20_3754,11743.144427013827
000d7d20_3755,11742.886035961967
000d7d20_3756,11742.700582474044
000d7d20_3757,11742.654223257183
000d7d20_3758,11742.531934981589
000d7d20_3759,11742.44733424463
000d7d20_3760,11742.391875723883
000d7d20_3761,11742.318893115953
000d7d20_3762,11742.280842007749
000d7d20_3763,11742.250886264872
000d7d20_3764,11742.156213291779
000d7d20_3765,11742.109273657374
000d7d20_3766,11742.067830955586
000d7d20_3767,11742.03062339282
000d7d20_3768,11742.018232725248
000d7d20_3769,11741.955114583983
000d7d20_3770,11742.031640621288
000d7d20_3771,11741.997759537388
000d7d20_3772,11741.918240685221
000d7d20_3773,11741.943359587229
000d7d20_3774,11741.915674929187
000d7d20_3775,11741.769242692513
000d7d20_3776,11741.852003396154
000d7d20_3777,11741.713665002368
000d7d20_3778,11741.68937573853
000d7d20_3779,11741.696927845927
000d7d20_3780,11741.666472733565
000d7d20_3781,11741.63782197909
000d7d20_3782,11741.683325260648
000d7d20_3783,11741.572797449839
000d7d20_3784,11741.52446861037
000d7d20_3785,11741.494371044271
000d7d20_3786,11741.470652426433
000d7d20_3787,11741.507022151258
000d7d20_3788,11741.365437316232
000d7d20_3789,11741.341298156063
000d7d20_3790,11741.303020656766
000d7d20_3791,11741.273547046507
000d7d20_3792,11741.23245851421
000d7d20_3793,11741.329040096354
000d7d20_3794,11741.26067723737
000d7d20_3795,11741.25550677735
000d7d20_3796,11741.098797458693
000d7d20_3797,11741.054837905907
000d7d20_3798,11741.052422408135
000d7d20_3799,11741.133696243987
000d7d20_3800,11741.156918683957
000d7d20_3801,11741.151402366351
000d7d20_3802,11741.045733430241
000d7d20_3803,11741.116202373523
000d7d20_3804,11741.08426090188
000d7d20_3805,11741.05850643792
000d7d20_3806,11741.0254318823
000d7d20_3807,11740.988800595022
000d7d20_3808,11740.97453104914
000d7d20_3809,11740.812860225873
000d7d20_3810,11740.907997595243
000d7d20_3811,11740.758784888108
000d7d20_3812,11740.720621556147
000d7d20_3813,11740.805519916445
000d7d20_3814,11740.790742029681
000d7d20_3815,11740.794268938298
000d7d20_3816,11740.795899098228
000d7d20_3817,11740.722729363504
000d7d20_3818,11740.793845939104
000d7d20_3819,11740.732505401165
000d7d20_3820,11740.92677245385
000d7d20_3821,11740.865567418912
000d7d20_3822,11740.882338682773
000d7d20_3823,11740.77328093565
000d7d20_3824,11740.789071462244
000d7d20_3825,11740.880503378392
000d7d20_3826,11740.810708114881
000d7d20_3827,11740.734684793719
000d7d20_3828,11740.728075270312
000d7d20_3829,11740.692283455564
000d7d20_3830,11740.672550896266
000d7d20_3831,11740.77215343446
000d7d20_3832,11740.745706809503
000d7d20_3833,11740.745515472825
000d7d20_3834,11740.728250176106
000d7d20_3835,11740.713164917226
000d7d20_3836,11740.690228814346
000d7d20_3837,11740.635235058424
000d7d20_3838,11740.685213761764
000d7d20_3839,11740.71416599611
000d7d20_3840,11740.69593713203
000d7d20_3841,11740.62395220882
000d7d20_3842,11740.598151339407
000d7d20_3843,11740.587165748022
000d7d20_3844,11740.668083257238
000d7d20_3845,11740.584877326064
000d7d20_3846,11740.491882982456
000d7d20_3847,11740.59584906933
000d7d20_3848,11740.543801059768
000d7d20_3849,11740.468261061302
000d7d20_3850,11740.462027033589
000d7d20_3851,11740.421499972093
000d7d20_3852,11740.381893630365
000d7d20_3853,11740.367510919901
000d7d20_3854,11740.329225651481
000d7d20_3855,11740.301561825938
000d7d20_3856,11740.267774444059
000d7d20_3857,11740.18971724793
000d7d20_3858,11740.229845574755
000d7d20_3859,11740.289443841342
000d7d20_3860,11740.255115937176
000d7d20_3861,11740.217625876412
000d7d20_3862,11740.168750283585
000d7d20_3863,11740.116950227975
000d7d20_3864,11740.113330614247
000d7d20_3865,11740.080165275847
000d7d20_3866,11740.045042336658
000d7d20_3867,11739.978147563586
000d7d20_3868,11739.912387938271
000d7d20_3869,11739.90219368667
000d7d20_3870,11739.89754594521
000d7d20_3871,11739.923258304043
000d7d20_3872,11739.825071213447
000d7d20_3873,11739.750267264715
000d7d20_3874,11739.861438522912
000d7d20_3875,11739.794676173427
000d7d20_3876,11739.741447484646
000d7d20_3877,11739.813466038526
000d7d20_3878,11739.660986379376
000d7d20_3879,11739.673962031211
000d7d20_3880,11739.665606274715
000d7d20_3881,11739.658961855286
000d7d20_3882,11739.615737265882
000d7d20_3883,11739.643287724122
000d7d20_3884,11739.555087649664
000d7d20_3885,11739.572204213524
000d7d20_3886,11739.493440087337
000d7d20_3887,11739.467706230113
000d7d20_3888,11739.494869113307
000d7d20_3889,11739.42396709691
000d7d20_3890,11739.445863836952
000d7d20_3891,11739.354202580225
000d7d20_3892,11739.31906638573
000d7d20_3893,11739.230028155722
000d7d20_3894,11739.25488629975
000d7d20_3895,11739.215329077882
000d7d20_3896,11739.223702669226
000d7d20_3897,11739.086912016439
000d7d20_3898,11739.059051984897
000d7d20_3899,11739.026466410445
000d7d20_3900,11739.004059003335
000d7d20_3901,11738.934248030011
000d7d20_3902,11738.912129160173
000d7d20_3903,11738.877401550855
000d7d20_3904,11738.856261182995
000d7d20_3905,11739.047500032713
000d7d20_3906,11739.010963749713
000d7d20_3907,11739.250118795042
000d7d20_3908,11739.131702783192
000d7d20_3909,11739.211970250488
000d7d20_3910,11739.044531206871
000d7d20_3911,11739.009379468516
000d7d20_3912,11739.103645089941
000d7d20_3913,11739.074708973836
000d7d20_3914,11739.04876649268
000d7d20_3915,11738.91137126692
000d7d20_3916,11738.88612263409
000d7d20_3917,11738.895098534733
000d7d20_3918,11738.88068083541
000d7d20_3919,11738.84107052072
000d7d20_3920,11738.813699567412
000d7d20_3921,11738.899914623442
000d7d20_3922,11738.852406707865
000d7d20_3923,11738.810614112785
000d7d20_3924,11738.653686608812
000d7d20_3925,11738.651166027259
000d7d20_3926,11738.617299687276
000d7d20_3927,11738.58588464513
000d7d20_3928,11738.559957037909
000d7d20_3929,11738.661563228403
000d7d20_3930,11738.507562511628
000d7d20_3931,11738.636106265036
000d7d20_3932,11738.63215765016
000d7d20_3933,11738.532779401889
000d7d20_3934,11738.564348697595
000d7d20_3935,11738.580379126457
000d7d20_3936,11738.542802786693
000d7d20_3937,11738.420311104295
000d7d20_3938,11738.53629809482
000d7d20_3939,11738.50351682332
000d7d20_3940,11738.43632679946
000d7d20_3941,11738.329857057102
000d7d20_3942,11738.427479203205
000d7d20_3943,11738.304042400037
000d7d20_3944,11738.354285187868
000d7d20_3945,11738.298216735027
000d7d20_3946,11738.312394995208
000d7d20_3947,11738.213814753906
000d7d20_3948,11738.22171239774
000d7d20_3949,11738.14816895243
000d7d20_3950,11738.166635213833
000d7d20_3951,11738.098316332207
000d7d20_3952,11738.0944188232
000d7d20_3953,11738.047336433414
000d7d20_3954,11738.093885834358
000d7d20_3955,11737.995064666295
000d7d20_3956,11738.05860514684
000d7d20_3957,11737.998142675857
000d7d20_3958,11737.97320379052
000d7d20_3959,11737.974142349412
000d7d20_3960,11738.022473779762
000d7d20_3961,11737.985612719973
000d7d20_3962,11737.940551468146
000d7d20_3963,11737.968413262097
000d7d20_3964,11738.010202846843
000d7d20_3965,11737.913281965635
000d7d20_3966,11737.892011726888
000d7d20_3967,11737.88386775814
000d7d20_3968,11737.91791323407
000d7d20_3969,11737.825405404796
000d7d20_3970,11737.83212287801
000d7d20_3971,11737.852524963038
000d7d20_3972,11737.837591646812
000d7d20_3973,11737.718411522052
000d7d20_3974,11737.836069762501
000d7d20_3975,11737.665780457099
000d7d20_3976,11737.677382663895
000d7d20_3977,11737.593311224813
000d7d20_3978,11737.607512051825
000d7d20_3979,11737.554370906499
000d7d20_3980,11737.683749623871
000d7d20_3981,11737.622169433747
000d7d20_3982,11737.743573239284
000d7d20_3983,11737.785379052548
000d7d20_3984,11737.64048454758
000d7d20_3985,11737.638692144268
000d7d20_3986,11737.595230946212
000d7d20_3987,11737.58455902233
000d7d20_3988,11737.562557392492
000d7d20_3989,11737.599567322073
000d7d20_3990,11737.507990285061
000d7d20_3991,11737.540850755535
000d7d20_3992,11737.659217489312
000d7d20_3993,11737.72168970259
000d7d20_3994,11737.718456322913
000d7d20_3995,11737.741954707957
000d7d20_3996,11737.769372224597
000d7d20_3997,11737.95461194666
000d7d20_3998,11738.035509860454
000d7d20_3999,11737.977466926523
000d7d20_4000,11738.095342824256
000d7d20_4001,11737.996894157966
000d7d20_4002,11738.092363216347
000d7d20_4003,11737.989469010143
000d7d20_4004,11738.09293884578
000d7d20_4005,11738.065215762434
000d7d20_4006,11738.072801206763
000d7d20_4007,11738.07660502648
000d7d20_4008,11738.074058594215
000d7d20_4009,11737.9514096911
000d7d20_4010,11738.029317185494
000d7d20_4011,11737.984199552871
000d7d20_4012,11738.073719216669
000d7d20_4013,11738.080767112213
000d7d20_4014,11738.062161858177
000d7d20_4015,11737.992895412734
000d7d20_4016,11738.03179923398
000d7d20_4017,11738.047950532522
000d7d20_4018,11738.050064862824
000d7d20_4019,11737.972501847607
000d7d20_4020,11738.045807907103
000d7d20_4021,11737.987466973906
000d7d20_4022,11737.951092940335
000d7d20_4023,11738.066878964919
000d7d20_4024,11738.083820932288
000d7d20_4025,11738.175205382177
000d7d20_4026,11738.175167357751
000d7d20_4027,11738.15550631141
000d7d20_4028,11738.157156730591
000d7d20_4029,11738.155300923177
000d7d20_4030,11738.140933319191
000d7d20_4031,11738.102295982173
000d7d20_4032,11738.133641382037
000d7d20_4033,11738.11722991528
000d7d20_4034,11738.095541140718
000d7d20_4035,11738.07062249879
000d7d20_4036,11737.96869211165
000d7d20_4037,11738.118231479757
000d7d20_4038,11737.943650858922
000d7d20_4039,11737.977578523214
000d7d20_4040,11738.09619829062
000d7d20_4041,11737.950722663572
000d7d20_4042,11737.98126539446
000d7d20_4043,11738.050596218702
000d7d20_4044,11738.053537538844
000d7d20_4045,11737.978296663347
000d7d20_4046,11737.933815744793
000d7d20_4047,11738.04547566479
000d7d20_4048,11737.961899546724
000d7d20_4049,11737.932186891816
000d7d20_4050,11738.06203356657
000d7d20_4051,11737.936650068066
000d7d20_4052,11738.023295013207
000d7d20_4053,11737.954702101279
000d7d20_4054,11737.932254004603
000d7d20_4055,11738.031449179889
000d7d20_4056,11737.972954210316
000d7d20_4057,11738.041302978605
000d7d20_4058,11738.062838178104
000d7d20_4059,11737.86139918077
000d7d20_4060,11737.899112006819
000d7d20_4061,11737.881683066027
000d7d20_4062,11737.911504530963
000d7d20_4063,11737.845959490864
000d7d20_4064,11737.905458737408
000d7d20_4065,11737.88633974218
000d7d20_4066,11737.84869594737
000d7d20_4067,11737.824145929617
000d7d20_4068,11737.843719524562
000d7d20_4069,11737.844205234833
000d7d20_4070,11737.82847208327
000d7d20_4071,11737.823009600908
000d7d20_4072,11737.83822006626
000d7d20_4073,11737.799831151364
000d7d20_4074,11737.831098968114
000d7d20_4075,11737.820204346672
000d7d20_4076,11737.820980943641
000d7d20_4077,11737.961002160728
000d7d20_4078,11737.958884462843
000d7d20_4079,11737.954839549791
000d7d20_4080,11737.936933891175
000d7d20_4081,11737.962271493092
000d7d20_4082,11737.97305483689
000d7d20_4083,11737.967952190713
000d7d20_4084,11737.979717187594
000d7d20_4085,11737.995661179426
000d7d20_4086,11737.985090262198
000d7d20_4087,11738.009884451405
000d7d20_4088,11737.982552155285
000d7d20_4089,11737.967567597827
000d7d20_4090,11737.963792815675
000d7d20_4091,11737.952775436415
000d7d20_4092,11737.95721200863
000d7d20_4093,11737.94696491845
000d7d20_4094,11737.952421179403
000d7d20_4095,11737.962712099135
000d7d20_4096,11737.960913545103
000d7d20_4097,11737.961481003225
000d7d20_4098,11737.963809546403
000d7d20_4099,11737.963032630361
000d7d20_4100,11737.956322762318
000d7d20_4101,11737.948066803232
000d7d20_4102,11737.938403561098
000d7d20_4103,11737.94324267842
000d7d20_4104,11737.960022370842
000d7d20_4105,11737.94746109267
000d7d20_4106,11737.964206526049
000d7d20_4107,11737.987128021196
000d7d20_4108,11738.014836546272
000d7d20_4109,11737.96675780618
000d7d20_4110,11737.96965780554
000d7d20_4111,11737.97713137019
000d7d20_4112,11737.989930120226
000d7d20_4113,11738.02426895022
000d7d20_4114,11738.100402279013
000d7d20_4115,11738.091612850822
000d7d20_4116,11738.121384408163
000d7d20_4117,11738.078543662346
000d7d20_4118,11738.145575643013
000d7d20_4119,11738.046494819515
000d7d20_4120,11738.035463356842
000d7d20_4121,11738.051888929227
000d7d20_4122,11737.999836787953
000d7d20_4123,11737.986499522936
000d7d20_4124,11737.964161667445
000d7d20_4125,11737.95150773978
000d7d20_4126,11737.952371235202
000d7d20_4127,11737.938772875726
000d7d20_4128,11737.921463875062
000d7d20_4129,11738.01039922606
000d7d20_4130,11737.948278021646
000d7d20_4131,11737.937439761432
000d7d20_4132,11738.003879607199
000d7d20_4133,11737.847604922801
000d7d20_4134,11737.933537642024
000d7d20_4135,11737.949661005738
000d7d20_4136,11737.790369328373
000d7d20_4137,11737.85466417953
000d7d20_4138,11737.826382954674
000d7d20_4139,11737.91537556473
000d7d20_4140,11737.943531368725
000d7d20_4141,11737.772930036714
000d7d20_4142,11737.82652372591
000d7d20_4143,11737.73968323634
000d7d20_4144,11737.79210508787
000d7d20_4145,11737.730302526985
000d7d20_4146,11737.712612052077
000d7d20_4147,11737.848360139238
000d7d20_4148,11737.855889482822
000d7d20_4149,11737.703083207405
000d7d20_4150,11737.82548476768
000d7d20_4151,11737.816942067439
000d7d20_4152,11737.718646927413
000d7d20_4153,11737.830879853744
000d7d20_4154,11737.783556851118
000d7d20_4155,11737.750210369239
000d7d20_4156,11737.839861243094
000d7d20_4157,11737.762587503425
000d7d20_4158,11737.745672241324
000d7d20_4159,11737.848657220984
000d7d20_4160,11737.841215074914
000d7d20_4161,11737.870103846166
000d7d20_4162,11737.980627326413
000d7d20_4163,11737.893370032129
000d7d20_4164,11737.876303558063
000d7d20_4165,11737.894022889095
000d7d20_4166,11737.893545211657
000d7d20_4167,11737.880643407369
000d7d20_4168,11737.901504323076
000d7d20_4169,11737.881217060747
000d7d20_4170,11737.876170255302
000d7d20_4171,11737.967019432523
000d7d20_4172,11737.975939737562
000d7d20_4173,11737.884526710488
000d7d20_4174,11737.821240395819
000d7d20_4175,11737.820923983683
000d7d20_4176,11737.801664098874
000d7d20_4177,11737.688671983498
000d7d20_4178,11737.643705914303
000d7d20_4179,11737.760515028518
000d7d20_4180,11737.640468847676
000d7d20_4181,11737.63616848493
000d7d20_4182,11737.66417073774
000d7d20_4183,11737.68512406145
000d7d20_4184,11737.626560147097
000d7d20_4185,11737.677657513583
000d7d20_4186,11737.667145221109
000d7d20_4187,11737.673103765399
000d7d20_4188,11737.637990419593
000d7d20_4189,11737.623541595072
000d7d20_4190,11737.633854699932
000d7d20_4191,11737.668195636657
000d7d20_4192,11737.721269297548
000d7d20_4193,11737.63004703161
000d7d20_4194,11737.638217264444
000d7d20_4195,11737.592006163339
000d7d20_4196,11737.637997182072
000d7d20_4197,11737.617373772307
000d7d20_4198,11737.659690476445
000d7d20_4199,11737.606114433765
000d7d20_4200,11737.702985990141
000d7d20_4201,11737.667363211956
000d7d20_4202,11737.680576144294
000d7d20_4203,11737.657320589453
000d7d20_4204,11737.767877382466
000d7d20_4205,11737.72953654728
000d7d20_4206,11737.664185306454
000d7d20_4207,11737.797775511397
000d7d20_4208,11737.673621762886
000d7d20_4209,11737.671146232355
000d7d20_4210,11737.679803757042
000d7d20_4211,11737.632947087715
000d7d20_4212,11737.58467970565
000d7d20_4213,11737.711007363207
000d7d20_4214,11737.56335606633
000d7d20_4215,11737.518738250767
000d7d20_4216,11737.545886410224
000d7d20_4217,11737.541697277362
000d7d20_4218,11737.641012715729
000d7d20_4219,11737.539897365144
000d7d20_4220,11737.568291201413
000d7d20_4221,11737.637678306775
000d7d20_4222,11737.54323996081
000d7d20_4223,11737.538993721897
000d7d20_4224,11737.472361398088
000d7d20_4225,11737.477860746512
000d7d20_4226,11737.478840202351
000d7d20_4227,11737.491983388665
000d7d20_4228,11737.430727169236
000d7d20_4229,11737.376585008911
000d7d20_4230,11737.469366958812
000d7d20_4231,11737.414700618698
000d7d20_4232,11737.412289153792
000d7d20_4233,11737.35588491071
000d7d20_4234,11737.443107751995
000d7d20_4235,11737.33795057185
000d7d20_4236,11737.512841117892
000d7d20_4237,11737.362273568693
000d7d20_4238,11737.358856580588
000d7d20_4239,11737.352825273727
000d7d20_4240,11737.42765810274
000d7d20_4241,11737.327535336053
000d7d20_4242,11737.394002606954
000d7d20_4243,11737.346663519424
000d7d20_4244,11737.31919957415
000d7d20_4245,11737.360875049979
000d7d20_4246,11737.318955045663
000d7d20_4247,11737.308466820657
000d7d20_4248,11737.4500401487
000d7d20_4249,11737.462531024272
000d7d20_4250,11737.441376697385
000d7d20_4251,11737.422378738756
000d7d20_4252,11737.480943068485
000d7d20_4253,11737.429044049404
000d7d20_4254,11737.566204686056
000d7d20_4255,11737.479980214575
000d7d20_4256,11737.46982943119
000d7d20_4257,11737.475376491147
000d7d20_4258,11737.444541727598
000d7d20_4259,11737.475397548937
000d7d20_4260,11737.459609984864
000d7d20_4261,11737.477846919688
000d7d20_4262,11737.454220528587
000d7d20_4263,11737.466093331619
000d7d20_4264,11737.471025402016
000d7d20_4265,11737.547290697903
000d7d20_4266,11737.585067194397
000d7d20_4267,11737.555588873558
000d7d20_4268,11737.408685854452
000d7d20_4269,11737.417716772963
000d7d20_4270,11737.412958536865
000d7d20_4271,11737.425281460482
000d7d20_4272,11737.412516562872
000d7d20_4273,11737.368409421386
000d7d20_4274,11737.414712566651
000d7d20_4275,11737.415403882107
000d7d20_4276,11737.407602702453
000d7d20_4277,11737.58154853371
000d7d20_4278,11737.466465476986
000d7d20_4279,11737.490760071845
000d7d20_4280,11737.58620672001
000d7d20_4281,11737.403278960523
000d7d20_4282,11737.527209714981
000d7d20_4283,11737.597666467631
000d7d20_4284,11737.477219298591
000d7d20_4285,11737.603078453709
000d7d20_4286,11737.444960536059
000d7d20_4287,11737.471730328138
000d7d20_4288,11737.594689682943
000d7d20_4289,11737.65014626017
000d7d20_4290,11737.541613771158
000d7d20_4291,11737.576278996785
000d7d20_4292,11737.523418690562
000d7d20_4293,11737.623960917694
000d7d20_4294,11737.662942673134
000d7d20_4295,11737.756224711864
000d7d20_4296,11737.640680088272
000d7d20_4297,11737.652251320344
000d7d20_4298,11737.64537537215
000d7d20_4299,11737.653076903747
000d7d20_4300,11737.62881414216
000d7d20_4301,11737.638366620415
000d7d20_4302,11737.630360290223
000d7d20_4303,11737.555901566478
000d7d20_4304,11737.536421615005
000d7d20_4305,11737.549550373446
000d7d20_4306,11737.541174592609
000d7d20_4307,11737.5480921345
000d7d20_4308,11737.548027627046
000d7d20_4309,11737.548778034068
000d7d20_4310,11737.526490414873
000d7d20_4311,11737.552168581433
000d7d20_4312,11737.536853986332
000d7d20_4313,11737.541428580253
000d7d20_4314,11737.539960156682
000d7d20_4315,11737.523022610709
000d7d20_4316,11737.539860435101
000d7d20_4317,11737.54030543967
000d7d20_4318,11737.539160496133
000d7d20_4319,11737.527316326492
000d7d20_4320,11737.535305826064
000d7d20_4321,11737.535113771632
000d7d20_4322,11737.54759405249
000d7d20_4323,11737.549029087275
000d7d20_4324,11737.51593261188
000d7d20_4325,11737.556522510837
000d7d20_4326,11737.534167339809
000d7d20_4327,11737.592963008434
000d7d20_4328,11737.535261559935
000d7d20_4329,11737.547693560071
000d7d20_4330,11737.609357162233
000d7d20_4331,11737.625295154941
000d7d20_4332,11737.648001611746
000d7d20_4333,11737.664512920313
000d7d20_4334,11737.795906649735
000d7d20_4335,11737.754643892513
000d7d20_4336,11737.751317494321
000d7d20_4337,11737.771748979614
000d7d20_4338,11737.762815662285
000d7d20_4339,11737.790367558326
000d7d20_4340,11737.786935733584
000d7d20_4341,11737.754608576912
000d7d20_4342,11737.777225299495
000d7d20_4343,11737.776671533828
000d7d20_4344,11737.759539114308
000d7d20_4345,11737.774007511345
000d7d20_4346,11737.79325700544
000d7d20_4347,11737.802363386392
000d7d20_4348,11737.763127117996
000d7d20_4349,11737.760307095508
000d7d20_4350,11737.794353600435
000d7d20_4351,11737.784306270716
000d7d20_4352,11737.785187020285
000d7d20_4353,11737.981906661165
000d7d20_4354,11737.816978782419
000d7d20_4355,11737.899119649726
000d7d20_4356,11737.834821310978
000d7d20_4357,11737.872649391364
000d7d20_4358,11737.835583482667
000d7d20_4359,11737.863586159818
000d7d20_4360,11737.848150932397
000d7d20_4361,11737.838663542749
000d7d20_4362,11738.02416412752
000d7d20_4363,11738.031393788413
000d7d20_4364,11737.85959553978
000d7d20_4365,11737.862299037548
000d7d20_4366,11737.891123873213
000d7d20_4367,11737.868753373028
000d7d20_4368,11737.888248702235
000d7d20_4369,11738.064340842928
000d7d20_4370,11738.080778078125
000d7d20_4371,11738.085651848782
000d7d20_4372,11738.088289379191
000d7d20_4373,11738.074069563798
000d7d20_4374,11738.090360782558
000d7d20_4375,11738.094767519926
000d7d20_4376,11738.114373133914
000d7d20_4377,11738.131477754065
000d7d20_4378,11738.12296345667
000d7d20_4379,11738.133103828372
000d7d20_4380,11738.155211855217
000d7d20_4381,11738.16900516942
000d7d20_4382,11738.182296389192
000d7d20_4383,11738.301100063245
000d7d20_4384,11738.26786278656
000d7d20_4385,11738.281464279713
000d7d20_4386,11738.287133896272
000d7d20_4387,11738.261555031468
000d7d20_4388,11738.295226213178
000d7d20_4389,11738.292689116945
000d7d20_4390,11738.293158689681
000d7d20_4391,11738.287375017937
000d7d20_4392,11738.285107323702
000d7d20_4393,11738.13735861478
000d7d20_4394,11738.291111631415
000d7d20_4395,11738.123074101488
000d7d20_4396,11738.086865166522
000d7d20_4397,11738.102836241867
000d7d20_4398,11738.075153463922
000d7d20_4399,11738.17215363161
000d7d20_4400,11738.26372044154
000d7d20_4401,11738.07219266003
000d7d20_4402,11738.092802865121
000d7d20_4403,11738.078644143794
000d7d20_4404,11738.214202143363
000d7d20_4405,11738.104583394936
000d7d20_4406,11738.243092721654
000d7d20_4407,11738.13397991553
000d7d20_4408,11738.15681007617
000d7d20_4409,11738.256202494982
000d7d20_4410,11738.093960394255
000d7d20_4411,11738.252801467326
000d7d20_4412,11738.258099566514
000d7d20_4413,11738.079193876976
000d7d20_4414,11738.246332133276
000d7d20_4415,11738.054760403582
000d7d20_4416,11738.08497967882
000d7d20_4417,11738.067839423791
000d7d20_4418,11738.080158307012
000d7d20_4419,11738.063983628686
000d7d20_4420,11738.106900023895
000d7d20_4421,11738.066863162507
000d7d20_4422,11738.074066430236
000d7d20_4423,11738.10000963663
000d7d20_4424,11738.051367245831
000d7d20_4425,11738.067496004402
000d7d20_4426,11738.052409405223
000d7d20_4427,11738.070635311418
000d7d20_4428,11738.036717830408
000d7d20_4429,11738.064124058594
000d7d20_4430,11738.035537116666
000d7d20_4431,11738.08199698595
000d7d20_4432,11738.066404415553
000d7d20_4433,11738.062634113794
000d7d20_4434,11738.106736338119
000d7d20_4435,11738.06354111344
000d7d20_4436,11738.295734092899
000d7d20_4437,11738.328585942001
000d7d20_4438,11738.36514635764
000d7d20_4439,11738.324892331035
000d7d20_4440,11738.34811467091
000d7d20_4441,11738.340531617687
000d7d20_4442,11738.364002530838
000d7d20_4443,11738.297228107898
000d7d20_4444,11738.336960684606
000d7d20_4445,11738.339974027976
000d7d20_4446,11738.292146277367
000d7d20_4447,11738.29312945405
000d7d20_4448,11738.301259843585
000d7d20_4449,11738.407339730029
000d7d20_4450,11738.282515676887
000d7d20_4451,11738.324199545104
000d7d20_4452,11738.381361181797
000d7d20_4453,11738.34757927032
000d7d20_4454,11738.324535986185
000d7d20_4455,11738.348875699487
000d7d20_4456,11738.317737959811
000d7d20_4457,11738.353751189145
000d7d20_4458,11738.317288180555
000d7d20_4459,11738.379058197985
000d7d20_4460,11738.346011944039
000d7d20_4461,11738.41219999007
000d7d20_4462,11738.347330850278
000d7d20_4463,11738.389902099625
000d7d20_4464,11738.421843635242
000d7d20_4465,11738.40135061875
000d7d20_4466,11738.562044729393
000d7d20_4467,11738.634536891796
000d7d20_4468,11738.564664467875
000d7d20_4469,11738.608451001253
000d7d20_4470,11738.58981286013
000d7d20_4471,11738.613241444045
000d7d20_4472,11738.578109877422
000d7d20_4473,11738.574291878127
000d7d20_4474,11738.61728621531
000d7d20_4475,11738.833513829137
000d7d20_4476,11738.6254174038
000d7d20_4477,11738.538102054108
000d7d20_4478,11738.841333601642
000d7d20_4479,11738.526345143478
000d7d20_4480,11738.835032895027
000d7d20_4481,11738.556674192861
000d7d20_4482,11738.566686622933
000d7d20_4483,11738.518767155552
000d7d20_4484,11738.567469555037
000d7d20_4485,11738.537893309
000d7d20_4486,11738.516478929532
000d7d20_4487,11738.79793337281
000d7d20_4488,11738.487299441804
000d7d20_4489,11738.513805568467
000d7d20_4490,11738.770444925296
000d7d20_4491,11738.775993260084
000d7d20_4492,11738.50117056829
000d7d20_4493,11738.768331800537
000d7d20_4494,11738.751040174178
000d7d20_4495,11738.45594260466
000d7d20_4496,11738.748165643858
000d7d20_4497,11738.722753691924
000d7d20_4498,11738.743013561976
000d7d20_4499,11738.440839726029
000d7d20_4500,11738.600234421523
000d7d20_4501,11738.468927444512
000d7d20_4502,11738.48523629944
000d7d20_4503,11738.471396807765
000d7d20_4504,11738.474101293676
000d7d20_4505,11738.503479570323
000d7d20_4506,11738.465541664256
000d7d20_4507,11738.48467840505
000d7d20_4508,11738.488349856474
000d7d20_4509,11738.45800931391
000d7d20_4510,11738.49800338858
000d7d20_4511,11738.46574900796
000d7d20_4512,11738.466386391345
000d7d20_4513,11738.509108233682
000d7d20_4514,11738.568028503692
000d7d20_4515,11738.582830929541
000d7d20_4516,11738.542538658186
000d7d20_4517,11738.564246321079
000d7d20_4518,11738.599341501502
000d7d20_4519,11738.713375164327
000d7d20_4520,11738.620708520762
000d7d20_4521,11738.690461215596
000d7d20_4522,11738.622824475771
000d7d20_4523,11738.60115206812
000d7d20_4524,11738.918297902677
000d7d20_4525,11738.661619086515
000d7d20_4526,11738.614446640888
000d7d20_4527,11738.633489839089
000d7d20_4528,11738.681415387899
000d7d20_4529,11738.631158640464
000d7d20_4530,11738.653130762792
000d7d20_4531,11738.904107495197
000d7d20_4532,11738.662935717515
000d7d20_4533,11738.917948084407
000d7d20_4534,11738.937809118213
000d7d20_4535,11738.65706520195
000d7d20_4536,11738.664403848967
000d7d20_4537,11738.684367844948
000d7d20_4538,11738.953255254906
000d7d20_4539,11738.683368667616
000d7d20_4540,11738.660817887325
000d7d20_4541,11738.688670666099
000d7d20_4542,11738.663765899648
000d7d20_4543,11738.716687536356
000d7d20_4544,11738.995260764637
000d7d20_4545,11738.999544559843
000d7d20_4546,11738.73461797317
000d7d20_4547,11738.789717131207
000d7d20_4548,11738.753811246563
000d7d20_4549,11739.000823348233
000d7d20_4550,11738.74310526289
000d7d20_4551,11738.73839661697
000d7d20_4552,11739.015554851703
000d7d20_4553,11738.726305268263
000d7d20_4554,11738.768078371124
000d7d20_4555,11738.753212418658
000d7d20_4556,11738.769540598021
000d7d20_4557,11738.749020050956
000d7d20_4558,11739.041282586004
000d7d20_4559,11738.908138760193
000d7d20_4560,11739.007702216257
000d7d20_4561,11738.94157549317
000d7d20_4562,11738.905202751994
000d7d20_4563,11739.014911523163
000d7d20_4564,11738.91947782158
000d7d20_4565,11738.75474571339
000d7d20_4566,11739.006794446119
000d7d20_4567,11738.755414553343
000d7d20_4568,11738.761008053323
000d7d20_4569,11739.166263047304
000d7d20_4570,11738.913628759521
000d7d20_4571,11738.946989761589
000d7d20_4572,11739.179324482493
000d7d20_4573,11739.23316164303
000d7d20_4574,11739.231253442558
000d7d20_4575,11739.193516776686
000d7d20_4576,11739.21500454968
000d7d20_4577,11739.216451087523
000d7d20_4578,11739.219245424982
000d7d20_4579,11739.219541527835
000d7d20_4580,11739.213840600112
000d7d20_4581,11738.942612731826
000d7d20_4582,11739.212804102195
000d7d20_4583,11738.979011922265
000d7d20_4584,11738.999859231179
000d7d20_4585,11738.889475160766
000d7d20_4586,11738.932513997464
000d7d20_4587,11738.902005816073
000d7d20_4588,11739.165932792597
000d7d20_4589,11738.869762898776
000d7d20_4590,11738.887729511973
000d7d20_4591,11739.143709910375
000d7d20_4592,11738.907564961337
000d7d20_4593,11739.141927262808
000d7d20_4594,11739.156243694011
000d7d20_4595,11739.135370459117
000d7d20_4596,11738.889151096719
000d7d20_4597,11738.877762890843
000d7d20_4598,11739.169703730218
000d7d20_4599,11738.891311231146
000d7d20_4600,11738.861326858087
000d7d20_4601,11738.89778319713
000d7d20_4602,11739.175526873174
000d7d20_4603,11738.913370245253
000d7d20_4604,11739.192531988001
000d7d20_4605,11739.182704465125
000d7d20_4606,11738.940570174185
000d7d20_4607,11739.191466600623
000d7d20_4608,11738.950894801925
000d7d20_4609,11738.93378682982
000d7d20_4610,11739.012599763159
000d7d20_4611,11738.951864121358
000d7d20_4612,11738.932029318328
000d7d20_4613,11738.952298674027
000d7d20_4614,11738.952390768101
000d7d20_4615,11738.925771779503
000d7d20_4616,11738.948052297503
000d7d20_4617,11739.196378395163
000d7d20_4618,11738.9321140325
000d7d20_4619,11738.957655849492
000d7d20_4620,11738.956509519905
000d7d20_4621,11738.955351249871
000d7d20_4622,11738.95612328178
000d7d20_4623,11738.934693292644
000d7d20_4624,11739.202867899015
000d7d20_4625,11738.95112237684
000d7d20_4626,11739.215023475019
000d7d20_4627,11739.205756458628
000d7d20_4628,11739.223466991716
000d7d20_4629,11739.20590560661
000d7d20_4630,11738.918441981034
000d7d20_4631,11738.91206238654
000d7d20_4632,11739.179712356614
000d7d20_4633,11739.192559974632
000d7d20_4634,11738.922107592953
000d7d20_4635,11738.92163445877
000d7d20_4636,11738.9525953286
000d7d20_4637,11739.188408307888
000d7d20_4638,11738.947103868573
000d7d20_4639,11739.05156779321
000d7d20_4640,11739.186245287514
000d7d20_4641,11739.13505593704
000d7d20_4642,11738.858672232465
000d7d20_4643,11738.859307352997
000d7d20_4644,11738.880008899065
000d7d20_4645,11738.890632625826
000d7d20_4646,11738.870234667997
000d7d20_4647,11738.837677602247
000d7d20_4648,11738.910833981308
000d7d20_4649,11738.939253177012
000d7d20_4650,11738.88647549761
000d7d20_4651,11738.96650974373
000d7d20_4652,11739.00179862367
000d7d20_4653,11739.009484141616
000d7d20_4654,11738.996656917872
000d7d20_4655,11738.937154285291
000d7d20_4656,11739.044666014956
000d7d20_4657,11738.904732384088
000d7d20_4658,11738.88366608441
000d7d20_4659,11738.923821736435
000d7d20_4660,11738.893450668853
000d7d20_4661,11738.836587344575
000d7d20_4662,11738.883450382682
000d7d20_4663,11738.837556549737
000d7d20_4664,11739.115986673489
000d7d20_4665,11738.837822859754
000d7d20_4666,11739.108347844181
000d7d20_4667,11738.805424938144
000d7d20_4668,11738.74636352417
000d7d20_4669,11738.769554821196
000d7d20_4670,11738.765721194623
000d7d20_4671,11739.026770896086
000d7d20_4672,11739.011802815614
000d7d20_4673,11739.029149315831
000d7d20_4674,11739.015148400702
000d7d20_4675,11738.721270401957
000d7d20_4676,11738.706822872935
000d7d20_4677,11738.726020227534
000d7d20_4678,11738.750080699849
000d7d20_4679,11738.972260813292
000d7d20_4680,11738.943966941044
000d7d20_4681,11738.731068371824
000d7d20_4682,11738.928010656744
000d7d20_4683,11738.870935692157
000d7d20_4684,11738.896177780947
000d7d20_4685,11738.88458040031
000d7d20_4686,11738.890938515142
000d7d20_4687,11738.875489689235
000d7d20_4688,11738.889543949394
000d7d20_4689,11738.893173661916
000d7d20_4690,11738.878733726098
000d7d20_4691,11738.857877287242
000d7d20_4692,11738.655150704079
000d7d20_4693,11738.86727330311
000d7d20_4694,11738.852746223656
000d7d20_4695,11738.887708567716
000d7d20_4696,11738.836585317935
000d7d20_4697,11738.841233185996
000d7d20_4698,11738.619998279146
000d7d20_4699,11738.889337830422
000d7d20_4700,11738.840472032052
000d7d20_4701,11738.855309062285
000d7d20_4702,11738.668913278776
000d7d20_4703,11738.905173297158
000d7d20_4704,11738.785426996292
000d7d20_4705,11738.884418636126
000d7d20_4706,11738.94764325166
000d7d20_4707,11739.08134631343
000d7d20_4708,11738.882160698597
000d7d20_4709,11738.831264132332
000d7d20_4710,11738.91004635467
000d7d20_4711,11738.965213447736
000d7d20_4712,11738.929663046229
000d7d20_4713,11738.932603951642
000d7d20_4714,11739.113653082033
000d7d20_4715,11738.839346481229
000d7d20_4716,11739.051509383251
000d7d20_4717,11738.832817230053
000d7d20_4718,11738.849547252123
000d7d20_4719,11738.834365031602
000d7d20_4720,11738.832014045767
000d7d20_4721,11738.846224165398
000d7d20_4722,11738.824364996024
000d7d20_4723,11738.84095293565
000d7d20_4724,11738.814948435413
000d7d20_4725,11738.812524293879
000d7d20_4726,11738.881468086287
000d7d20_4727,11738.877502427644
000d7d20_4728,11738.832367959229
000d7d20_4729,11738.874473309104
000d7d20_4730,11738.885662543664
000d7d20_4731,11738.888232172681
000d7d20_4732,11738.898297758615
000d7d20_4733,11739.062030638073
000d7d20_4734,11739.081103125078
000d7d20_4735,11739.09151987761
000d7d20_4736,11738.819964545599
000d7d20_4737,11739.092751847287
000d7d20_4738,11738.812064015243
000d7d20_4739,11739.013372210731
000d7d20_4740,11739.055119203611
000d7d20_4741,11739.060838661226
000d7d20_4742,11739.025883048147
000d7d20_4743,11739.009671690703
000d7d20_4744,11739.002692982167
000d7d20_4745,11738.768581898501
000d7d20_4746,11738.931516286624
000d7d20_4747,11738.9822280831
000d7d20_4748,11738.899179990154
000d7d20_4749,11738.647697665461
000d7d20_4750,11738.923713124688
000d7d20_4751,11738.94683139426
000d7d20_4752,11738.844101981937
000d7d20_4753,11738.862703192714
000d7d20_4754,11738.919618509874
000d7d20_4755,11738.848269283524
000d7d20_4756,11738.827307269372
000d7d20_4757,11738.639701813574
000d7d20_4758,11738.543508063127
000d7d20_4759,11738.553222821605
000d7d20_4760,11738.551308987357
000d7d20_4761,11738.493207864774
000d7d20_4762,11738.788536259679
000d7d20_4763,11738.49142020886
000d7d20_4764,11738.7629780679
000d7d20_4765,11738.535830047957
000d7d20_4766,11738.564359026896
000d7d20_4767,11738.717859863407
000d7d20_4768,11738.464183082013
000d7d20_4769,11738.480124480651
000d7d20_4770,11738.449351375133
000d7d20_4771,11738.45813073862
000d7d20_4772,11738.496812880087
000d7d20_4773,11738.494123361706
000d7d20_4774,11738.49205473206
000d7d20_4775,11738.491875040214
000d7d20_4776,11738.451627256076
000d7d20_4777,11738.463906924353
000d7d20_4778,11738.773073749635
000d7d20_4779,11738.784376352958
000d7d20_4780,11738.778141262812
000d7d20_4781,11738.445022245649
000d7d20_4782,11738.479541134959
000d7d20_4783,11738.475934050197
000d7d20_4784,11738.488121122327
000d7d20_4785,11738.496407079421
000d7d20_4786,11738.489562434359
000d7d20_4787,11738.4687145103
000d7d20_4788,11738.781875099668
000d7d20_4789,11738.497943881193
000d7d20_4790,11738.455135724676
000d7d20_4791,11738.49992222846
000d7d20_4792,11738.468774923986
000d7d20_4793,11738.473424947177
000d7d20_4794,11738.505518849091
000d7d20_4795,11738.517109997862
000d7d20_4796,11738.4739930463
000d7d20_4797,11738.501058965323
000d7d20_4798,11738.448065928002
000d7d20_4799,11738.494571583899
000d7d20_4800,11738.501471460102
000d7d20_4801,11738.522536067854
000d7d20_4802,11738.816674308846
000d7d20_4803,11738.81992152471
000d7d20_4804,11738.834228266704
000d7d20_4805,11738.848321946512
000d7d20_4806,11738.83590928781
000d7d20_4807,11738.832175645965
000d7d20_4808,11738.859220600625
000d7d20_4809,11738.849091089447
000d7d20_4810,11738.850456477508
000d7d20_4811,11738.842529141555
000d7d20_4812,11738.845010761228
000d7d20_4813,11738.58668484281
000d7d20_4814,11738.621234991435
000d7d20_4815,11738.885487326295
000d7d20_4816,11738.625003129891
000d7d20_4817,11738.613898210318
000d7d20_4818,11738.923100619504
000d7d20_4819,11738.94203942602
000d7d20_4820,11738.938687806345
000d7d20_4821,11738.94842428884
000d7d20_4822,11738.97299305267
000d7d20_4823,11738.686248053597
000d7d20_4824,11738.71988651423
000d7d20_4825,11738.708515003676
000d7d20_4826,11738.692553554094
000d7d20_4827,11738.722942193466
000d7d20_4828,11739.0367984461
000d7d20_4829,11739.041905974544
000d7d20_4830,11738.759836372801
000d7d20_4831,11738.796042873442
000d7d20_4832,11738.964962871461
000d7d20_4833,11738.98195645573
000d7d20_4834,11738.762322713093
000d7d20_4835,11738.961521549785
000d7d20_4836,11738.77728965924
000d7d20_4837,11738.956817964752
000d7d20_4838,11738.631684664553
000d7d20_4839,11738.614902166666
000d7d20_4840,11738.917707110657
000d7d20_4841,11738.914764021223
000d7d20_4842,11738.891843065572
000d7d20_4843,11738.897375519768
000d7d20_4844,11738.876401291516
000d7d20_4845,11738.84284468532
000d7d20_4846,11738.816131641726
000d7d20_4847,11738.528371081438
000d7d20_4848,11738.535221553479
000d7d20_4849,11738.810031975749
000d7d20_4850,11738.528105840083
000d7d20_4851,11738.529488039303
000d7d20_4852,11738.54581417616
000d7d20_4853,11738.82329112481
000d7d20_4854,11738.48602685063
000d7d20_4855,11738.49702577761
000d7d20_4856,11738.47893729486
000d7d20_4857,11738.473100949226
000d7d20_4858,11738.433133530723
000d7d20_4859,11738.397239413172
000d7d20_4860,11738.41374779385
000d7d20_4861,11738.402495341596
000d7d20_4862,11738.399863323228
000d7d20_4863,11738.388424841673
000d7d20_4864,11738.363318411768
000d7d20_4865,11738.41139164417
000d7d20_4866,11738.372796788168
000d7d20_4867,11738.383645876635
000d7d20_4868,11738.370154257229
000d7d20_4869,11738.659021910473
000d7d20_4870,11738.725911852287
000d7d20_4871,11738.67668791135
000d7d20_4872,11738.685244796328
000d7d20_4873,11738.660373781971
000d7d20_4874,11738.406057838047
000d7d20_4875,11738.53857937152
000d7d20_4876,11738.658743450498
000d7d20_4877,11738.52978813045
000d7d20_4878,11738.68518136278
000d7d20_4879,11738.423048440956
000d7d20_4880,11738.440822960269
000d7d20_4881,11738.394575460312
000d7d20_4882,11738.515647005792
000d7d20_4883,11738.422779244404
000d7d20_4884,11738.59036461101
000d7d20_4885,11738.525578347619
000d7d20_4886,11738.593387600507
000d7d20_4887,11738.64105375421
000d7d20_4888,11738.589962854
000d7d20_4889,11738.608099279756
000d7d20_4890,11738.599830635198
000d7d20_4891,11738.332994818047
000d7d20_4892,11738.40981234009
000d7d20_4893,11738.580158054116
000d7d20_4894,11738.588359394227
000d7d20_4895,11738.565580977833
000d7d20_4896,11738.603391166278
000d7d20_4897,11738.613594921964
000d7d20_4898,11738.28426551958
000d7d20_4899,11738.564093201581
000d7d20_4900,11738.280909287554
000d7d20_4901,11738.589629089049
000d7d20_4902,11738.588561422004
000d7d20_4903,11738.27006632054
000d7d20_4904,11738.598625798177
000d7d20_4905,11738.595624159172
000d7d20_4906,11738.595805176348
000d7d20_4907,11738.282021864135
000d7d20_4908,11738.383579236239
000d7d20_4909,11738.387754950105
000d7d20_4910,11738.614722983897
000d7d20_4911,11738.39235863892
000d7d20_4912,11738.408854538004
000d7d20_4913,11738.639788202068
000d7d20_4914,11738.439906867372
000d7d20_4915,11738.466324083969
000d7d20_4916,11738.696772772659
000d7d20_4917,11738.494053511704
000d7d20_4918,11738.700970218484
000d7d20_4919,11738.538420316501
000d7d20_4920,11738.407162241801
000d7d20_4921,11738.36914851092
000d7d20_4922,11738.661813110042
000d7d20_4923,11738.638141407431
000d7d20_4924,11738.32166080374
000d7d20_4925,11738.639253186968
000d7d20_4926,11738.611024890391
000d7d20_4927,11738.285559380762
000d7d20_4928,11738.596348730549
000d7d20_4929,11738.605081128777
000d7d20_4930,11738.595462247626
000d7d20_4931,11738.567657997797
000d7d20_4932,11738.575319715326
000d7d20_4933,11738.59464613396
000d7d20_4934,11738.400461112065
000d7d20_4935,11738.270510708324
000d7d20_4936,11738.392900757175
000d7d20_4937,11738.281002502474
000d7d20_4938,11738.590419376338
000d7d20_4939,11738.368141187555
000d7d20_4940,11738.394877617688
000d7d20_4941,11738.396444465583
000d7d20_4942,11738.58769149022
000d7d20_4943,11738.253832694967
000d7d20_4944,11738.554946383167
000d7d20_4945,11738.577892892945
000d7d20_4946,11738.257345125876
000d7d20_4947,11738.259187199068
000d7d20_4948,11738.55439432004
000d7d20_4949,11738.272932390164
000d7d20_4950,11738.245208685697
000d7d20_4951,11738.2817158944
000d7d20_4952,11738.576071648504
000d7d20_4953,11738.273383525835
000d7d20_4954,11738.56841209102
000d7d20_4955,11738.256523779608
000d7d20_4956,11738.27485342343
000d7d20_4957,11738.249860091079
000d7d20_4958,11738.579681710009
000d7d20_4959,11738.3131601495
000d7d20_4960,11738.270984473727
000d7d20_4961,11738.610986873611
000d7d20_4962,11738.296690096857
000d7d20_4963,11738.635386837577
000d7d20_4964,11738.290000931276
000d7d20_4965,11738.317720540228
000d7d20_4966,11738.631781279822
000d7d20_4967,11738.56594205997
000d7d20_4968,11738.303257843343
000d7d20_4969,11738.354623251636
000d7d20_4970,11738.663147838815
000d7d20_4971,11738.366611108924
000d7d20_4972,11738.325412128368
000d7d20_4973,11738.682086093535
000d7d20_4974,11738.682505044777
000d7d20_4975,11738.415755998329
000d7d20_4976,11738.378733577842
000d7d20_4977,11738.385047626498
000d7d20_4978,11738.420892508768
000d7d20_4979,11738.413512019033
000d7d20_4980,11738.430903795166
000d7d20_4981,11738.400734150644
000d7d20_4982,11738.462647879012
000d7d20_4983,11738.764065167401
000d7d20_4984,11738.44486232854
000d7d20_4985,11738.522596171635
000d7d20_4986,11738.82558031987
000d7d20_4987,11738.591152226001
000d7d20_4988,11738.538095455664
000d7d20_4989,11738.519616700563
000d7d20_4990,11738.54216871989
000d7d20_4991,11738.522833161636
000d7d20_4992,11738.526258813083
000d7d20_4993,11738.569021462168
000d7d20_4994,11738.578036188384
000d7d20_4995,11738.600621237803
000d7d20_4996,11738.541896331888
000d7d20_4997,11738.604829996926
000d7d20_4998,11738.993578549424
000d7d20_4999,11738.995857418695
000d7d20_5000,11739.007604398463
000d7d20_5001,11739.000201573872
000d7d20_5002,11739.034895448996
000d7d20_5003,11739.048843903145
000d7d20_5004,11739.05012729356
000d7d20_5005,11739.082073287676
000d7d20_5006,11739.08060737837
000d7d20_5007,11739.107753210505
000d7d20_5008,11739.134000601329
000d7d20_5009,11739.142460013165
000d7d20_5010,11738.862723132588
000d7d20_5011,11739.135290643993
000d7d20_5012,11739.170867815832
000d7d20_5013,11738.908903260362
000d7d20_5014,11739.189888209552
000d7d20_5015,11739.200239257592
000d7d20_5016,11739.223724955722
000d7d20_5017,11738.941952895952
000d7d20_5018,11738.92661434424
000d7d20_5019,11738.941244389072
000d7d20_5020,11738.95358209663
000d7d20_5021,11739.163427965355
000d7d20_5022,11739.225242983328
000d7d20_5023,11739.227165056096
000d7d20_5024,11739.028454902036
000d7d20_5025,11738.956619197796
000d7d20_5026,11739.019167469849
000d7d20_5027,11738.997914940268
000d7d20_5028,11739.022416032974
000d7d20_5029,11738.920997926054
000d7d20_5030,11738.88741542016
000d7d20_5031,11739.011345404713
000d7d20_5032,11739.020128572713
000d7d20_5033,11738.97788474348
000d7d20_5034,11738.906851521353
000d7d20_5035,11739.213598055907
000d7d20_5036,11739.220960596855
000d7d20_5037,11738.870458096484
000d7d20_5038,11739.248121207434
000d7d20_5039,11739.22593573179
000d7d20_5040,11739.220061658014
000d7d20_5041,11739.229503075665
000d7d20_5042,11738.931941027939
000d7d20_5043,11739.219987117074
000d7d20_5044,11738.911394899249
000d7d20_5045,11739.038760514683
000d7d20_5046,11739.030413587414
000d7d20_5047,11739.274540439117
000d7d20_5048,11739.0781476983
000d7d20_5049,11739.312810838703
000d7d20_5050,11739.345458411968
000d7d20_5051,11739.313631297375
000d7d20_5052,11739.327400635644
000d7d20_5053,11739.006472556737
000d7d20_5054,11739.333021058479
000d7d20_5055,11739.299455523365
000d7d20_5056,11739.303482920983
000d7d20_5057,11739.005298088836
000d7d20_5058,11739.029230406939
000d7d20_5059,11739.322702476757
000d7d20_5060,11739.322276213754
000d7d20_5061,11738.97008615332
000d7d20_5062,11739.037028777015
000d7d20_5063,11739.001849625956
000d7d20_5064,11738.964563962241
000d7d20_5065,11738.991162108734
000d7d20_5066,11738.99540041703
000d7d20_5067,11738.971673334148
000d7d20_5068,11738.997757189678
000d7d20_5069,11738.994388005482
000d7d20_5070,11739.077593990956
000d7d20_5071,11738.980974788305
000d7d20_5072,11739.346611654642
000d7d20_5073,11739.334921095986
000d7d20_5074,11739.35001915662
000d7d20_5075,11739.361716462583
000d7d20_5076,11739.35324994346
000d7d20_5077,11739.340215499145
000d7d20_5078,11739.372337316872
000d7d20_5079,11739.109602701488
000d7d20_5080,11739.145657097577
000d7d20_5081,11739.441962398214
000d7d20_5082,11739.456058958422
000d7d20_5083,11739.473666237975
000d7d20_5084,11739.479421008622
000d7d20_5085,11739.18982202164
000d7d20_5086,11739.525808566708
000d7d20_5087,11739.548641022448
000d7d20_5088,11739.214665920774
000d7d20_5089,11739.25637164891
000d7d20_5090,11739.61893129686
000d7d20_5091,11739.325380194194
000d7d20_5092,11739.34102638889
000d7d20_5093,11739.372352198105
000d7d20_5094,11739.710732692844
000d7d20_5095,11739.731003888015
000d7d20_5096,11739.736528153273
000d7d20_5097,11739.424605795291
000d7d20_5098,11739.759731083774
000d7d20_5099,11739.73316656724
000d7d20_5100,11739.689235394048
000d7d20_5101,11739.354791863963
000d7d20_5102,11739.647618597217
000d7d20_5103,11739.316925679259
000d7d20_5104,11739.63067642181
000d7d20_5105,11739.611801847408
000d7d20_5106,11739.246979562298
000d7d20_5107,11739.346508584904
000d7d20_5108,11739.291336629329
000d7d20_5109,11739.24963222491
000d7d20_5110,11739.573192755777
000d7d20_5111,11739.550356124153
000d7d20_5112,11739.230218826
000d7d20_5113,11739.533169660623
000d7d20_5114,11739.528543000388
000d7d20_5115,11739.196661051932
000d7d20_5116,11739.524318067106
000d7d20_5117,11739.530733758991
000d7d20_5118,11739.274298910845
000d7d20_5119,11739.520766600983
000d7d20_5120,11739.255457412764
000d7d20_5121,11739.508029554796
000d7d20_5122,11739.495702101518
000d7d20_5123,11739.482705155935
000d7d20_5124,11739.456549270006
000d7d20_5125,11739.443398772455
000d7d20_5126,11739.417789716044
000d7d20_5127,11739.432525388675
000d7d20_5128,11739.19387526588
000d7d20_5129,11739.020463075136
000d7d20_5130,11739.35683434475
000d7d20_5131,11738.986635433273
000d7d20_5132,11738.942383139452
000d7d20_5133,11739.3027106522
000d7d20_5134,11739.314683122177
000d7d20_5135,11739.290360145238
000d7d20_5136,11739.276303812581
000d7d20_5137,11738.917160263853
000d7d20_5138,11739.013376839848
000d7d20_5139,11739.003318025745
000d7d20_5140,11738.953870042782
000d7d20_5141,11739.122869739807
000d7d20_5142,11739.106790093983
000d7d20_5143,11738.975766041387
000d7d20_5144,11739.117597317447
000d7d20_5145,11739.297336835276
000d7d20_5146,11739.052859049507
000d7d20_5147,11738.913766515667
000d7d20_5148,11738.942648208962
000d7d20_5149,11738.943827070254
000d7d20_5150,11738.985475782865
000d7d20_5151,11738.977123718041
000d7d20_5152,11739.255422606268
000d7d20_5153,11739.121069661624
000d7d20_5154,11739.28135387255
000d7d20_5155,11739.09695229193
000d7d20_5156,11739.010188329874
000d7d20_5157,11739.268359807877
000d7d20_5158,11739.125282690991
000d7d20_5159,11739.014159580565
000d7d20_5160,11739.020325187226
000d7d20_5161,11739.003919134611
000d7d20_5162,11738.98742144811
000d7d20_5163,11739.031147840207
000d7d20_5164,11739.032744957545
000d7d20_5165,11738.97851497042
000d7d20_5166,11739.003932253701
000d7d20_5167,11739.018940688129
000d7d20_5168,11739.022131057838
000d7d20_5169,11739.03087260321
000d7d20_5170,11738.994652746154
000d7d20_5171,11739.09771028847
000d7d20_5172,11739.071702725128
000d7d20_5173,11739.406674736218
000d7d20_5174,11739.41137281426
000d7d20_5175,11739.065337428678
000d7d20_5176,11739.071403477457
000d7d20_5177,11739.06518772888
000d7d20_5178,11739.108467170845
000d7d20_5179,11739.10905396815
000d7d20_5180,11739.459641163983
000d7d20_5181,11739.483788147914
000d7d20_5182,11739.481268124815
000d7d20_5183,11739.16604737171
000d7d20_5184,11739.163492667674
000d7d20_5185,11739.526409323635
000d7d20_5186,11739.207991031555
000d7d20_5187,11739.183800922425
000d7d20_5188,11739.21354571042
000d7d20_5189,11739.215645073362
000d7d20_5190,11739.201365058205
000d7d20_5191,11739.496798306162
000d7d20_5192,11739.292339706466
000d7d20_5193,11739.18509024236
000d7d20_5194,11739.486840729489
000d7d20_5195,11739.460199356492
000d7d20_5196,11739.458605308173
000d7d20_5197,11739.447509568596
000d7d20_5198,11739.451058619965
000d7d20_5199,11739.078947985834
000d7d20_5200,11739.400579740191
000d7d20_5201,11739.407034317363
000d7d20_5202,11739.375190215262
000d7d20_5203,11739.384820950569
000d7d20_5204,11739.380992490282
000d7d20_5205,11739.139956765839
000d7d20_5206,11739.36250695145
000d7d20_5207,11738.999049713153
000d7d20_5208,11739.014982482535
000d7d20_5209,11739.019921199017
000d7d20_5210,11739.3299380361
000d7d20_5211,11738.991392343787
000d7d20_5212,11738.987765957821
000d7d20_5213,11739.003254590378
000d7d20_5214,11739.001626217567
000d7d20_5215,11739.313327793694
000d7d20_5216,11739.296309448751
000d7d20_5217,11738.987092064775
000d7d20_5218,11739.306251590566
000d7d20_5219,11739.28256661328
000d7d20_5220,11739.298650384972
000d7d20_5221,11738.965628833128
000d7d20_5222,11739.276468173326
000d7d20_5223,11738.966056744828
000d7d20_5224,11739.269869351641
000d7d20_5225,11739.269016866912
000d7d20_5226,11739.25448479116
000d7d20_5227,11738.878084983564
000d7d20_5228,11738.886945023307
000d7d20_5229,11738.857705858425
000d7d20_5230,11738.884268226142
000d7d20_5231,11738.86114557618
000d7d20_5232,11738.898313406387
000d7d20_5233,11738.871250025293
000d7d20_5234,11738.865997815661
000d7d20_5235,11738.853078116812
000d7d20_5236,11738.853601975905
000d7d20_5237,11738.921795282567
000d7d20_5238,11738.86438276365
000d7d20_5239,11739.198342301726
000d7d20_5240,11738.932939568243
000d7d20_5241,11738.854659554301
000d7d20_5242,11738.924330267986
000d7d20_5243,11738.904368746
000d7d20_5244,11738.900534916054
000d7d20_5245,11739.213899867265
000d7d20_5246,11738.932836497506
000d7d20_5247,11739.227872245548
000d7d20_5248,11738.893296416256
000d7d20_5249,11738.877317021615
000d7d20_5250,11738.920568392085
000d7d20_5251,11738.958977612021
000d7d20_5252,11738.924114469213
000d7d20_5253,11739.287037431528
000d7d20_5254,11738.957727393625
000d7d20_5255,11738.940905692234
000d7d20_5256,11738.959273892013
000d7d20_5257,11738.944255106071
000d7d20_5258,11739.316368942838
000d7d20_5259,11739.277307951703
000d7d20_5260,11739.293389759809
000d7d20_5261,11738.995348948944
000d7d20_5262,11739.354518489892
000d7d20_5263,11739.008138906267
000d7d20_5264,11739.354808270647
000d7d20_5265,11739.140670531957
000d7d20_5266,11739.153155958686
000d7d20_5267,11739.407833764577
000d7d20_5268,11739.196065285592
000d7d20_5269,11739.204951045109
000d7d20_5270,11739.203063926298
000d7d20_5271,11739.431943515965
000d7d20_5272,11739.450371654748
000d7d20_5273,11739.250625524668
000d7d20_5274,11739.260852708563
000d7d20_5275,11739.254374342763
000d7d20_5276,11739.499149193218
000d7d20_5277,11739.29525477395
00bbac68_1545,12223.497949353488
00bbac68_1546,12223.514879314866
00bbac68_1547,12223.741349140502
00bbac68_1548,12223.545704434971
00bbac68_1549,12223.57480150438
00bbac68_1550,12223.576820412178
00bbac68_1551,12223.59699923687
00bbac68_1552,12223.67642742818
00bbac68_1553,12223.729314767092
00bbac68_1554,12223.648061405082
00bbac68_1555,12223.717212385462
00bbac68_1556,12223.704211779757
00bbac68_1557,12223.684037422196
00bbac68_1558,12223.804529302859
00bbac68_1559,12223.814005850787
00bbac68_1560,12223.713167627473
00bbac68_1561,12223.841233060222
00bbac68_1562,12223.774208700863
00bbac68_1563,12223.83763994908
00bbac68_1564,12223.90051100758
00bbac68_1565,12223.990309956493
00bbac68_1566,12223.924870667377
00bbac68_1567,12223.985101093465
00bbac68_1568,12224.012929658602
00bbac68_1569,12224.017039158301
00bbac68_1570,12224.047422522273
00bbac68_1571,12224.059950277388
00bbac68_1572,12224.07782533116
00bbac68_1573,12224.086120752401
00bbac68_1574,12224.09613718055
00bbac68_1575,12224.10169596632
00bbac68_1576,12224.114724369118
00bbac68_1577,12224.099950690637
00bbac68_1578,12224.159244309667
00bbac68_1579,12224.072442801778
00bbac68_1580,12224.215650839427
00bbac68_1581,12224.16423590028
00bbac68_1582,12224.22952840484
00bbac68_1583,12224.148085269046
00bbac68_1584,12224.240445298046
00bbac68_1585,12224.249045042612
00bbac68_1586,12224.241096458529
00bbac68_1587,12224.29545150388
00bbac68_1588,12224.316212489684
00bbac68_1589,12224.28112479638
00bbac68_1590,12224.378335588395
00bbac68_1591,12224.456622778618
00bbac68_1592,12224.393904391676
00bbac68_1593,12224.3717394236
00bbac68_1594,12224.54867656203
00bbac68_1595,12224.47305664072
00bbac68_1596,12224.501426129318
00bbac68_1597,12224.611701433165
00bbac68_1598,12224.557594566399
00bbac68_1599,12224.579148051844
00bbac68_1600,12224.732376201584
00bbac68_1601,12224.744955213426
00bbac68_1602,12224.698670289878
00bbac68_1603,12224.782902649102
00bbac68_1604,12224.790079756767
00bbac68_1605,12224.857643672976
00bbac68_1606,12224.886435437164
00bbac68_1607,12224.891291592578
00bbac68_1608,12224.914219590704
00bbac68_1609,12224.89782824491
00bbac68_1610,12224.963306443331
00bbac68_1611,12224.973360306623
00bbac68_1612,12224.940365387709
00bbac68_1613,12224.963843184352
00bbac68_1614,12224.946624105061
00bbac68_1615,12224.94654965225
00bbac68_1616,12224.901849663936
00bbac68_1617,12224.933354225195
00bbac68_1618,12224.901834577078
00bbac68_1619,12224.931603218229
00bbac68_1620,12224.98984740449
00bbac68_1621,12224.964591362304
00bbac68_1622,12225.040235134935
00bbac68_1623,12225.021686584985
00bbac68_1624,12225.081647655425
00bbac68_1625,12225.116795595952
00bbac68_1626,12225.122485490077
00bbac68_1627,12225.154570617027
00bbac68_1628,12225.23754576474
00bbac68_1629,12225.249311031374
00bbac68_1630,12225.261223814015
00bbac68_1631,12225.262023712048
00bbac68_1632,12225.267525147858
00bbac68_1633,12225.300994130059
00bbac68_1634,12225.302913175121
00bbac68_1635,12225.27053656738
00bbac68_1636,12225.378766066542
00bbac68_1637,12225.318230224291
00bbac68_1638,12225.34456792805
00bbac68_1639,12225.377827867513
00bbac68_1640,12225.277917789845
00bbac68_1641,12225.42185004928
00bbac68_1642,12225.455676070838
00bbac68_1643,12225.561319814671
00bbac68_1644,12225.548728709713
00bbac68_1645,12225.488344864956
00bbac68_1646,12225.699701916754
00bbac68_1647,12225.670308577346
00bbac68_1648,12225.671987009748
00bbac68_1649,12225.805944356336
00bbac68_1650,12225.816675682858
00bbac68_1651,12225.832839196091
00bbac68_1652,12225.812581097667
00bbac68_1653,12225.828550422477
00bbac68_1654,12225.784308515898
00bbac68_1655,12225.876535366755
00bbac68_1656,12225.892914042948
00bbac68_1657,12225.893967053882
00bbac68_1658,12225.88449055988
00bbac68_1659,12226.007183306101
00bbac68_1660,12226.005783795576
00bbac68_1661,12226.029062057929
00bbac68_1662,12225.976096972683
00bbac68_1663,12226.065099452257
00bbac68_1664,12226.106219118281
00bbac68_1665,12226.074538394394
00bbac68_1666,12226.1033023069
00bbac68_1667,12226.135182498776
00bbac68_1668,12226.222135903865
00bbac68_1669,12226.146017441002
00bbac68_1670,12226.170170264048
00bbac68_1671,12226.268867739116
00bbac68_1672,12226.212028247917
00bbac68_1673,12226.232498744535
00bbac68_1674,12226.33516644126
00bbac68_1675,12226.279004683554
00bbac68_1676,12226.286841574252
00bbac68_1677,12226.382346845243
00bbac68_1678,12226.332238707506
00bbac68_1679,12226.359226219398
00bbac68_1680,12226.443524611286
00bbac68_1681,12226.468747560844
00bbac68_1682,12226.36379453641
00bbac68_1683,12226.387525318407
00bbac68_1684,12226.401272625051
00bbac68_1685,12226.442725391991
00bbac68_1686,12226.496075622757
00bbac68_1687,12226.445728301607
00bbac68_1688,12226.519090375814
00bbac68_1689,12226.531944307138
00bbac68_1690,12226.49835081375
00bbac68_1691,12226.518288991701
00bbac68_1692,12226.542277966846
00bbac68_1693,12226.56530262365
00bbac68_1694,12226.564807649616
00bbac68_1695,12226.574451720462
00bbac68_1696,12226.596001909382
00bbac68_1697,12226.60119836806
00bbac68_1698,12226.619542869237
00bbac68_1699,12226.722485945567
00bbac68_1700,12226.852660527064
00bbac68_1701,12226.896885706725
00bbac68_1702,12226.906397317081
00bbac68_1703,12227.026923662499
00bbac68_1704,12227.092012997373
00bbac68_1705,12227.170699774335
00bbac68_1706,12227.294148345392
00bbac68_1707,12227.365433923884
00bbac68_1708,12227.392032491463
00bbac68_1709,12227.385957908535
00bbac68_1710,12227.463241650503
00bbac68_1711,12227.446270043578
00bbac68_1712,12227.448237726636
00bbac68_1713,12227.585351981434
00bbac68_1714,12227.595409860749
00bbac68_1715,12227.644014541755
00bbac68_1716,12227.66939388574
00bbac68_1717,12227.703946406367
00bbac68_1718,12227.763014832935
00bbac68_1719,12227.771556366408
00bbac68_1720,12227.793462693307
00bbac68_1721,12227.83745685814
00bbac68_1722,12227.774188783576
00bbac68_1723,12227.674991943624
00bbac68_1724,12227.811580238507
00bbac68_1725,12227.884865606859
00bbac68_1726,12227.80903582169
00bbac68_1727,12227.819360060732
00bbac68_1728,12227.920526142372
00bbac68_1729,12227.787152736955
00bbac68_1730,12227.833005386125
00bbac68_1731,12227.817480188152
00bbac68_1732,12227.84248092167
00bbac68_1733,12228.060817196134
00bbac68_1734,12227.952455195351
00bbac68_1735,12227.94882930914
00bbac68_1736,12228.094083894412
00bbac68_1737,12228.156950376084
00bbac68_1738,12228.20827289245
00bbac68_1739,12228.196351950424
00bbac68_1740,12228.057826903543
00bbac68_1741,12227.858104191075
00bbac68_1742,12227.4285724297
00bbac68_1743,12227.420986981353
00bbac68_1744,12227.28380253696
00bbac68_1745,12227.479856644915
00bbac68_1746,12227.452916220082
00bbac68_1747,12227.524031581925
00bbac68_1748,12227.56348048922
00bbac68_1749,12227.666210831043
00bbac68_1750,12227.679050589613
00bbac68_1751,12227.759629308817
00bbac68_1752,12227.896081769395
00bbac68_1753,12227.920285017428
00bbac68_1754,12227.987803539452
00bbac68_1755,12228.064008389561
00bbac68_1756,12228.103354511659
00bbac68_1757,12228.270158543992
00bbac68_1758,12228.21968375143
00bbac68_1759,12228.254567675585
00bbac68_1760,12228.424872085221
00bbac68_1761,12228.466053349039
00bbac68_1762,12228.504893509908
00bbac68_1763,12228.520475846839
00bbac68_1764,12228.546958811381
00bbac68_1765,12228.565272835793
00bbac68_1766,12228.517699544866
00bbac68_1767,12228.231345452024
00bbac68_1768,12228.446521116228
00bbac68_1769,12228.33028230487
00bbac68_1770,12228.231259509756
00bbac68_1771,12228.278906992662
00bbac68_1772,12228.436003024546
00bbac68_1773,12228.419247961041
00bbac68_1774,12228.329692072522
00bbac68_1775,12228.525132881052
00bbac68_1776,12228.520875424829
00bbac68_1777,12228.352972323115
00bbac68_1778,12228.549348023014
00bbac68_1779,12228.389063687055
00bbac68_1780,12228.348443598617
00bbac68_1781,12228.553907834734
00bbac68_1782,12228.478730955381
00bbac68_1783,12228.473876128866
00bbac68_1784,12228.452844760559
00bbac68_1785,12228.573333231325
00bbac68_1786,12228.534127728439
00bbac68_1787,12228.629113123634
00bbac68_1788,12228.630550594688
00bbac68_1789,12228.682076647197
00bbac68_1790,12228.486927806745
00bbac68_1791,12228.542162336042
00bbac68_1792,12228.687291564553
00bbac68_1793,12228.625620783869
00bbac68_1794,12228.66874472799
00bbac68_1795,12228.668413133328
00bbac68_1796,12228.602982377091
00bbac68_1797,12228.726863322827
00bbac68_1798,12228.637365120501
00bbac68_1799,12228.583282545658
00bbac68_1800,12228.656067782995
00bbac68_1801,12228.54416979031
00bbac68_1802,12228.522108972484
00bbac68_1803,12228.421413828164
00bbac68_1804,12228.507587146692
00bbac68_1805,12228.469300088358
00bbac68_1806,12228.28880251427
00bbac68_1807,12228.484232023819
00bbac68_1808,12228.550902532572
00bbac68_1809,12228.531812074369
00bbac68_1810,12228.472891558027
00bbac68_1811,12228.520374753532
00bbac68_1812,12228.49835315826
00bbac68_1813,12228.372165928864
00bbac68_1814,12228.524259360014
00bbac68_1815,12228.38103914845
00bbac68_1816,12228.579073263581
00bbac68_1817,12228.500076525288
00bbac68_1818,12228.520865807517
00bbac68_1819,12228.782096337676
00bbac68_1820,12228.762431256604
00bbac68_1821,12228.841556985122
00bbac68_1822,12228.839741388136
00bbac68_1823,12228.863101901305
00bbac68_1824,12228.748603016851
00bbac68_1825,12228.822845478355
00bbac68_1826,12228.68423226007
00bbac68_1827,12228.813038789234
00bbac68_1828,12228.776562104717
00bbac68_1829,12228.678025960791
00bbac68_1830,12228.824713820179
00bbac68_1831,12228.812348197938
00bbac68_1832,12228.69400864008
00bbac68_1833,12228.623835770439
00bbac68_1834,12228.738944365654
00bbac68_1835,12228.670123653334
00bbac68_1836,12228.691474692681
00bbac68_1837,12228.822529476425
00bbac68_1838,12228.69416374907
00bbac68_1839,12228.643459514522
00bbac68_1840,12228.772829985544
00bbac68_1841,12228.69023919331
00bbac68_1842,12228.790409035326
00bbac68_1843,12228.831837185107
00bbac68_1844,12228.625582369805
00bbac68_1845,12228.813591623088
00bbac68_1846,12228.690957380795
00bbac68_1847,12228.706210204105
00bbac68_1848,12228.775119658492
00bbac68_1849,12228.789727644129
00bbac68_1850,12228.786343292086
00bbac68_1851,12228.659625024427
00bbac68_1852,12228.783876208086
00bbac68_1853,12228.792197577857
00bbac68_1854,12228.678066719085
00bbac68_1855,12228.865947989007
00bbac68_1856,12228.710232742207
00bbac68_1857,12228.825729851875
00bbac68_1858,12228.817405197895
00bbac68_1859,12228.822080253909
00bbac68_1860,12228.821810985712
00bbac68_1861,12228.71280438111
00bbac68_1862,12228.723597337123
00bbac68_1863,12228.66136583617
00bbac68_1864,12228.7379992061
00bbac68_1865,12228.789863279017
00bbac68_1866,12228.83639214994
00bbac68_1867,12228.846865542024
00bbac68_1868,12228.747072827175
00bbac68_1869,12228.76330842221
00bbac68_1870,12228.823604108615
00bbac68_1871,12228.85328942398
00bbac68_1872,12228.881094604652
00bbac68_1873,12228.696462074611
00bbac68_1874,12228.898523652722
00bbac68_1875,12228.876378804456
00bbac68_1876,12228.755582793881
00bbac68_1877,12228.914084153197
00bbac68_1878,12228.875648173465
00bbac68_1879,12228.765238692291
00bbac68_1880,12228.9161425783
00bbac68_1881,12228.90592431711
00bbac68_1882,12228.942008671656
00bbac68_1883,12228.982443636956
00bbac68_1884,12228.960026157718
00bbac68_1885,12229.133917132833
00bbac68_1886,12229.156279339106
00bbac68_1887,12229.176191301369
00bbac68_1888,12229.16731245683
00bbac68_1889,12229.16597272926
00bbac68_1890,12229.176697610606
00bbac68_1891,12229.133936657025
00bbac68_1892,12229.040871086365
00bbac68_1893,12229.034890361556
00bbac68_1894,12228.886279739283
00bbac68_1895,12228.979382635178
00bbac68_1896,12229.067770905513
00bbac68_1897,12229.063185463836
00bbac68_1898,12228.983295991513
00bbac68_1899,12228.976580356204
00bbac68_1900,12228.986257903394
00bbac68_1901,12228.96911413333
00bbac68_1902,12228.93655373489
00bbac68_1903,12228.700157820964
00bbac68_1904,12228.953912605353
00bbac68_1905,12228.91288000895
00bbac68_1906,12228.70447263678
00bbac68_1907,12228.982232112086
00bbac68_1908,12229.027320055917
00bbac68_1909,12229.013906150525
00bbac68_1910,12229.015528774366
00bbac68_1911,12228.852369380373
00bbac68_1912,12228.718467572282
00bbac68_1913,12228.552322735706
00bbac68_1914,12228.538447272515
00bbac68_1915,12228.431956154333
00bbac68_1916,12228.517490889915
00bbac68_1917,12228.458507362928
00bbac68_1918,12228.46433763173
00bbac68_1919,12228.57769823337
00bbac68_1920,12228.493691319984
00bbac68_1921,12228.647488331115
00bbac68_1922,12228.724567950943
00bbac68_1923,12228.668989354426
00bbac68_1924,12228.462530528494
00bbac68_1925,12228.704613029791
00bbac68_1926,12228.543419142028
00bbac68_1927,12228.67519702911
00bbac68_1928,12228.706863455689
00bbac68_1929,12228.552647473623
00bbac68_1930,12228.51959808984
00bbac68_1931,12228.664136336098
00bbac68_1932,12228.646642093972
00bbac68_1933,12228.643741438926
00bbac68_1934,12228.666471630588
00bbac68_1935,12228.791419178677
00bbac68_1936,12228.848737561182
00bbac68_1937,12228.83877452957
00bbac68_1938,12228.854959233398
00bbac68_1939,12228.843594494843
00bbac68_1940,12228.730489252384
00bbac68_1941,12228.757277182835
00bbac68_1942,12228.91633449335
00bbac68_1943,12228.689913683524
00bbac68_1944,12228.968332700182
00bbac68_1945,12228.82590428446
00bbac68_1946,12228.80250211134
00bbac68_1947,12228.79221781688
00bbac68_1948,12228.798986446232
00bbac68_1949,12228.76063174858
00bbac68_1950,12228.945147313801
00bbac68_1951,12228.790680197184
00bbac68_1952,12228.93233053429
00bbac68_1953,12228.793765620427
00bbac68_1954,12228.983050870698
00bbac68_1955,12228.821770724753
00bbac68_1956,12228.918408612639
00bbac68_1957,12229.091290722434
00bbac68_1958,12228.968644909928
00bbac68_1959,12229.011189212093
00bbac68_1960,12228.978320766662
00bbac68_1961,12229.090734257366
00bbac68_1962,12229.080143202038
00bbac68_1963,12229.00708016603
00bbac68_1964,12229.112770169359
00bbac68_1965,12229.109579859229
00bbac68_1966,12228.969427292346
00bbac68_1967,12229.120507651476
00bbac68_1968,12229.175600497087
00bbac68_1969,12229.135195839326
00bbac68_1970,12229.131855223119
00bbac68_1971,12229.297009325459
00bbac68_1972,12229.231634327143
00bbac68_1973,12229.14016868778
00bbac68_1974,12229.313375510372
00bbac68_1975,12229.146066785757
00bbac68_1976,12229.150340526214
00bbac68_1977,12229.373796024664
00bbac68_1978,12229.232940145264
00bbac68_1979,12229.367733664569
00bbac68_1980,12229.397698334926
00bbac68_1981,12229.276165141491
00bbac68_1982,12229.423933085956
00bbac68_1983,12229.258244547429
00bbac68_1984,12229.25645453727
00bbac68_1985,12229.25385227448
00bbac68_1986,12229.168687440606
00bbac68_1987,12229.276759757147
00bbac68_1988,12229.286639298594
00bbac68_1989,12229.291528817872
00bbac68_1990,12229.297348172942
00bbac68_1991,12229.282357718745
00bbac68_1992,12229.235910398085
00bbac68_1993,12229.27287839606
00bbac68_1994,12229.283604023429
00bbac68_1995,12229.380977414354
00bbac68_1996,12229.413265205625
00bbac68_1997,12229.430691262212
00bbac68_1998,12229.416340995405
00bbac68_1999,12229.52233558618
00bbac68_2000,12229.467729734824
00bbac68_2001,12229.348048883678
00bbac68_2002,12229.263046791493
00bbac68_2003,12229.517768053372
00bbac68_2004,12229.110602859331
00bbac68_2005,12229.243293844225
00bbac68_2006,12229.5487716337
00bbac68_2007,12229.082318580724
00bbac68_2008,12229.071202945832
00bbac68_2009,12229.352652359734
00bbac68_2010,12229.189965703707
00bbac68_2011,12229.204127054165
00bbac68_2012,12229.496929324605
00bbac68_2013,12229.207795779615
00bbac68_2014,12229.1621743542
00bbac68_2015,12229.461742402076
00bbac68_2016,12229.209488617227
00bbac68_2017,12229.218550455915
00bbac68_2018,12229.494772772467
00bbac68_2019,12229.265471777106
00bbac68_2020,12229.257292535269
00bbac68_2021,12229.48845870779
00bbac68_2022,12229.000007249348
00bbac68_2023,12228.834262959794
00bbac68_2024,12229.052131052675
00bbac68_2025,12229.254580044593
00bbac68_2026,12229.10210262864
00bbac68_2027,12229.336063611025
00bbac68_2028,12229.354283800236
00bbac68_2029,12229.202470008478
00bbac68_2030,12229.395881235241
00bbac68_2031,12229.44774029481
00bbac68_2032,12229.231615761657
00bbac68_2033,12229.44425351671
00bbac68_2034,12229.423016757173
00bbac68_2035,12229.351951621924
00bbac68_2036,12229.421568857608
00bbac68_2037,12229.337010469128
00bbac68_2038,12229.357517042465
00bbac68_2039,12229.350126142128
00bbac68_2040,12229.37694942566
00bbac68_2041,12229.44580476802
00bbac68_2042,12229.36845194453
00bbac68_2043,12229.433201171109
00bbac68_2044,12229.408722256785
00bbac68_2045,12229.329065215694
00bbac68_2046,12229.539392236264
00bbac68_2047,12229.319461072888
00bbac68_2048,12229.554935255252
00bbac68_2049,12229.58761034743
00bbac68_2050,12229.177873805696
00bbac68_2051,12229.314742793455
00bbac68_2052,12229.298712808963
00bbac68_2053,12229.315336782622
00bbac68_2054,12229.333200843012
00bbac68_2055,12229.576175083715
00bbac68_2056,12229.342443148205
00bbac68_2057,12229.575743088873
00bbac68_2058,12229.542171503479
00bbac68_2059,12229.322661629712
00bbac68_2060,12229.55181557543
00bbac68_2061,12229.277460934145
00bbac68_2062,12229.565388137584
00bbac68_2063,12229.584465600528
00bbac68_2064,12229.581068796606
00bbac68_2065,12229.59118458277
00bbac68_2066,12229.586809317203
00bbac68_2067,12229.375164836083
00bbac68_2068,12229.585268619905
00bbac68_2069,12229.4345874907
00bbac68_2070,12229.37853957601
00bbac68_2071,12229.564160264466
00bbac68_2072,12229.381530389042
00bbac68_2073,12229.373964628365
00bbac68_2074,12229.305224108644
00bbac68_2075,12229.251379336787
00bbac68_2076,12229.213002198347
00bbac68_2077,12229.3439220325
00bbac68_2078,12229.269867688323
00bbac68_2079,12229.241065224433
00bbac68_2080,12229.295405839548
00bbac68_2081,12229.45655472829
00bbac68_2082,12229.364745426534
00bbac68_2083,12229.454927875573
00bbac68_2084,12229.484669217998
00bbac68_2085,12229.444476306495
00bbac68_2086,12229.459596504661
00bbac68_2087,12229.480869454965
00bbac68_2088,12229.46989070342
00bbac68_2089,12229.484354881459
00bbac68_2090,12229.526156626998
00bbac68_2091,12229.528915331864
00bbac68_2092,12229.550278623869
00bbac68_2093,12229.577180465412
00bbac68_2094,12229.687317846898
00bbac68_2095,12229.464574936861
00bbac68_2096,12229.46267232993
00bbac68_2097,12229.464950939935
00bbac68_2098,12229.397372207348
00bbac68_2099,12229.54096702685
00bbac68_2100,12229.69263393541
00bbac68_2101,12229.677732209864
00bbac68_2102,12229.693833845415
00bbac68_2103,12229.687715810014
00bbac68_2104,12229.737028879481
00bbac68_2105,12229.771081484365
00bbac68_2106,12229.816630515092
00bbac68_2107,12229.8148265208
00bbac68_2108,12229.63333437846
00bbac68_2109,12229.847566266772
00bbac68_2110,12229.821967295742
00bbac68_2111,12229.815331862166
00bbac68_2112,12229.822469090712
00bbac68_2113,12229.387965814796
00bbac68_2114,12229.698001229059
00bbac68_2115,12229.793291297536
00bbac68_2116,12229.754732583951
00bbac68_2117,12229.78246653536
00bbac68_2118,12229.788783373171
00bbac68_2119,12229.701372211855
00bbac68_2120,12229.70912888995
00bbac68_2121,12229.787052963355
00bbac68_2122,12229.778271787498
00bbac68_2123,12229.625935580461
00bbac68_2124,12229.832032871573
00bbac68_2125,12229.841375426982
00bbac68_2126,12229.66520442682
00bbac68_2127,12229.864524173081
00bbac68_2128,12229.88927293991
00bbac68_2129,12229.79582056776
00bbac68_2130,12229.761426566518
00bbac68_2131,12229.932918958204
00bbac68_2132,12229.745586669955
00bbac68_2133,12229.884650524516
00bbac68_2134,12229.906868956632
00bbac68_2135,12229.874863554576
00bbac68_2136,12229.906335814125
00bbac68_2137,12229.876278566964
00bbac68_2138,12229.620462734383
00bbac68_2139,12229.680040713274
00bbac68_2140,12229.711271166718
00bbac68_2141,12229.886920107494
00bbac68_2142,12229.812502818819
00bbac68_2143,12229.816297753441
00bbac68_2144,12229.78586124669
00bbac68_2145,12229.835885470522
00bbac68_2146,12229.820078551362
00bbac68_2147,12229.80526991338
00bbac68_2148,12229.815068489264
00bbac68_2149,12229.830008361718
00bbac68_2150,12229.853477212528
00bbac68_2151,12229.87837931668
00bbac68_2152,12229.887787749884
00bbac68_2153,12229.95596033989
00bbac68_2154,12229.97195880502
00bbac68_2155,12229.968971009257
00bbac68_2156,12229.923366956795
00bbac68_2157,12229.985067367643
00bbac68_2158,12229.915272361315
00bbac68_2159,12229.844757790215
00bbac68_2160,12229.822304260555
00bbac68_2161,12230.007691857087
00bbac68_2162,12230.013587701225
00bbac68_2163,12229.948392902752
00bbac68_2164,12229.948113748946
00bbac68_2165,12230.01452268704
00bbac68_2166,12229.977548148534
00bbac68_2167,12229.990887498343
00bbac68_2168,12229.987620243544
00bbac68_2169,12229.9843429872
00bbac68_2170,12229.952810621258
00bbac68_2171,12229.991030497107
00bbac68_2172,12229.967364486047
00bbac68_2173,12229.976642718426
00bbac68_2174,12229.9908561366
00bbac68_2175,12229.970589870825
00bbac68_2176,12229.96885274852
00bbac68_2177,12229.910251271
00bbac68_2178,12229.9445714399
00bbac68_2179,12229.933428081062
00bbac68_2180,12229.891530114244
00bbac68_2181,12229.911424566246
00bbac68_2182,12229.919822544678
00bbac68_2183,12229.596855336556
00bbac68_2184,12229.86210229415
00bbac68_2185,12229.853910957516
00bbac68_2186,12229.803308693137
00bbac68_2187,12229.863693493504
00bbac68_2188,12229.845558449622
00bbac68_2189,12229.806066107776
00bbac68_2190,12229.82105549796
00bbac68_2191,12229.677530946503
00bbac68_2192,12229.570777194676
00bbac68_2193,12229.407102772566
00bbac68_2194,12229.469893860996
00bbac68_2195,12229.63010983045
00bbac68_2196,12229.955395309127
00bbac68_2197,12230.036913566237
00bbac68_2198,12230.049031053582
00bbac68_2199,12230.057588783675
00bbac68_2200,12229.940769248302
00bbac68_2201,12230.080290880724
00bbac68_2202,12229.770319372488
00bbac68_2203,12230.01366348174
00bbac68_2204,12229.834914604487
00bbac68_2205,12229.979719301673
00bbac68_2206,12229.962856120104
00bbac68_2207,12229.872742679276
00bbac68_2208,12229.772519419133
00bbac68_2209,12229.650098654474
00bbac68_2210,12229.82556210588
00bbac68_2211,12229.828049005439
00bbac68_2212,12229.823776352327
00bbac68_2213,12229.553916387234
00bbac68_2214,12229.67107083714
00bbac68_2215,12229.665588447693
00bbac68_2216,12229.72005708658
00bbac68_2217,12229.475263510629
00bbac68_2218,12229.4036060957
00bbac68_2219,12229.520840609715
00bbac68_2220,12229.453450866797
00bbac68_2221,12229.48930107074
00bbac68_2222,12229.237683712514
00bbac68_2223,12229.456038148952
00bbac68_2224,12229.490098393242
00bbac68_2225,12229.380859216795
00bbac68_2226,12229.620522340876
00bbac68_2227,12229.616303439778
00bbac68_2228,12229.620855353309
00bbac68_2229,12229.662114746056
00bbac68_2230,12229.697596122845
00bbac68_2231,12229.651507530663
00bbac68_2232,12229.801166033894
00bbac68_2233,12229.92197544388
00bbac68_2234,12229.889809919696
00bbac68_2235,12229.66614079359
00bbac68_2236,12229.67219423466
00bbac68_2237,12229.989014143048
00bbac68_2238,12229.69482425127
00bbac68_2239,12229.956166811346
00bbac68_2240,12229.71728227772
00bbac68_2241,12229.741866426057
00bbac68_2242,12229.808638821101
00bbac68_2243,12230.050805954581
00bbac68_2244,12230.061140248017
00bbac68_2245,12230.068340788928
00bbac68_2246,12229.797387286455
00bbac68_2247,12230.05263521232
00bbac68_2248,12229.987052052235
00bbac68_2249,12229.769423894259
00bbac68_2250,12229.761270692383
00bbac68_2251,12229.794633439946
00bbac68_2252,12229.98795000035
00bbac68_2253,12229.743127544281
00bbac68_2254,12229.985454685164
00bbac68_2255,12229.495818556956
00bbac68_2256,12229.543133629322
00bbac68_2257,12229.626664560896
00bbac68_2258,12229.584695190364
00bbac68_2259,12229.736161752688
00bbac68_2260,12230.072665273852
00bbac68_2261,12229.918381046225
00bbac68_2262,12230.119587827543
00bbac68_2263,12230.441082506875
00bbac68_2264,12230.185947688326
00bbac68_2265,12230.386737141827
00bbac68_2266,12230.761972863209
00bbac68_2267,12230.437252050338
00bbac68_2268,12230.55172255314
00bbac68_2269,12230.590405245079
00bbac68_2270,12230.62368340167
00bbac68_2271,12230.64594258797
00bbac68_2272,12230.966114169123
00bbac68_2273,12230.64633709114
00bbac68_2274,12230.685138434279
00bbac68_2275,12230.954936981889
00bbac68_2276,12230.597986528963
00bbac68_2277,12230.744359295604
00bbac68_2278,12231.067587415764
00bbac68_2279,12231.056780394978
00bbac68_2280,12230.789074961594
00bbac68_2281,12231.068462902256
00bbac68_2282,12231.051554154672
00bbac68_2283,12230.987418778177
00bbac68_2284,12231.020235012293
00bbac68_2285,12230.72859487354
00bbac68_2286,12230.769719924278
00bbac68_2287,12230.748578835972
00bbac68_2288,12230.739067499377
00bbac68_2289,12230.75621077614
00bbac68_2290,12230.671808472933
00bbac68_2291,12230.762550158854
00bbac68_2292,12230.731537505324
00bbac68_2293,12230.714968343551
00bbac68_2294,12230.7176334397
00bbac68_2295,12231.005318810614
00bbac68_2296,12230.673982230604
00bbac68_2297,12230.673212264548
00bbac68_2298,12230.956483533188
00bbac68_2299,12230.978035465287
00bbac68_2300,12230.670659450425
00bbac68_2301,12230.80261867885
00bbac68_2302,12230.968924671039
00bbac68_2303,12230.961350084943
00bbac68_2304,12230.614709226631
00bbac68_2305,12230.933777787062
00bbac68_2306,12230.914524511314
00bbac68_2307,12230.905456400036
00bbac68_2308,12230.932757613728
00bbac68_2309,12230.959283598899
00bbac68_2310,12230.937843795815
00bbac68_2311,12230.956626631498
00bbac68_2312,12231.149539929416
00bbac68_2313,12231.125353378771
00bbac68_2314,12231.312831641682
00bbac68_2315,12231.319045600498
00bbac68_2316,12231.24399893441
00bbac68_2317,12231.275059451964
00bbac68_2318,12231.409325042208
00bbac68_2319,12231.361106841654
00bbac68_2320,12231.392918457359
00bbac68_2321,12231.264822247458
00bbac68_2322,12231.026516637987
00bbac68_2323,12230.84881063602
00bbac68_2324,12230.975892061737
00bbac68_2325,12230.880303587934
00bbac68_2326,12231.076906359707
00bbac68_2327,12230.98187097139
00bbac68_2328,12231.15378686335
00bbac68_2329,12231.254551052945
00bbac68_2330,12231.250475205106
00bbac68_2331,12231.411455632506
00bbac68_2332,12231.44337801698
00bbac68_2333,12231.41295259054
00bbac68_2334,12231.307886854074
00bbac68_2335,12231.240583724604
00bbac68_2336,12231.283240043678
00bbac68_2337,12231.17162896794
00bbac68_2338,12231.21231831289
00bbac68_2339,12231.235466500886
00bbac68_2340,12231.035379795467
00bbac68_2341,12231.054806143113
00bbac68_2342,12231.010476585969
00bbac68_2343,12231.178263803402
00bbac68_2344,12231.13649966811
00bbac68_2345,12231.125233681343
00bbac68_2346,12231.0023207657
00bbac68_2347,12231.05417110067
00bbac68_2348,12230.87126791128
00bbac68_2349,12231.027774597558
00bbac68_2350,12231.007298359564
00bbac68_2351,12230.94578787744
00bbac68_2352,12230.806873836807
00bbac68_2353,12230.945874618757
00bbac68_2354,12230.949148898784
00bbac68_2355,12230.555958242945
00bbac68_2356,12230.735190906948
00bbac68_2357,12230.87441834287
00bbac68_2358,12230.50308871947
00bbac68_2359,12230.649602202055
00bbac68_2360,12230.73598847828
00bbac68_2361,12230.82239325868
00bbac68_2362,12230.798562750051
00bbac68_2363,12230.922935116108
00bbac68_2364,12230.919243233831
00bbac68_2365,12230.929078576777
00bbac68_2366,12230.92354433154
00bbac68_2367,12230.902469439456
00bbac68_2368,12230.82589264704
00bbac68_2369,12230.877846214273
00bbac68_2370,12230.891472450558
00bbac68_2371,12230.88937060056
00bbac68_2372,12230.716450737296
00bbac68_2373,12230.857503081681
00bbac68_2374,12230.730810165938
00bbac68_2375,12230.846622198558
00bbac68_2376,12230.628262082699
00bbac68_2377,12230.708386224585
00bbac68_2378,12230.692646811505
00bbac68_2379,12230.626746106966
00bbac68_2380,12230.647181550656
00bbac68_2381,12230.430046325473
00bbac68_2382,12230.554105844587
00bbac68_2383,12230.530148387554
00bbac68_2384,12230.506857794644
00bbac68_2385,12230.734054480143
00bbac68_2386,12230.728102939118
00bbac68_2387,12230.505969248241
00bbac68_2388,12230.476155742048
00bbac68_2389,12230.358002078025
00bbac68_2390,12230.351860742958
00bbac68_2391,12230.677404512755
00bbac68_2392,12230.335563871035
00bbac68_2393,12230.252653935024
00bbac68_2394,12230.200870517767
00bbac68_2395,12230.239984637941
00bbac68_2396,12230.414230975091
00bbac68_2397,12230.715042361382
00bbac68_2398,12230.377537979912
00bbac68_2399,12230.67061375777
00bbac68_2400,12230.229624529271
00bbac68_2401,12230.214608522696
00bbac68_2402,12230.242047800428
00bbac68_2403,12230.44303079485
00bbac68_2404,12230.301768437686
00bbac68_2405,12230.306222362695
00bbac68_2406,12230.363890514096
00bbac68_2407,12230.414973973478
00bbac68_2408,12230.320393790666
00bbac68_2409,12230.339909151615
00bbac68_2410,12230.393263149956
00bbac68_2411,12230.409557187053
00bbac68_2412,12230.583440603306
00bbac68_2413,12230.42776310515
00bbac68_2414,12230.55201562181
00bbac68_2415,12230.56055861336
00bbac68_2416,12230.630409937387
00bbac68_2417,12230.535373984667
00bbac68_2418,12230.520476471924
00bbac68_2419,12230.525837802827
00bbac68_2420,12230.318497337941
00bbac68_2421,12230.5716976439
00bbac68_2422,12230.513587322152
00bbac68_2423,12230.458138373844
00bbac68_2424,12230.566270983043
00bbac68_2425,12230.560937243401
00bbac68_2426,12230.486722469741
00bbac68_2427,12230.544896568505
00bbac68_2428,12230.492832975258
00bbac68_2429,12230.237251500153
00bbac68_2430,12230.515407826042
00bbac68_2431,12230.323039926356
00bbac68_2432,12230.468613173336
00bbac68_2433,12230.461268354678
00bbac68_2434,12230.477572356773
00bbac68_2435,12230.45024489349
00bbac68_2436,12230.368495746605
00bbac68_2437,12230.428975791356
00bbac68_2438,12230.141147748353
00bbac68_2439,12230.03081075764
00bbac68_2440,12230.015292635437
00bbac68_2441,12230.195167341386
00bbac68_2442,12229.970572537244
00bbac68_2443,12230.43409244361
00bbac68_2444,12229.985486773136
00bbac68_2445,12230.087713509482
00bbac68_2446,12230.34407271172
00bbac68_2447,12230.022291190167
00bbac68_2448,12229.919047033722
00bbac68_2449,12230.040660732739
00bbac68_2450,12229.928356535731
00bbac68_2451,12229.926840815166
00bbac68_2452,12230.330228261819
00bbac68_2453,12230.078196138202
00bbac68_2454,12230.003380685554
00bbac68_2455,12230.255256210552
00bbac68_2456,12230.07161375999
00bbac68_2457,12229.970816589102
00bbac68_2458,12230.209085856644
00bbac68_2459,12230.210471941988
00bbac68_2460,12229.804604844732
00bbac68_2461,12230.185123219977
00bbac68_2462,12230.012450694712
00bbac68_2463,12230.010111068752
00bbac68_2464,12230.212960163943
00bbac68_2465,12230.255518780134
00bbac68_2466,12229.989364366897
00bbac68_2467,12230.265756331872
00bbac68_2468,12230.36577010471
00bbac68_2469,12229.902062533023
00bbac68_2470,12230.34625350005
00bbac68_2471,12230.420415313883
00bbac68_2472,12230.414243844061
00bbac68_2473,12230.36561378923
00bbac68_2474,12230.412175967853
00bbac68_2475,12230.407951936466
00bbac68_2476,12230.14346401851
00bbac68_2477,12230.234772011736
00bbac68_2478,12230.438344903025
00bbac68_2479,12230.443454810884
00bbac68_2480,12230.035006621982
00bbac68_2481,12230.010227894361
00bbac68_2482,12230.133685830458
00bbac68_2483,12229.994752492172
00bbac68_2484,12229.979758573634
00bbac68_2485,12230.120480895548
00bbac68_2486,12230.137255171834
00bbac68_2487,12230.12997473913
00bbac68_2488,12230.022022794805
00bbac68_2489,12230.024112421495
00bbac68_2490,12230.124329327195
00bbac68_2491,12230.247597064203
00bbac68_2492,12230.237695636184
00bbac68_2493,12230.270974689995
00bbac68_2494,12230.241407105783
00bbac68_2495,12230.42489241376
00bbac68_2496,12230.445619367514
00bbac68_2497,12230.513772435219
00bbac68_2498,12230.442855648247
00bbac68_2499,12230.494988797713
00bbac68_2500,12230.468434299457
00bbac68_2501,12230.458752541597
00bbac68_2502,12230.412851274581
00bbac68_2503,12230.138172997384
00bbac68_2504,12230.425939269542
00bbac68_2505,12230.123648490497
00bbac68_2506,12230.39321131439
00bbac68_2507,12230.373842505456
00bbac68_2508,12230.038120032885
00bbac68_2509,12230.36568703848
00bbac68_2510,12230.36413059318
00bbac68_2511,12230.391040266983
00bbac68_2512,12230.39453476098
00bbac68_2513,12230.37797160556
00bbac68_2514,12230.311156804957
00bbac68_2515,12230.310711425485
00bbac68_2516,12230.335762797687
00bbac68_2517,12230.293706432914
00bbac68_2518,12230.291565233141
00bbac68_2519,12230.28962279393
00bbac68_2520,12230.285240447289
00bbac68_2521,12230.15685788825
00bbac68_2522,12230.304934549942
00bbac68_2523,12230.298139992428
00bbac68_2524,12230.248867908653
00bbac68_2525,12230.28849459927
00bbac68_2526,12230.283823570111
00bbac68_2527,12230.268894154253
00bbac68_2528,12230.278205452205
00bbac68_2529,12230.25881350241
00bbac68_2530,12230.213366174381
00bbac68_2531,12230.188296819795
00bbac68_2532,12230.230868997223
00bbac68_2533,12230.134309674839
00bbac68_2534,12230.10919208242
00bbac68_2535,12229.90143749749
00bbac68_2536,12229.649317302374
00bbac68_2537,12230.028639435031
00bbac68_2538,12229.706258476332
00bbac68_2539,12229.668372454733
00bbac68_2540,12229.63651383414
00bbac68_2541,12229.542047569903
00bbac68_2542,12229.5926018979
00bbac68_2543,12229.891153543682
00bbac68_2544,12229.627208046204
00bbac68_2545,12229.853101301978
00bbac68_2546,12229.82073291418
00bbac68_2547,12229.472076106525
00bbac68_2548,12229.856097461914
00bbac68_2549,12229.774701163511
00bbac68_2550,12229.43751660659
00bbac68_2551,12229.71489750544
00bbac68_2552,12229.399619513651
00bbac68_2553,12229.728878054984
00bbac68_2554,12229.668946887616
00bbac68_2555,12229.684868393144
00bbac68_2556,12229.999062224164
00bbac68_2557,12230.032926386608
00bbac68_2558,12229.991019826846
00bbac68_2559,12229.950635504412
00bbac68_2560,12230.048341039068
00bbac68_2561,12230.091232178109
00bbac68_2562,12229.971016328385
00bbac68_2563,12229.984024122488
00bbac68_2564,12230.00216659634
00bbac68_2565,12230.052068847652
00bbac68_2566,12229.987454648654
00bbac68_2567,12229.98681632902
00bbac68_2568,12229.726235087433
00bbac68_2569,12230.007983002875
00bbac68_2570,12229.948494351023
00bbac68_2571,12229.714643203755
00bbac68_2572,12229.937512387243
00bbac68_2573,12230.004203951317
00bbac68_2574,12229.918301753394
00bbac68_2575,12229.67565692846
00bbac68_2576,12229.65720849771
00bbac68_2577,12229.71469955514
00bbac68_2578,12229.441157810621
00bbac68_2579,12229.632196686205
00bbac68_2580,12229.822339800987
00bbac68_2581,12229.87546602649
00bbac68_2582,12229.786861968854
00bbac68_2583,12229.768999375008
00bbac68_2584,12229.816933989787
00bbac68_2585,12229.325889222975
00bbac68_2586,12229.74546876225
00bbac68_2587,12229.749756941828
00bbac68_2588,12229.514144113946
00bbac68_2589,12229.456776815254
00bbac68_2590,12229.732361421598
00bbac68_2591,12229.783808540476
00bbac68_2592,12229.298864246268
00bbac68_2593,12229.709219930395
00bbac68_2594,12229.776855872147
00bbac68_2595,12229.301397355073
00bbac68_2596,12229.681530433947
00bbac68_2597,12229.504805844997
00bbac68_2598,12229.505603837995
00bbac68_2599,12229.688721706067
00bbac68_2600,12229.669687684273
00bbac68_2601,12229.742728882999
00bbac68_2602,12229.574300713897
00bbac68_2603,12229.676685920125
00bbac68_2604,12229.533198287098
00bbac68_2605,12229.31115845578
00bbac68_2606,12229.405135730343
00bbac68_2607,12229.405524285145
00bbac68_2608,12229.404399190094
00bbac68_2609,12229.393322760407
00bbac68_2610,12229.828259577236
00bbac68_2611,12229.941540542522
00bbac68_2612,12229.91898512542
00bbac68_2613,12229.984791502588
00bbac68_2614,12229.92609999745
00bbac68_2615,12229.973781587742
00bbac68_2616,12230.086585762761
00bbac68_2617,12230.016468287695
00bbac68_2618,12229.992861608664
00bbac68_2619,12229.882698918178
00bbac68_2620,12229.996102646272
00bbac68_2621,12230.00827119968
00bbac68_2622,12230.02120572082
00bbac68_2623,12229.976488662844
00bbac68_2624,12229.973925063314
00bbac68_2625,12230.030503459588
00bbac68_2626,12229.784459423267
00bbac68_2627,12229.93797464955
00bbac68_2628,12229.976117403156
00bbac68_2629,12229.599638754964
00bbac68_2630,12229.943680360808
00bbac68_2631,12230.00562491441
00bbac68_2632,12229.782990671118
00bbac68_2633,12229.693664412227
00bbac68_2634,12230.091279301674
00bbac68_2635,12229.967189526556
00bbac68_2636,12229.95368389359
00bbac68_2637,12229.725890917907
00bbac68_2638,12229.885583139101
00bbac68_2639,12229.94838552164
00bbac68_2640,12229.835807344007
00bbac68_2641,12229.888396520473
00bbac68_2642,12230.05102122016
00bbac68_2643,12229.709075125256
00bbac68_2644,12229.767549773605
00bbac68_2645,12229.982501646422
00bbac68_2646,12229.699543170136
00bbac68_2647,12229.77123706354
00bbac68_2648,12229.855153705808
00bbac68_2649,12229.976811073539
00bbac68_2650,12229.661840020843
00bbac68_2651,12229.698358627425
00bbac68_2652,12229.914000083054
00bbac68_2653,12229.958337586431
00bbac68_2654,12229.88279756326
00bbac68_2655,12229.881066981332
00bbac68_2656,12229.848726212567
00bbac68_2657,12229.869080817312
00bbac68_2658,12229.846131164742
00bbac68_2659,12229.790952267203
00bbac68_2660,12229.724639352089
00bbac68_2661,12229.774377868549
00bbac68_2662,12229.693395467517
00bbac68_2663,12229.686288812622
00bbac68_2664,12229.747624372121
00bbac68_2665,12229.687156311498
00bbac68_2666,12229.66555645594
00bbac68_2667,12229.712482126055
00bbac68_2668,12229.70024792459
00bbac68_2669,12229.460655500212
00bbac68_2670,12229.515729506998
00bbac68_2671,12229.76963208209
00bbac68_2672,12229.75351748467
00bbac68_2673,12229.743552712476
00bbac68_2674,12229.719050507396
00bbac68_2675,12229.531987556837
00bbac68_2676,12229.56437226269
00bbac68_2677,12229.57240713324
00bbac68_2678,12229.71717936119
00bbac68_2679,12229.576468684796
00bbac68_2680,12229.711008447513
00bbac68_2681,12229.6344971834
00bbac68_2682,12229.703873948893
00bbac68_2683,12229.69145342498
00bbac68_2684,12229.664224395496
00bbac68_2685,12229.681174454307
00bbac68_2686,12229.664720207767
00bbac68_2687,12229.646573640037
00bbac68_2688,12229.670426909772
00bbac68_2689,12229.653859209342
00bbac68_2690,12229.355585868061
00bbac68_2691,12229.343150731802
00bbac68_2692,12229.50532161637
00bbac68_2693,12229.534654935473
00bbac68_2694,12229.620601186485
00bbac68_2695,12229.597240912726
00bbac68_2696,12229.604798976048
00bbac68_2697,12229.59158234357
00bbac68_2698,12229.444929264382
00bbac68_2699,12229.574607479213
00bbac68_2700,12229.541702278333
00bbac68_2701,12229.576148195833
00bbac68_2702,12229.244199353627
00bbac68_2703,12229.219246416164
00bbac68_2704,12229.492073480562
00bbac68_2705,12229.216511481463
00bbac68_2706,12229.172692133683
00bbac68_2707,12229.416655860756
00bbac68_2708,12229.122019994053
00bbac68_2709,12229.145165240967
00bbac68_2710,12229.244866354813
00bbac68_2711,12229.161069481393
00bbac68_2712,12229.170924616763
00bbac68_2713,12229.423966478651
00bbac68_2714,12229.18290544231
00bbac68_2715,12229.207654867725
00bbac68_2716,12229.407703412333
00bbac68_2717,12229.17497809649
00bbac68_2718,12229.221499025512
00bbac68_2719,12229.140039036796
00bbac68_2720,12229.358290776772
00bbac68_2721,12229.401109351838
00bbac68_2722,12229.16014598123
00bbac68_2723,12229.455985168075
00bbac68_2724,12229.357142473691
00bbac68_2725,12229.496806850346
00bbac68_2726,12229.411587589173
00bbac68_2727,12229.421057396623
00bbac68_2728,12229.488765139817
00bbac68_2729,12229.41503556896
00bbac68_2730,12229.1723043686
00bbac68_2731,12229.371350231615
00bbac68_2732,12229.420808759778
00bbac68_2733,12229.150073534294
00bbac68_2734,12229.356059650276
00bbac68_2735,12229.408507662756
00bbac68_2736,12229.259643824378
00bbac68_2737,12229.38478176441
00bbac68_2738,12229.075559768775
00bbac68_2739,12229.357608907669
00bbac68_2740,12229.366782186195
00bbac68_2741,12229.313341898134
00bbac68_2742,12229.363907946585
00bbac68_2743,12229.288889461703
00bbac68_2744,12229.376578293679
00bbac68_2745,12229.392948554363
00bbac68_2746,12229.06185347215
00bbac68_2747,12229.323510149212
00bbac68_2748,12229.221788683599
00bbac68_2749,12229.272023127605
00bbac68_2750,12229.231712457919
00bbac68_2751,12229.144757247044
00bbac68_2752,12229.189042474098
00bbac68_2753,12229.108259707853
00bbac68_2754,12229.185178139569
00bbac68_2755,12228.903729341444
00bbac68_2756,12229.071357020537
00bbac68_2757,12229.105463629381
00bbac68_2758,12228.858912119256
00bbac68_2759,12228.941196211023
00bbac68_2760,12229.093844495035
00bbac68_2761,12228.994825587693
00bbac68_2762,12228.915054522025
00bbac68_2763,12228.98149928861
00bbac68_2764,12229.042622211724
00bbac68_2765,12228.999692202828
00bbac68_2766,12228.650938868414
00bbac68_2767,12228.936136497194
00bbac68_2768,12228.843942675388
00bbac68_2769,12228.889186539873
00bbac68_2770,12228.81632014041
00bbac68_2771,12228.72902167421
00bbac68_2772,12228.7971880911
00bbac68_2773,12228.687348853273
00bbac68_2774,12228.72914315961
00bbac68_2775,12228.723981431001
00bbac68_2776,12228.635371126877
00bbac68_2777,12228.693843838095
00bbac68_2778,12228.49463518731
00bbac68_2779,12228.67195661189
00bbac68_2780,12228.668544212738
00bbac68_2781,12228.350562008625
00bbac68_2782,12228.475335059604
00bbac68_2783,12228.579224314328
00bbac68_2784,12228.667745372235
00bbac68_2785,12228.65076274324
00bbac68_2786,12228.546604864794
00bbac68_2787,12228.63796124461
00bbac68_2788,12228.590375926027
00bbac68_2789,12228.603872646161
00bbac68_2790,12228.447890025482
00bbac68_2791,12228.392883417506
00bbac68_2792,12228.408554804517
00bbac68_2793,12228.269654426433
00bbac68_2794,12228.438960814083
00bbac68_2795,12228.310186403944
00bbac68_2796,12228.357742758117
00bbac68_2797,12228.352495936082
00bbac68_2798,12228.532937576245
00bbac68_2799,12228.56122385874
00bbac68_2800,12228.531757539782
00bbac68_2801,12228.540561958582
00bbac68_2802,12228.56856567521
00bbac68_2803,12228.279786528694
00bbac68_2804,12228.466217190226
00bbac68_2805,12228.498807306829
00bbac68_2806,12228.186475695602
00bbac68_2807,12228.370642961394
00bbac68_2808,12228.0393072693
00bbac68_2809,12228.167190093009
00bbac68_2810,12228.145261647325
00bbac68_2811,12228.224538564838
00bbac68_2812,12228.126155115293
00bbac68_2813,12227.947639372434
00bbac68_2814,12227.981133199974
00bbac68_2815,12228.24371210513
00bbac68_2816,12227.827974631451
00bbac68_2817,12228.085217657079
00bbac68_2818,12227.928455686855
00bbac68_2819,12227.98465699317
00bbac68_2820,12228.093437735524
00bbac68_2821,12227.81144896324
00bbac68_2822,12228.048989173236
00bbac68_2823,12227.972797086086
00bbac68_2824,12227.987277361468
00bbac68_2825,12228.000769838662
00bbac68_2826,12227.883658121718
00bbac68_2827,12227.875919056325
00bbac68_2828,12227.72001200204
00bbac68_2829,12227.628656934672
00bbac68_2830,12227.732920294038
00bbac68_2831,12227.628716314735
00bbac68_2832,12227.669860495207
00bbac68_2833,12227.678321579337
00bbac68_2834,12227.629098241363
00bbac68_2835,12227.620171399614
00bbac68_2836,12227.67296902824
00bbac68_2837,12227.509524917556
00bbac68_2838,12227.49079716439
00bbac68_2839,12227.6405427598
00bbac68_2840,12227.551673329264
00bbac68_2841,12227.53615887225
00bbac68_2842,12227.516107133437
00bbac68_2843,12227.492767240292
00bbac68_2844,12227.467806268984
00bbac68_2845,12227.432630681415
00bbac68_2846,12227.39771910609
00bbac68_2847,12227.404444439555
00bbac68_2848,12227.402539813416
00bbac68_2849,12227.394479280674
00bbac68_2850,12227.393787462035
00bbac68_2851,12227.42321739597
00bbac68_2852,12227.525219243218
00bbac68_2853,12227.513736368706
00bbac68_2854,12227.431891020586
00bbac68_2855,12227.500987601155
00bbac68_2856,12227.486311934612
00bbac68_2857,12227.410647905497
00bbac68_2858,12227.397989190842
00bbac68_2859,12227.463340840939
00bbac68_2860,12227.376883785146
00bbac68_2861,12227.339341455268
00bbac68_2862,12227.464891824977
00bbac68_2863,12227.37270487778
00bbac68_2864,12227.369812109035
00bbac68_2865,12227.37090710047
00bbac68_2866,12227.36938735952
00bbac68_2867,12227.364178347267
00bbac68_2868,12227.3520556407
00bbac68_2869,12227.336312216532
00bbac68_2870,12227.318349988604
00bbac68_2871,12227.310488028212
00bbac68_2872,12227.291377684433
00bbac68_2873,12227.273529842321
00bbac68_2874,12227.204380047167
00bbac68_2875,12227.243223506053
00bbac68_2876,12227.140098035583
00bbac68_2877,12227.038567293057
00bbac68_2878,12226.933743826448
00bbac68_2879,12226.868018950396
00bbac68_2880,12227.104238690952
00bbac68_2881,12227.096708108358
00bbac68_2882,12227.233804753729
00bbac68_2883,12227.08156802902
00bbac68_2884,12227.224174158522
00bbac68_2885,12227.088045357043
00bbac68_2886,12227.064716767336
00bbac68_2887,12227.299546333543
00bbac68_2888,12227.270747813785
00bbac68_2889,12227.399655276262
00bbac68_2890,12227.472656926037
00bbac68_2891,12227.49616486753
00bbac68_2892,12227.475694250035
00bbac68_2893,12227.490728037192
00bbac68_2894,12227.5405075696
00bbac68_2895,12227.533711931423
00bbac68_2896,12227.535301232752
00bbac68_2897,12227.420580733444
00bbac68_2898,12227.333776404019
00bbac68_2899,12227.522149626657
00bbac68_2900,12227.51380855354
00bbac68_2901,12227.525997735343
00bbac68_2902,12227.451174614227
00bbac68_2903,12227.533722108947
00bbac68_2904,12227.51106419495
00bbac68_2905,12227.368596083783
00bbac68_2906,12227.339490497176
00bbac68_2907,12227.519240572794
00bbac68_2908,12227.298730468981
00bbac68_2909,12227.541972526818
00bbac68_2910,12227.444271274946
00bbac68_2911,12227.32327850635
00bbac68_2912,12227.557743480716
00bbac68_2913,12227.56926115475
00bbac68_2914,12227.46890833692
00bbac68_2915,12227.516963752028
00bbac68_2916,12227.551733954668
00bbac68_2917,12227.437789887052
00bbac68_2918,12227.488488842993
00bbac68_2919,12227.447408334478
00bbac68_2920,12227.428389221246
00bbac68_2921,12227.460124694462
00bbac68_2922,12227.472728605408
00bbac68_2923,12227.317379628752
00bbac68_2924,12227.312343360278
00bbac68_2925,12227.514264677979
00bbac68_2926,12227.445499619484
00bbac68_2927,12227.514662374033
00bbac68_2928,12227.441876033532
00bbac68_2929,12227.452653406086
00bbac68_2930,12227.327431750495
00bbac68_2931,12227.445987992669
00bbac68_2932,12227.323389339906
00bbac68_2933,12227.511711894145
00bbac68_2934,12227.518234378495
00bbac68_2935,12227.280428218852
00bbac68_2936,12227.516638015335
00bbac68_2937,12227.505057616956
00bbac68_2938,12227.363338445273
00bbac68_2939,12227.375171087619
00bbac68_2940,12227.348035155217
00bbac68_2941,12227.425880924782
00bbac68_2942,12227.480848241981
00bbac68_2943,12227.494183881361
00bbac68_2944,12227.49588384049
00bbac68_2945,12227.459253631521
00bbac68_2946,12227.318027220115
00bbac68_2947,12227.476440209652
00bbac68_2948,12227.418746228024
00bbac68_2949,12227.548496178055
00bbac68_2950,12227.472688181402
00bbac68_2951,12227.449728293
00bbac68_2952,12227.500554851038
00bbac68_2953,12227.478698886021
00bbac68_2954,12227.470992903214
00bbac68_2955,12227.484316071568
00bbac68_2956,12227.499563083953
00bbac68_2957,12227.484704954122
00bbac68_2958,12227.512221608062
00bbac68_2959,12227.495831132019
00bbac68_2960,12227.526377919401
00bbac68_2961,12227.532418200759
00bbac68_2962,12227.422974123594
00bbac68_2963,12227.576909475698
00bbac68_2964,12227.557338157734
00bbac68_2965,12227.583633061075
00bbac68_2966,12227.626431698576
00bbac68_2967,12227.590578224506
00bbac68_2968,12227.61960629088
00bbac68_2969,12227.635117613037
00bbac68_2970,12227.760412228312
00bbac68_2971,12227.786039894603
00bbac68_2972,12227.839496636021
00bbac68_2973,12227.856934618654
00bbac68_2974,12227.836633939298
00bbac68_2975,12227.741250090989
00bbac68_2976,12227.729268389978
00bbac68_2977,12227.854266323673
00bbac68_2978,12227.916532354015
00bbac68_2979,12227.760735316919
00bbac68_2980,12227.922109914754
00bbac68_2981,12227.855126405015
00bbac68_2982,12227.764776559605
00bbac68_2983,12227.752938349311
00bbac68_2984,12227.904365050825
00bbac68_2985,12227.801740610481
00bbac68_2986,12227.77699828881
00bbac68_2987,12227.933451164412
00bbac68_2988,12228.00073912859
00bbac68_2989,12228.023813031074
00bbac68_2990,12227.958586046545
00bbac68_2991,12228.005592182233
00bbac68_2992,12227.9696757152
00bbac68_2993,12227.905985539488
00bbac68_2994,12227.910465862546
00bbac68_2995,12227.987489470008
00bbac68_2996,12227.943054791569
00bbac68_2997,12227.91696681406
00bbac68_2998,12227.962652326143
00bbac68_2999,12227.99457572783
00bbac68_3000,12228.025833400763
00bbac68_3001,12228.00869067008
00bbac68_3002,12228.092986254307
00bbac68_3003,12228.030240767535
00bbac68_3004,12228.110462783694
00bbac68_3005,12228.120335524502
00bbac68_3006,12228.133304919973
00bbac68_3007,12228.138432543985
00bbac68_3008,12228.14599549944
00bbac68_3009,12228.143900939705
00bbac68_3010,12228.161690633897
00bbac68_3011,12228.161158966243
00bbac68_3012,12228.168370443746
00bbac68_3013,12228.170715803382
00bbac68_3014,12228.188587917748
00bbac68_3015,12228.208652076319
00bbac68_3016,12228.042076603142
00bbac68_3017,12228.221906822982
00bbac68_3018,12228.068471538876
00bbac68_3019,12228.104673951237
00bbac68_3020,12228.259855121216
00bbac68_3021,12228.077196985108
00bbac68_3022,12228.323701340172
00bbac68_3023,12228.18802599897
00bbac68_3024,12228.345737870168
00bbac68_3025,12228.368825693284
00bbac68_3026,12228.25710542345
00bbac68_3027,12228.233175578804
00bbac68_3028,12228.370389887092
00bbac68_3029,12228.293662053728
00bbac68_3030,12228.303901696796
00bbac68_3031,12228.321737848699
00bbac68_3032,12228.331805820442
00bbac68_3033,12228.279729443755
00bbac68_3034,12228.344325024818
00bbac68_3035,12228.352168736874
00bbac68_3036,12228.364599389177
00bbac68_3037,12228.371298229533
00bbac68_3038,12228.382723327322
00bbac68_3039,12228.40722263543
00bbac68_3040,12228.403993692169
00bbac68_3041,12228.548486143885
00bbac68_3042,12228.585630091606
00bbac68_3043,12228.599273458729
00bbac68_3044,12228.598043715487
00bbac68_3045,12228.633908685042
00bbac68_3046,12228.55347973244
00bbac68_3047,12228.65875150954
00bbac68_3048,12228.671693917518
00bbac68_3049,12228.67628833564
00bbac68_3050,12228.693108959182
00bbac68_3051,12228.698413233185
00bbac68_3052,12228.70526188255
00bbac68_3053,12228.604200181348
00bbac68_3054,12228.590608551716
00bbac68_3055,12228.61295886268
00bbac68_3056,12228.772848935074
00bbac68_3057,12228.644064198288
00bbac68_3058,12228.67165281751
00bbac68_3059,12228.697851424338
00bbac68_3060,12228.749840192948
00bbac68_3061,12228.79817771701
00bbac68_3062,12228.853840662892
00bbac68_3063,12228.887715469198
00bbac68_3064,12228.96298440577
00bbac68_3065,12229.168724110748
00bbac68_3066,12229.094994273928
00bbac68_3067,12229.282514781144
00bbac68_3068,12229.314924992568
00bbac68_3069,12229.384442637318
00bbac68_3070,12229.388231669793
00bbac68_3071,12229.438277205809
00bbac68_3072,12229.48936382089
00bbac68_3073,12229.441303294083
00bbac68_3074,12229.439768303893
00bbac68_3075,12229.350702000465
00bbac68_3076,12229.406542203295
00bbac68_3077,12229.519299263884
00bbac68_3078,12229.41209462618
00bbac68_3079,12229.426364511195
00bbac68_3080,12229.525997323153
00bbac68_3081,12229.47288925984
00bbac68_3082,12229.475829756699
00bbac68_3083,12229.610846295793
00bbac68_3084,12229.660659382895
00bbac68_3085,12229.604605763416
00bbac68_3086,12229.603964957209
00bbac68_3087,12229.654193903498
00bbac68_3088,12229.64945389315
00bbac68_3089,12229.578327095136
00bbac68_3090,12229.59815834142
00bbac68_3091,12229.701165781138
00bbac68_3092,12229.739324475928
00bbac68_3093,12229.726342834243
00bbac68_3094,12229.727739015356
00bbac68_3095,12229.808785460915
00bbac68_3096,12229.780159205611
00bbac68_3097,12229.786287384844
00bbac68_3098,12229.763130405237
00bbac68_3099,12229.80427414822
00bbac68_3100,12229.806914369115
00bbac68_3101,12229.786712144249
00bbac68_3102,12229.802923502728
00bbac68_3103,12229.858660730919
00bbac68_3104,12229.829954778554
00bbac68_3105,12229.874108007263
00bbac68_3106,12229.823018928695
00bbac68_3107,12229.883419903173
00bbac68_3108,12229.871154344286
00bbac68_3109,12229.872089394476
00bbac68_3110,12229.84866108765
00bbac68_3111,12229.932638882146
00bbac68_3112,12229.94482206395
00bbac68_3113,12229.929088878951
00bbac68_3114,12229.987462740395
00bbac68_3115,12230.012717562531
00bbac68_3116,12230.020350401384
00bbac68_3117,12230.098800103238
00bbac68_3118,12230.136833145347
00bbac68_3119,12230.141142603708
00bbac68_3120,12230.29954124705
00bbac68_3121,12230.340208097863
00bbac68_3122,12230.384688903418
00bbac68_3123,12230.44173552764
00bbac68_3124,12230.508377923004
00bbac68_3125,12230.448570441182
00bbac68_3126,12230.627761589825
00bbac68_3127,12230.66394694562
00bbac68_3128,12230.664817718573
00bbac68_3129,12230.723290054459
00bbac68_3130,12230.767031425485
00bbac68_3131,12230.751862347817
00bbac68_3132,12230.733312966177
00bbac68_3133,12230.809924784979
00bbac68_3134,12230.82814874491
00bbac68_3135,12230.758359236432
00bbac68_3136,12230.821078277855
00bbac68_3137,12230.87893253697
00bbac68_3138,12230.866674136108
00bbac68_3139,12230.869242979747
00bbac68_3140,12230.925449444398
00bbac68_3141,12231.02273296533
00bbac68_3142,12231.158032229137
00bbac68_3143,12231.107217347968
00bbac68_3144,12231.194920489374
00bbac68_3145,12231.196941067079
00bbac68_3146,12231.234654194803
00bbac68_3147,12231.17910259991
00bbac68_3148,12231.213387182423
00bbac68_3149,12231.233459401694
00bbac68_3150,12231.256441607231
00bbac68_3151,12231.20023576787
00bbac68_3152,12231.238193549018
00bbac68_3153,12231.218783500495
00bbac68_3154,12231.121733598065
00bbac68_3155,12231.085823236277
00bbac68_3156,12231.114434578496
00bbac68_3157,12231.104786098744
00bbac68_3158,12231.20422670727
00bbac68_3159,12231.176514280662
00bbac68_3160,12231.136908031332
00bbac68_3161,12231.083011301458
00bbac68_3162,12231.122238401427
00bbac68_3163,12231.114037975884
00bbac68_3164,12231.146106770879
00bbac68_3165,12231.123974197973
00bbac68_3166,12231.129748282512
00bbac68_3167,12231.101734884274
00bbac68_3168,12231.11096032862
00bbac68_3169,12231.144940218495
00bbac68_3170,12231.134012794635
00bbac68_3171,12231.174827937155
00bbac68_3172,12231.167124617166
00bbac68_3173,12231.248037366746
00bbac68_3174,12231.226463294064
00bbac68_3175,12231.17078051189
00bbac68_3176,12231.226950243494
00bbac68_3177,12231.20970623003
00bbac68_3178,12231.300185062439
00bbac68_3179,12231.456015577178
00bbac68_3180,12231.4370410328
00bbac68_3181,12231.302641928909
00bbac68_3182,12231.303806425787
00bbac68_3183,12231.305190881207
00bbac68_3184,12231.437426607936
00bbac68_3185,12231.42129967595
00bbac68_3186,12231.404842964599
00bbac68_3187,12231.477778360786
00bbac68_3188,12231.411088582947
00bbac68_3189,12231.421590489508
00bbac68_3190,12231.498305016972
00bbac68_3191,12231.482972871101
00bbac68_3192,12231.502178537265
00bbac68_3193,12231.811050337452
00bbac68_3194,12231.929671714817
00bbac68_3195,12232.027503101488
00bbac68_3196,12232.219759072681
00bbac68_3197,12232.118515647058
00bbac68_3198,12232.208410438698
00bbac68_3199,12232.291791416053
00bbac68_3200,12232.360051820886
00bbac68_3201,12232.34291863598
00bbac68_3202,12232.17882556
00bbac68_3203,12232.413562841692
00bbac68_3204,12232.419374127912
00bbac68_3205,12232.401588018107
00bbac68_3206,12232.464319008817
00bbac68_3207,12232.460498221173
00bbac68_3208,12232.355605378196
00bbac68_3209,12232.35824322583
00bbac68_3210,12232.423079552596
00bbac68_3211,12232.330540196454
00bbac68_3212,12232.344442744763
00bbac68_3213,12232.437426142082
00bbac68_3214,12232.526462251975
00bbac68_3215,12232.44213006657
00bbac68_3216,12232.45785910328
00bbac68_3217,12232.568409621537
00bbac68_3218,12232.557051723836
00bbac68_3219,12232.540660978793
00bbac68_3220,12232.599396050287
00bbac68_3221,12232.68253729596
00bbac68_3222,12232.833289975018
00bbac68_3223,12232.7629199171
00bbac68_3224,12232.91241394127
00bbac68_3225,12232.827862978604
00bbac68_3226,12232.940353694765
00bbac68_3227,12232.838792696253
00bbac68_3228,12232.855690794628
00bbac68_3229,12232.869429624503
00bbac68_3230,12232.847624243015
00bbac68_3231,12232.901990683444
00bbac68_3232,12232.892321088386
00bbac68_3233,12232.916290600693
00bbac68_3234,12232.976268787414
00bbac68_3235,12232.94246189965
00bbac68_3236,12232.957100494532
00bbac68_3237,12233.014025550507
00bbac68_3238,12232.998212882863
00bbac68_3239,12233.040011697813
00bbac68_3240,12233.054085824719
00bbac68_3241,12233.090903392971
00bbac68_3242,12233.100220606555
00bbac68_3243,12233.103974910022
00bbac68_3244,12233.151278318974
00bbac68_3245,12233.152815014482
00bbac68_3246,12233.212448669055
00bbac68_3247,12233.218785530295
00bbac68_3248,12233.20577811098
00bbac68_3249,12233.312594225537
00bbac68_3250,12233.34815244898
00bbac68_3251,12233.38908970929
00bbac68_3252,12233.395922544663
00bbac68_3253,12233.309329138036
00bbac68_3254,12233.375604031537
00bbac68_3255,12233.363483147434
00bbac68_3256,12233.463657177486
00bbac68_3257,12233.551321608771
00bbac68_3258,12233.553584266312
00bbac68_3259,12233.591731592524
00bbac68_3260,12233.615745977137
00bbac68_3261,12233.645558374334
00bbac68_3262,12233.628567360996
00bbac68_3263,12233.592996282538
00bbac68_3264,12233.609628317172
00bbac68_3265,12233.635637001731
00bbac68_3266,12233.651071114116
00bbac68_3267,12233.682653619935
00bbac68_3268,12233.588271015742
00bbac68_3269,12233.579532723285
00bbac68_3270,12233.62324939076
00bbac68_3271,12233.757864210676
00bbac68_3272,12233.71901168946
00bbac68_3273,12233.823388182827
00bbac68_3274,12233.833161574965
00bbac68_3275,12233.867262273356
00bbac68_3276,12233.930105500458
00bbac68_3277,12233.861051750706
00bbac68_3278,12233.847030897252
00bbac68_3279,12233.879470381122
00bbac68_3280,12233.873561552358
00bbac68_3281,12233.999764061642
00bbac68_3282,12233.82945907102
00bbac68_3283,12234.071837755566
00bbac68_3284,12234.055167849012
00bbac68_3285,12234.126952490602
00bbac68_3286,12233.976472654322
00bbac68_3287,12234.16701688098
00bbac68_3288,12234.181531748298
00bbac68_3289,12234.089103531447
00bbac68_3290,12234.239517847715
00bbac68_3291,12234.256028132679
00bbac68_3292,12234.143502513252
00bbac68_3293,12234.233184774566
00bbac68_3294,12234.228902745564
00bbac68_3295,12234.314784634567
00bbac68_3296,12234.280704924013
00bbac68_3297,12234.343941153586
00bbac68_3298,12234.308908285795
00bbac68_3299,12234.395236870527
00bbac68_3300,12234.407389359416
00bbac68_3301,12234.471764848815
00bbac68_3302,12234.459719762668
00bbac68_3303,12234.52090606811
00bbac68_3304,12234.638538004587
00bbac68_3305,12234.65154359322
00bbac68_3306,12234.776894820618
00bbac68_3307,12234.678013161389
00bbac68_3308,12234.825769644553
00bbac68_3309,12234.750284298892
00bbac68_3310,12234.826024566577
00bbac68_3311,12234.811849716314
00bbac68_3312,12234.84788607143
00bbac68_3313,12234.789070123656
00bbac68_3314,12234.814209191778
00bbac68_3315,12234.862207293234
00bbac68_3316,12234.938360674587
00bbac68_3317,12234.927593301523
00bbac68_3318,12234.977039268979
00bbac68_3319,12234.97050508518
00bbac68_3320,12234.997777398234
00bbac68_3321,12235.019567809632
00bbac68_3322,12234.91390360068
00bbac68_3323,12235.105307652782
00bbac68_3324,12234.978619149655
00bbac68_3325,12235.01074906023
00bbac68_3326,12235.060497395814
00bbac68_3327,12234.92959179036
00bbac68_3328,12234.972862374847
00bbac68_3329,12234.934738899483
00bbac68_3330,12235.078077383017
00bbac68_3331,12235.076077743777
00bbac68_3332,12234.949183120792
00bbac68_3333,12235.08912279424
00bbac68_3334,12234.987929587052
00bbac68_3335,12235.023695450767
00bbac68_3336,12234.998153435035
00bbac68_3337,12235.056456935201
00bbac68_3338,12235.062853450418
00bbac68_3339,12235.103135735864
00bbac68_3340,12235.084123498229
00bbac68_3341,12235.14616022813
00bbac68_3342,12235.184740029028
00bbac68_3343,12235.182841200554
00bbac68_3344,12235.196189453385
00bbac68_3345,12235.151265944467
00bbac68_3346,12235.271472439053
00bbac68_3347,12235.283756311226
00bbac68_3348,12235.299911848768
00bbac68_3349,12235.3753580952
00bbac68_3350,12235.383425186694
00bbac68_3351,12235.335074708226
00bbac68_3352,12235.37836953997
00bbac68_3353,12235.38537871258
00bbac68_3354,12235.477028399024
00bbac68_3355,12235.460645319206
00bbac68_3356,12235.464169453066
00bbac68_3357,12235.508221551921
00bbac68_3358,12235.653402248527
00bbac68_3359,12235.49218689957
00bbac68_3360,12235.505574782761
00bbac68_3361,12235.649517841104
00bbac68_3362,12235.640787393238
00bbac68_3363,12235.664183194294
00bbac68_3364,12235.66840154193
00bbac68_3365,12235.63326370148
00bbac68_3366,12235.703467944591
00bbac68_3367,12235.716029771658
00bbac68_3368,12235.760470215666
00bbac68_3369,12235.770729925396
00bbac68_3370,12235.793379970431
00bbac68_3371,12235.937527617005
00bbac68_3372,12235.995535605707
00bbac68_3373,12236.107306245605
00bbac68_3374,12236.245392538834
00bbac68_3375,12236.295014089123
00bbac68_3376,12236.362455026254
00bbac68_3377,12236.370173823161
00bbac68_3378,12236.42246073348
00bbac68_3379,12236.472190314533
00bbac68_3380,12236.516325226621
00bbac68_3381,12236.578657437252
00bbac68_3382,12236.622671103205
00bbac68_3383,12236.636467390543
00bbac68_3384,12236.831728793553
00bbac68_3385,12236.693643097042
00bbac68_3386,12236.69937731737
00bbac68_3387,12236.742605624913
00bbac68_3388,12236.785889611658
00bbac68_3389,12236.84662989006
00bbac68_3390,12236.838265514569
00bbac68_3391,12236.85167303096
00bbac68_3392,12236.936381215288
00bbac68_3393,12236.94155262586
00bbac68_3394,12236.954728661538
00bbac68_3395,12237.031317624871
00bbac68_3396,12237.031249612195
00bbac68_3397,12237.076726564188
00bbac68_3398,12237.06051220818
00bbac68_3399,12237.063195734812
00bbac68_3400,12237.069865869305
00bbac68_3401,12237.004992192902
00bbac68_3402,12237.029213882231
00bbac68_3403,12236.991835851097
00bbac68_3404,12236.949506585452
00bbac68_3405,12236.853411599024
00bbac68_3406,12236.80203090678
00bbac68_3407,12236.815570858356
00bbac68_3408,12236.73871398529
00bbac68_3409,12236.691695152169
00bbac68_3410,12236.75648607391
00bbac68_3411,12236.661821342916
00bbac68_3412,12236.556972295884
00bbac68_3413,12236.62039137417
00bbac68_3414,12236.663948759819
00bbac68_3415,12236.642792754505
00bbac68_3416,12236.608290637312
00bbac68_3417,12236.58189257672
00bbac68_3418,12236.555347121019
00bbac68_3419,12236.677755657613
00bbac68_3420,12236.537672764016
00bbac68_3421,12236.625008172674
00bbac68_3422,12236.669219306688
00bbac68_3423,12236.709222282325
00bbac68_3424,12236.813670058451
00bbac68_3425,12236.718709921683
00bbac68_3426,12236.747829829437
00bbac68_3427,12236.813789397638
00bbac68_3428,12236.778075598744
00bbac68_3429,12236.762025604869
00bbac68_3430,12236.801953897226
00bbac68_3431,12236.731451688353
00bbac68_3432,12236.801872802847
00bbac68_3433,12236.689521614016
00bbac68_3434,12236.705578985064
00bbac68_3435,12236.711326311626
00bbac68_3436,12236.658966743165
00bbac68_3437,12236.8519938155
00bbac68_3438,12236.820362931927
00bbac68_3439,12236.859704058608
00bbac68_3440,12236.728317737332
00bbac68_3441,12236.693242407053
00bbac68_3442,12236.740955711319
00bbac68_3443,12236.726815114642
00bbac68_3444,12236.687995519529
00bbac68_3445,12236.72309347079
00bbac68_3446,12236.73099876172
00bbac68_3447,12236.727060129419
00bbac68_3448,12236.688493794361
00bbac68_3449,12236.737381214038
00bbac68_3450,12236.737194360083
00bbac68_3451,12236.756515124376
00bbac68_3452,12236.813405351444
00bbac68_3453,12236.841957873941
00bbac68_3454,12236.838197689454
00bbac68_3455,12236.86182778815
00bbac68_3456,12236.864432468508
00bbac68_3457,12236.818933335517
00bbac68_3458,12236.913043356622
00bbac68_3459,12236.822493434618
00bbac68_3460,12236.787534914689
00bbac68_3461,12236.779069873184
00bbac68_3462,12236.795635173268
00bbac68_3463,12236.762480548394
00bbac68_3464,12236.713297330452
00bbac68_3465,12236.77504177071
00bbac68_3466,12236.691298878233
00bbac68_3467,12236.76813327742
00bbac68_3468,12236.754930029863
00bbac68_3469,12236.76144545987
00bbac68_3470,12236.745385538627
00bbac68_3471,12236.769874609126
00bbac68_3472,12236.823614435456
00bbac68_3473,12236.834111101976
00bbac68_3474,12236.8509183865
00bbac68_3475,12236.878632267595
00bbac68_3476,12236.885816112494
00bbac68_3477,12236.92012800567
00bbac68_3478,12236.871842165758
00bbac68_3479,12236.877282550651
00bbac68_3480,12236.8246361609
00bbac68_3481,12236.777625958575
00bbac68_3482,12236.940763853703
00bbac68_3483,12236.86754224697
00bbac68_3484,12236.8596154845
00bbac68_3485,12236.855709595398
00bbac68_3486,12236.812715206654
00bbac68_3487,12236.683011594178
00bbac68_3488,12236.756709528909
00bbac68_3489,12236.77855114301
00bbac68_3490,12236.77145808141
00bbac68_3491,12236.818596291225
00bbac68_3492,12236.685011347052
00bbac68_3493,12236.843541031389
00bbac68_3494,12236.76775198593
00bbac68_3495,12236.803254981856
00bbac68_3496,12236.782321240504
00bbac68_3497,12236.750128025733
00bbac68_3498,12236.859011069755
00bbac68_3499,12236.86950549485
00bbac68_3500,12236.848762437277
00bbac68_3501,12236.962845717615
00bbac68_3502,12236.840815200881
00bbac68_3503,12236.891310361732
00bbac68_3504,12236.902149559413
00bbac68_3505,12236.770073103733
00bbac68_3506,12236.825297194786
00bbac68_3507,12236.873083440281
00bbac68_3508,12236.768973376194
00bbac68_3509,12236.76054992154
00bbac68_3510,12236.868810033811
00bbac68_3511,12236.73490643844
00bbac68_3512,12236.930769555693
00bbac68_3513,12236.682850859732
00bbac68_3514,12236.775925564329
00bbac68_3515,12236.900218645642
00bbac68_3516,12236.870017591931
00bbac68_3517,12236.845684380369
00bbac68_3518,12236.791440245071
00bbac68_3519,12236.833188735549
00bbac68_3520,12236.758560122336
00bbac68_3521,12236.732053910211
00bbac68_3522,12236.805602368277
00bbac68_3523,12236.763898564204
00bbac68_3524,12236.757010929932
00bbac68_3525,12236.838491827353
00bbac68_3526,12236.808741013214
00bbac68_3527,12236.827056449865
00bbac68_3528,12236.70775748417
00bbac68_3529,12236.958245053254
00bbac68_3530,12236.820885636802
00bbac68_3531,12236.890913947915
00bbac68_3532,12236.907154713757
00bbac68_3533,12236.843360533763
00bbac68_3534,12236.905176734876
00bbac68_3535,12236.846969300148
00bbac68_3536,12236.812762607844
00bbac68_3537,12236.794259755727
00bbac68_3538,12236.797547857215
00bbac68_3539,12236.78094010795
00bbac68_3540,12236.766914086726
00bbac68_3541,12236.798112347682
00bbac68_3542,12236.70784275442
00bbac68_3543,12236.74338479674
00bbac68_3544,12236.758880085808
00bbac68_3545,12236.7248236626
00bbac68_3546,12236.742583365578
00bbac68_3547,12236.651702683619
00bbac68_3548,12236.609745389307
00bbac68_3549,12236.541451634423
00bbac68_3550,12236.446184076944
00bbac68_3551,12236.217342621341
00bbac68_3552,12236.358526091684
00bbac68_3553,12236.32371053622
00bbac68_3554,12236.288218587722
00bbac68_3555,12236.262597508263
00bbac68_3556,12236.283229947872
00bbac68_3557,12236.11072441922
00bbac68_3558,12236.243269436189
00bbac68_3559,12236.226732672665
00bbac68_3560,12236.032670231987
00bbac68_3561,12236.194503597319
00bbac68_3562,12236.126903820354
00bbac68_3563,12236.105873682713
00bbac68_3564,12236.033616051851
00bbac68_3565,12236.131270628575
00bbac68_3566,12236.077102020894
00bbac68_3567,12236.104361792535
00bbac68_3568,12236.101946410916
00bbac68_3569,12236.030929900078
00bbac68_3570,12235.9877770343
00bbac68_3571,12236.0669299146
00bbac68_3572,12235.952053349005
00bbac68_3573,12236.001251911066
00bbac68_3574,12235.86874916385
00bbac68_3575,12235.966574632668
00bbac68_3576,12235.947758776712
00bbac68_3577,12235.857924014726
00bbac68_3578,12235.95405261332
00bbac68_3579,12235.86922179764
00bbac68_3580,12235.867518326042
00bbac68_3581,12235.78989775922
00bbac68_3582,12235.799414569707
00bbac68_3583,12235.829340190949
00bbac68_3584,12235.76895306628
00bbac68_3585,12235.731973331023
00bbac68_3586,12235.73607924066
00bbac68_3587,12235.79847732649
00bbac68_3588,12235.785000074002
00bbac68_3589,12235.718900156677
00bbac68_3590,12235.76725225473
00bbac68_3591,12235.604800082972
00bbac68_3592,12235.755643889694
00bbac68_3593,12235.639716601856
00bbac68_3594,12235.570715012307
00bbac68_3595,12235.620362561986
00bbac68_3596,12235.622100372257
00bbac68_3597,12235.44991227774
00bbac68_3598,12235.709455663087
00bbac68_3599,12235.666529128015
00bbac68_3600,12235.636799477965
00bbac68_3601,12235.696393754437
00bbac68_3602,12235.652049297829
00bbac68_3603,12235.635692528384
00bbac68_3604,12235.615561114837
00bbac68_3605,12235.56309586918
00bbac68_3606,12235.70338098303
00bbac68_3607,12235.743947097964
00bbac68_3608,12235.662406764905
00bbac68_3609,12235.747812701935
00bbac68_3610,12235.73351833633
00bbac68_3611,12235.78018061742
00bbac68_3612,12235.783408159246
00bbac68_3613,12235.730098495984
00bbac68_3614,12235.645523577277
00bbac68_3615,12235.761560301751
00bbac68_3616,12235.711951299785
00bbac68_3617,12235.749021738962
00bbac68_3618,12235.694092085949
00bbac68_3619,12235.645520198352
00bbac68_3620,12235.820627385317
00bbac68_3621,12235.680883657535
00bbac68_3622,12235.77831211497
00bbac68_3623,12235.79876226066
00bbac68_3624,12235.784579341584
00bbac68_3625,12235.724451167973
00bbac68_3626,12235.781866689375
00bbac68_3627,12235.697479315817
00bbac68_3628,12235.73441801251
00bbac68_3629,12235.745810929708
00bbac68_3630,12235.760640141103
00bbac68_3631,12235.64729711606
00bbac68_3632,12235.744105677903
00bbac68_3633,12235.73245591509
00bbac68_3634,12235.684775106038
00bbac68_3635,12235.730000093901
00bbac68_3636,12235.709916822081
00bbac68_3637,12235.599652593912
00bbac68_3638,12235.557735064953
00bbac68_3639,12235.708587860954
00bbac68_3640,12235.692255200842
00bbac68_3641,12235.543875409361
00bbac68_3642,12235.68733531204
00bbac68_3643,12235.646971314243
00bbac68_3644,12235.626419522709
00bbac68_3645,12235.642038466473
00bbac68_3646,12235.65758048873
00bbac68_3647,12235.61038956374
00bbac68_3648,12235.494738600879
00bbac68_3649,12235.610179560987
00bbac68_3650,12235.624492976622
00bbac68_3651,12235.514131165735
00bbac68_3652,12235.60763320329
00bbac68_3653,12235.55384198968
00bbac68_3654,12235.605434888716
00bbac68_3655,12235.633514068772
00bbac68_3656,12235.521044095396
00bbac68_3657,12235.55970619953
00bbac68_3658,12235.583889218868
00bbac68_3659,12235.614360356985
00bbac68_3660,12235.546382771854
00bbac68_3661,12235.584448072894
00bbac68_3662,12235.606451674741
00bbac68_3663,12235.543865901893
00bbac68_3664,12235.529781373265
00bbac68_3665,12235.463837800917
00bbac68_3666,12235.511158915207
00bbac68_3667,12235.505532341009
00bbac68_3668,12235.438600663496
00bbac68_3669,12235.444905758528
00bbac68_3670,12235.552430370946
00bbac68_3671,12235.440244029909
00bbac68_3672,12235.470334143623
00bbac68_3673,12235.513860144747
00bbac68_3674,12235.372928424742
00bbac68_3675,12235.32519140331
00bbac68_3676,12235.424685372065
00bbac68_3677,12235.467662160903
00bbac68_3678,12235.46987841581
00bbac68_3679,12235.32534066377
00bbac68_3680,12235.489239472192
00bbac68_3681,12235.44538411653
00bbac68_3682,12235.452856606471
00bbac68_3683,12235.52920769783
00bbac68_3684,12235.488009775072
00bbac68_3685,12235.467674023006
00bbac68_3686,12235.498728920864
00bbac68_3687,12235.385011324704
00bbac68_3688,12235.507743552796
00bbac68_3689,12235.513177824449
00bbac68_3690,12235.498274903879
00bbac68_3691,12235.492670740072
00bbac68_3692,12235.499846762665
00bbac68_3693,12235.529867029245
00bbac68_3694,12235.332120846524
00bbac68_3695,12235.40158966064
00bbac68_3696,12235.338965996558
00bbac68_3697,12235.372948650589
00bbac68_3698,12235.378178862155
00bbac68_3699,12235.465339366954
00bbac68_3700,12235.367551374115
00bbac68_3701,12235.261270231875
00bbac68_3702,12235.380827648787
00bbac68_3703,12235.437131728408
00bbac68_3704,12235.24340659913
00bbac68_3705,12235.328997036007
00bbac68_3706,12235.338223708552
00bbac68_3707,12235.314891928354
00bbac68_3708,12235.350807879187
00bbac68_3709,12235.343795702265
00bbac68_3710,12235.320262616116
00bbac68_3711,12235.302091597783
00bbac68_3712,12235.270514783666
00bbac68_3713,12235.228823653082
00bbac68_3714,12235.270633004708
00bbac68_3715,12235.156348242557
00bbac68_3716,12235.14308871267
00bbac68_3717,12235.144554070563
00bbac68_3718,12235.147334653859
00bbac68_3719,12234.962621644785
00bbac68_3720,12235.08472914165
00bbac68_3721,12235.067788615894
00bbac68_3722,12235.126311494918
00bbac68_3723,12235.066381646307
00bbac68_3724,12235.073638762175
00bbac68_3725,12235.087177286736
00bbac68_3726,12235.025787354021
00bbac68_3727,12235.021344583456
00bbac68_3728,12235.092699053424
00bbac68_3729,12235.007004355404
00bbac68_3730,12235.060800953734
00bbac68_3731,12234.934300806332
00bbac68_3732,12234.959668370495
00bbac68_3733,12235.028887884835
00bbac68_3734,12234.86705298267
00bbac68_3735,12234.989794377288
00bbac68_3736,12234.90833823308
00bbac68_3737,12234.85058235723
00bbac68_3738,12234.862026364328
00bbac68_3739,12234.896884975587
00bbac68_3740,12234.651500442731
00bbac68_3741,12234.829059655658
00bbac68_3742,12234.733138046902
00bbac68_3743,12234.779462204657
00bbac68_3744,12234.609751290878
00bbac68_3745,12234.525990924443
00bbac68_3746,12234.70914906045
00bbac68_3747,12234.621503627053
00bbac68_3748,12234.707311145183
00bbac68_3749,12234.683268479466
00bbac68_3750,12234.590704703121
00bbac68_3751,12234.625836564563
00bbac68_3752,12234.619563511467
00bbac68_3753,12234.373732533037
00bbac68_3754,12234.578019815894
00bbac68_3755,12234.550359212993
00bbac68_3756,12234.351839131723
00bbac68_3757,12234.17004588618
00bbac68_3758,12234.296753735467
00bbac68_3759,12234.449675222093
00bbac68_3760,12234.175095310597
00bbac68_3761,12234.250596440575
00bbac68_3762,12234.299283753537
00bbac68_3763,12234.367288516894
00bbac68_3764,12234.36241189378
00bbac68_3765,12234.337120606346
00bbac68_3766,12234.313567031233
00bbac68_3767,12234.34504249432
00bbac68_3768,12234.322226424232
00bbac68_3769,12234.319368949977
00bbac68_3770,12234.26889000663
00bbac68_3771,12234.410858900797
00bbac68_3772,12234.788880026803
00bbac68_3773,12234.883505851873
00bbac68_3774,12234.882535867719
00bbac68_3775,12234.896161497012
00bbac68_3776,12235.00480971472
00bbac68_3777,12234.978120421008
00bbac68_3778,12234.984944752872
00bbac68_3779,12234.907645052026
00bbac68_3780,12234.990182785124
00bbac68_3781,12234.955424478034
00bbac68_3782,12234.91076817653
00bbac68_3783,12234.86712702994
00bbac68_3784,12234.847270978005
00bbac68_3785,12234.825957662171
00bbac68_3786,12234.663594797627
00bbac68_3787,12234.726938628304
00bbac68_3788,12234.756961949202
00bbac68_3789,12234.723210009985
00bbac68_3790,12234.754078186008
00bbac68_3791,12234.777132994981
00bbac68_3792,12234.663386363676
00bbac68_3793,12234.607584739446
00bbac68_3794,12234.736407836488
00bbac68_3795,12234.641905110326
00bbac68_3796,12234.434501579173
00bbac68_3797,12234.610115084939
00bbac68_3798,12234.642366957069
00bbac68_3799,12234.452051057682
00bbac68_3800,12234.594195668387
00bbac68_3801,12234.498842548945
00bbac68_3802,12234.645880176296
00bbac68_3803,12234.447870935504
00bbac68_3804,12234.668154891026
00bbac68_3805,12234.858865051114
00bbac68_3806,12234.886385214682
00bbac68_3807,12234.954076022943
00bbac68_3808,12234.863664202261
00bbac68_3809,12234.89165698384
00bbac68_3810,12234.930774822857
00bbac68_3811,12234.768691110134
00bbac68_3812,12234.925648691042
00bbac68_3813,12234.861203633385
00bbac68_3814,12234.866985041643
00bbac68_3815,12234.800519857012
00bbac68_3816,12234.931015955668
00bbac68_3817,12234.837800660449
00bbac68_3818,12234.881967045669
00bbac68_3819,12234.874129896958
00bbac68_3820,12234.890003302258
00bbac68_3821,12234.841176903092
00bbac68_3822,12234.878368158696
00bbac68_3823,12234.839017533941
00bbac68_3824,12234.730847015197
00bbac68_3825,12234.644782016567
00bbac68_3826,12234.832350184666
00bbac68_3827,12234.7309757875
00bbac68_3828,12234.710348413093
00bbac68_3829,12234.734841923353
00bbac68_3830,12234.801291030746
00bbac68_3831,12234.779063322334
00bbac68_3832,12234.714980550312
00bbac68_3833,12234.692464299584
00bbac68_3834,12234.77681316084
00bbac68_3835,12234.888750487664
00bbac68_3836,12234.77679360671
00bbac68_3837,12234.825718741144
00bbac68_3838,12234.819726031215
00bbac68_3839,12234.864136130185
00bbac68_3840,12234.80615316095
00bbac68_3841,12234.801126449385
00bbac68_3842,12234.711427016604
00bbac68_3843,12234.790973906276
00bbac68_3844,12234.755348505456
00bbac68_3845,12234.698108723569
00bbac68_3846,12234.708933011396
00bbac68_3847,12234.602892199515
00bbac68_3848,12234.568533459835
00bbac68_3849,12234.698038153929
00bbac68_3850,12234.626889026897
00bbac68_3851,12234.590524670097
00bbac68_3852,12234.595468965079
00bbac68_3853,12234.583904090345
00bbac68_3854,12234.545996868379
00bbac68_3855,12234.572229238145
00bbac68_3856,12234.461201079615
00bbac68_3857,12234.577372260652
00bbac68_3858,12234.560195957853
00bbac68_3859,12234.507586642607
00bbac68_3860,12234.483912078807
00bbac68_3861,12234.406156309713
00bbac68_3862,12234.393623780103
00bbac68_3863,12234.373587326301
00bbac68_3864,12234.364158874603
00bbac68_3865,12234.347554804712
00bbac68_3866,12234.236152031412
00bbac68_3867,12234.314728945606
00bbac68_3868,12234.223984510392
00bbac68_3869,12234.240206455292
00bbac68_3870,12234.25655095924
00bbac68_3871,12234.214938378385
00bbac68_3872,12234.180575762079
00bbac68_3873,12234.141195341728
00bbac68_3874,12234.329011569203
00bbac68_3875,12234.21402592882
00bbac68_3876,12234.121913971727
00bbac68_3877,12234.29531278021
00bbac68_3878,12234.249107216527
00bbac68_3879,12234.129696877375
00bbac68_3880,12234.123386721594
00bbac68_3881,12234.200920043155
00bbac68_3882,12234.215837418315
00bbac68_3883,12234.20117161412
00bbac68_3884,12234.028234693698
00bbac68_3885,12234.14707130349
00bbac68_3886,12234.123895515693
00bbac68_3887,12234.122928187066
00bbac68_3888,12234.096404927399
00bbac68_3889,12234.044777180807
00bbac68_3890,12234.074878374828
00bbac68_3891,12233.953262585395
00bbac68_3892,12233.835258728799
00bbac68_3893,12233.764883760408
00bbac68_3894,12233.92359933343
00bbac68_3895,12233.908202427701
00bbac68_3896,12233.760678672303
00bbac68_3897,12233.931380079506
00bbac68_3898,12234.009985145723
00bbac68_3899,12233.736490689134
00bbac68_3900,12233.69003771973
00bbac68_3901,12233.762150307046
00bbac68_3902,12233.762874247594
00bbac68_3903,12233.798260926902
00bbac68_3904,12233.99656683921
00bbac68_3905,12233.772430498093
00bbac68_3906,12233.956221247126
00bbac68_3907,12233.887019187321
00bbac68_3908,12233.907765264577
00bbac68_3909,12233.878561299018
00bbac68_3910,12233.799622553905
00bbac68_3911,12233.61836406394
00bbac68_3912,12233.643540575678
00bbac68_3913,12233.728743985437
00bbac68_3914,12233.644419721846
00bbac68_3915,12233.768011938284
00bbac68_3916,12233.73155473094
00bbac68_3917,12233.728139767838
00bbac68_3918,12233.835517152185
00bbac68_3919,12233.707935278584
00bbac68_3920,12233.674840726375
00bbac68_3921,12233.497617400133
00bbac68_3922,12233.561651932667
00bbac68_3923,12233.911367118637
00bbac68_3924,12233.814383838533
00bbac68_3925,12233.832762212125
00bbac68_3926,12233.815425848794
00bbac68_3927,12233.884279737986
00bbac68_3928,12233.81088759777
00bbac68_3929,12233.811395039702
00bbac68_3930,12233.65627037311
00bbac68_3931,12233.79563900729
00bbac68_3932,12233.784399310542
00bbac68_3933,12233.812494259379
00bbac68_3934,12233.764526208672
00bbac68_3935,12233.75646109771
00bbac68_3936,12233.792255949415
00bbac68_3937,12233.691058197855
00bbac68_3938,12233.721224572835
00bbac68_3939,12233.715673527444
00bbac68_3940,12233.636687528595
00bbac68_3941,12233.653463906403
00bbac68_3942,12233.769029443782
00bbac68_3943,12233.825808148715
00bbac68_3944,12233.89915101112
00bbac68_3945,12233.866324985858
00bbac68_3946,12233.880060594507
00bbac68_3947,12233.897244378551
00bbac68_3948,12233.841241604248
00bbac68_3949,12233.855610394765
00bbac68_3950,12233.74522181796
00bbac68_3951,12233.806463412382
00bbac68_3952,12233.540451844907
00bbac68_3953,12233.723520874717
00bbac68_3954,12233.791996129807
00bbac68_3955,12233.70313591803
00bbac68_3956,12233.798552618193
00bbac68_3957,12233.712922494524
00bbac68_3958,12233.688150295555
00bbac68_3959,12233.60035248733
00bbac68_3960,12233.628346160807
00bbac68_3961,12233.514852184795
00bbac68_3962,12233.51175771814
00bbac68_3963,12233.379802723744
00bbac68_3964,12233.531151123982
00bbac68_3965,12233.46405958127
00bbac68_3966,12233.538575078031
00bbac68_3967,12233.42611121248
00bbac68_3968,12233.461096402829
00bbac68_3969,12233.380698806432
00bbac68_3970,12233.453743353479
00bbac68_3971,12233.37638620339
00bbac68_3972,12233.1855833127
00bbac68_3973,12233.293731911224
00bbac68_3974,12233.341003150219
00bbac68_3975,12233.108581949857
00bbac68_3976,12233.109938459547
00bbac68_3977,12232.949646409172
00bbac68_3978,12233.268592581913
00bbac68_3979,12233.192017885043
00bbac68_3980,12233.240096408786
00bbac68_3981,12233.220383209327
00bbac68_3982,12233.240958133065
00bbac68_3983,12233.297164426383
00bbac68_3984,12233.281929452616
00bbac68_3985,12233.134126083502
00bbac68_3986,12233.257497846324
00bbac68_3987,12233.33038681598
00bbac68_3988,12233.07717428084
00bbac68_3989,12233.130374096978
00bbac68_3990,12233.04692147783
00bbac68_3991,12233.066369172942
00bbac68_3992,12232.987570409041
00bbac68_3993,12232.98571277544
00bbac68_3994,12233.046002805637
00bbac68_3995,12232.922594649299
00bbac68_3996,12233.052618580898
00bbac68_3997,12232.872069198245
00bbac68_3998,12232.910164836016
00bbac68_3999,12232.995112550205
00bbac68_4000,12233.167283536404
00bbac68_4001,12232.88928714543
00bbac68_4002,12232.911847193713
00bbac68_4003,12233.226242154517
00bbac68_4004,12232.816727422278
00bbac68_4005,12232.917303293008
00bbac68_4006,12233.041010088045
00bbac68_4007,12233.095574372051
00bbac68_4008,12232.962923557829
00bbac68_4009,12233.127358812524
00bbac68_4010,12232.625185603874
00bbac68_4011,12233.030504244649
00bbac68_4012,12232.957824452105
00bbac68_4013,12232.768440328262
00bbac68_4014,12232.889727258578
00bbac68_4015,12233.04602727162
00bbac68_4016,12232.71010349239
00bbac68_4017,12232.812469697787
00bbac68_4018,12232.734942047053
00bbac68_4019,12232.800586224941
00bbac68_4020,12232.90568945146
00bbac68_4021,12232.80926029243
00bbac68_4022,12232.850860239905
00bbac68_4023,12232.959241816046
00bbac68_4024,12232.89808547303
00bbac68_4025,12232.882628447576
00bbac68_4026,12232.930158216921
00bbac68_4027,12232.974662960158
00bbac68_4028,12232.938783292751
00bbac68_4029,12232.838383993909
00bbac68_4030,12232.984387707504
00bbac68_4031,12232.938189819164
00bbac68_4032,12232.97441267998
00bbac68_4033,12232.733408895858
00bbac68_4034,12232.8329478445
00bbac68_4035,12232.814066351937
00bbac68_4036,12232.828144094585
00bbac68_4037,12232.746208841945
00bbac68_4038,12232.792775195556
00bbac68_4039,12232.774056125976
00bbac68_4040,12232.51682952924
00bbac68_4041,12232.698507579886
00bbac68_4042,12232.739166225412
00bbac68_4043,12232.827205723404
00bbac68_4044,12232.76129574053
00bbac68_4045,12232.606358599318
00bbac68_4046,12232.865336977697
00bbac68_4047,12232.819552307797
00bbac68_4048,12232.647934759816
00bbac68_4049,12232.874016743024
00bbac68_4050,12232.948685966798
00bbac68_4051,12232.918542273641
00bbac68_4052,12232.739518634491
00bbac68_4053,12232.950202450302
00bbac68_4054,12232.944594045088
00bbac68_4055,12232.965560713334
00bbac68_4056,12232.906443149675
00bbac68_4057,12232.835104913147
00bbac68_4058,12232.83369040888
00bbac68_4059,12232.87765300447
00bbac68_4060,12232.867724322377
00bbac68_4061,12232.808836163415
00bbac68_4062,12232.782309121938
00bbac68_4063,12232.817203172612
00bbac68_4064,12232.686696386532
00bbac68_4065,12232.66960971692
00bbac68_4066,12232.798194853212
00bbac68_4067,12232.810683561576
00bbac68_4068,12232.820638006817
00bbac68_4069,12232.883411816796
00bbac68_4070,12232.807564568118
00bbac68_4071,12232.693271471
00bbac68_4072,12232.565372513765
00bbac68_4073,12232.864326435487
00bbac68_4074,12232.84479054549
00bbac68_4075,12232.652382557062
00bbac68_4076,12232.822090874963
00bbac68_4077,12232.415947781183
00bbac68_4078,12232.663637419511
00bbac68_4079,12232.695230514166
00bbac68_4080,12232.4437163484
00bbac68_4081,12232.418020869163
00bbac68_4082,12232.761197775388
00bbac68_4083,12232.907273364219
00bbac68_4084,12232.7868955199
00bbac68_4085,12232.761220355673
00bbac68_4086,12232.825750265294
00bbac68_4087,12232.780701692349
00bbac68_4088,12232.751189783487
00bbac68_4089,12232.785460870968
00bbac68_4090,12232.718664005039
00bbac68_4091,12232.707895970872
00bbac68_4092,12232.716357711231
00bbac68_4093,12232.809491900432
00bbac68_4094,12232.761112336579
00bbac68_4095,12232.78111618556
00bbac68_4096,12232.71818983096
00bbac68_4097,12232.76085389611
00bbac68_4098,12232.669091523096
00bbac68_4099,12232.716338932867
00bbac68_4100,12232.676447247724
00bbac68_4101,12232.697663031557
00bbac68_4102,12232.517127125386
00bbac68_4103,12232.657101849814
00bbac68_4104,12232.602377827505
00bbac68_4105,12232.553671100251
00bbac68_4106,12232.633539060527
00bbac68_4107,12232.53668301753
00bbac68_4108,12232.534695255752
00bbac68_4109,12232.548948999829
00bbac68_4110,12232.485613597288
00bbac68_4111,12232.107671867743
00bbac68_4112,12232.391380699495
00bbac68_4113,12232.414244309768
00bbac68_4114,12232.530979142712
00bbac68_4115,12232.474738175808
00bbac68_4116,12232.460129938081
00bbac68_4117,12232.241652772596
00bbac68_4118,12232.46029371629
00bbac68_4119,12232.277895538191
00bbac68_4120,12232.15574260534
00bbac68_4121,12232.247537981651
00bbac68_4122,12232.214851242308
00bbac68_4123,12232.093520029308
00bbac68_4124,12232.212876930245
00bbac68_4125,12232.334738189154
00bbac68_4126,12232.328706499982
00bbac68_4127,12232.305823938885
00bbac68_4128,12232.282244741398
00bbac68_4129,12232.276624237704
00bbac68_4130,12232.28054163052
00bbac68_4131,12232.301730063602
00bbac68_4132,12232.280654487842
00bbac68_4133,12232.136376150867
00bbac68_4134,12232.28082198153
00bbac68_4135,12232.225028991345
00bbac68_4136,12232.281404044608
00bbac68_4137,12232.121692549026
00bbac68_4138,12232.092261577254
00bbac68_4139,12232.25266236704
00bbac68_4140,12232.149051531995
00bbac68_4141,12232.167661890791
00bbac68_4142,12232.169290301503
00bbac68_4143,12232.17155146448
00bbac68_4144,12232.027678774713
00bbac68_4145,12232.129831445181
00bbac68_4146,12232.182575206632
00bbac68_4147,12232.020419098546
00bbac68_4148,12232.123688894564
00bbac68_4149,12232.099336363986
00bbac68_4150,12232.105343429792
00bbac68_4151,12232.13711232083
00bbac68_4152,12232.187228235436
00bbac68_4153,12232.220575128926
00bbac68_4154,12231.97251374893
00bbac68_4155,12232.169770157183
00bbac68_4156,12232.121438921055
00bbac68_4157,12232.186476816009
00bbac68_4158,12232.132325328892
00bbac68_4159,12232.153358884721
00bbac68_4160,12232.190217544729
00bbac68_4161,12232.151695147071
00bbac68_4162,12232.166771299077
00bbac68_4163,12232.108523074789
00bbac68_4164,12232.18524563402
00bbac68_4165,12231.93282342547
00bbac68_4166,12232.10796626457
00bbac68_4167,12232.172266033218
00bbac68_4168,12232.105531299323
00bbac68_4169,12232.145197139334
00bbac68_4170,12232.100452971277
00bbac68_4171,12232.112870358862
00bbac68_4172,12232.137881759165
00bbac68_4173,12232.0947407954
00bbac68_4174,12232.151592779497
00bbac68_4175,12232.16925891819
00bbac68_4176,12232.113070650956
00bbac68_4177,12232.071849548593
00bbac68_4178,12232.09472141564
00bbac68_4179,12231.93994178384
00bbac68_4180,12232.110061154663
00bbac68_4181,12232.12454014944
00bbac68_4182,12232.156145894434
00bbac68_4183,12231.778705184379
00bbac68_4184,12231.97207136693
00bbac68_4185,12232.20494495236
00bbac68_4186,12232.194179196646
00bbac68_4187,12232.18735944507
00bbac68_4188,12231.992981033507
00bbac68_4189,12232.219741228599
00bbac68_4190,12232.19593859601
00bbac68_4191,12232.002875976072
00bbac68_4192,12232.22808570104
00bbac68_4193,12231.929674896786
00bbac68_4194,12231.953412941191
00bbac68_4195,12232.202485089849
00bbac68_4196,12231.880428607092
00bbac68_4197,12232.01195021237
00bbac68_4198,12231.980348403953
00bbac68_4199,12231.801192964256
00bbac68_4200,12232.015082707405
00bbac68_4201,12232.203200424514
00bbac68_4202,12231.733591102107
00bbac68_4203,12231.851588301748
00bbac68_4204,12231.942373733458
00bbac68_4205,12231.82251689826
00bbac68_4206,12232.032833589845
00bbac68_4207,12232.033987809602
00bbac68_4208,12231.998207949651
00bbac68_4209,12232.262015070351
00bbac68_4210,12231.844713442284
00bbac68_4211,12231.972433343522
00bbac68_4212,12232.278683652958
00bbac68_4213,12232.08535675963
00bbac68_4214,12231.99182968901
00bbac68_4215,12232.332425318122
00bbac68_4216,12232.105209357767
00bbac68_4217,12232.05575725357
00bbac68_4218,12232.384220459558
00bbac68_4219,12232.342320227537
00bbac68_4220,12232.043139053918
00bbac68_4221,12232.042470394787
00bbac68_4222,12232.355839305037
00bbac68_4223,12232.092894802403
00bbac68_4224,12232.325507388592
00bbac68_4225,12232.34722292373
00bbac68_4226,12232.088756425836
00bbac68_4227,12232.312308770339
00bbac68_4228,12232.159366248492
00bbac68_4229,12232.105385372259
00bbac68_4230,12232.300247060362
00bbac68_4231,12232.372227600683
00bbac68_4232,12232.14259330756
00bbac68_4233,12232.257568290905
00bbac68_4234,12232.227745263539
00bbac68_4235,12232.112677713001
00bbac68_4236,12232.300930503128
00bbac68_4237,12232.285609775132
00bbac68_4238,12232.064896671644
00bbac68_4239,12232.285099969453
00bbac68_4240,12232.347214084257
00bbac68_4241,12232.290020649423
00bbac68_4242,12232.33848380142
00bbac68_4243,12232.347139505247
00bbac68_4244,12232.035441758511
00bbac68_4245,12232.35130116704
00bbac68_4246,12232.29636814306
00bbac68_4247,12232.093340026968
00bbac68_4248,12232.345901845958
00bbac68_4249,12232.30744153063
00bbac68_4250,12232.234724908518
00bbac68_4251,12232.19033766367
00bbac68_4252,12232.29360972344
00bbac68_4253,12232.34398660943
00bbac68_4254,12232.023351960008
00bbac68_4255,12232.336904564734
00bbac68_4256,12232.388866523492
00bbac68_4257,12232.334283702625
00bbac68_4258,12232.370064770344
00bbac68_4259,12232.330585601452
00bbac68_4260,12232.164509026223
00bbac68_4261,12232.35619299197
00bbac68_4262,12232.351333833798
00bbac68_4263,12232.334865636521
00bbac68_4264,12232.333708114342
00bbac68_4265,12232.24627950834
00bbac68_4266,12232.181239592624
00bbac68_4267,12232.354262919464
00bbac68_4268,12232.369977925557
00bbac68_4269,12232.362417473438
00bbac68_4270,12232.362982815117
00bbac68_4271,12232.360293843885
00bbac68_4272,12232.36319115969
00bbac68_4273,12232.35940424435
00bbac68_4274,12232.35660542078
00bbac68_4275,12232.352374994729
00bbac68_4276,12232.31394390312
00bbac68_4277,12232.34704412181
00bbac68_4278,12232.386571438376
00bbac68_4279,12232.343414738914
00bbac68_4280,12232.341869991882
00bbac68_4281,12232.360466618065
00bbac68_4282,12232.239758514326
00bbac68_4283,12232.330970591314
00bbac68_4284,12232.352926578435
00bbac68_4285,12232.194709999896
00bbac68_4286,12232.391521027761
00bbac68_4287,12232.368213099751
00bbac68_4288,12232.189899507697
00bbac68_4289,12232.286921653145
00bbac68_4290,12232.40239687037
00bbac68_4291,12232.326228476399
00bbac68_4292,12232.08548436123
00bbac68_4293,12232.27206113941
00bbac68_4294,12232.312794496553
00bbac68_4295,12232.427665532348
00bbac68_4296,12232.456207864567
00bbac68_4297,12232.490266448101
00bbac68_4298,12232.510393479108
00bbac68_4299,12232.50019527673
00bbac68_4300,12232.442504036557
00bbac68_4301,12232.409780597658
00bbac68_4302,12232.47814558402
00bbac68_4303,12232.381417248758
00bbac68_4304,12232.405333978695
00bbac68_4305,12232.42233150405
00bbac68_4306,12232.391460009889
00bbac68_4307,12232.232392800363
00bbac68_4308,12232.4260366607
00bbac68_4309,12232.512960615648
00bbac68_4310,12232.425313306601
00bbac68_4311,12232.430162180297
00bbac68_4312,12232.476417038612
00bbac68_4313,12232.410158063005
00bbac68_4314,12232.395773677397
00bbac68_4315,12232.461230996314
00bbac68_4316,12232.28751037992
00bbac68_4317,12232.466650826083
00bbac68_4318,12232.454687319001
00bbac68_4319,12232.29376623953
00bbac68_4320,12232.43993316977
00bbac68_4321,12232.471268893196
00bbac68_4322,12232.376706776344
00bbac68_4323,12232.468882596064
00bbac68_4324,12232.49478043125
00bbac68_4325,12232.478785658923
00bbac68_4326,12232.239589660972
00bbac68_4327,12232.264974488351
00bbac68_4328,12232.247541750854
00bbac68_4329,12232.48693322826
00bbac68_4330,12232.521393573392
00bbac68_4331,12232.462489329157
00bbac68_4332,12232.499298292447
00bbac68_4333,12232.486817082288
00bbac68_4334,12232.183731530833
00bbac68_4335,12232.196710961234
00bbac68_4336,12232.179859282849
00bbac68_4337,12232.23381119421
00bbac68_4338,12232.273376502953
00bbac68_4339,12232.210860734085
00bbac68_4340,12232.300631650212
00bbac68_4341,12232.420200305074
00bbac68_4342,12232.213389853547
00bbac68_4343,12232.482522788612
00bbac68_4344,12232.440820503345
00bbac68_4345,12232.469920478143
00bbac68_4346,12232.424578319959
00bbac68_4347,12232.491158239063
00bbac68_4348,12232.376227170553
00bbac68_4349,12232.33196814611
00bbac68_4350,12232.366374747418
00bbac68_4351,12232.372086278732
00bbac68_4352,12232.31236451483
00bbac68_4353,12232.264298528102
00bbac68_4354,12232.067643595248
00bbac68_4355,12232.262749098885
00bbac68_4356,12232.414958844798
00bbac68_4357,12232.507931779513
00bbac68_4358,12232.292017279924
00bbac68_4359,12232.238165541192
00bbac68_4360,12232.367914192415
00bbac68_4361,12232.391165515393
00bbac68_4362,12232.419337506297
00bbac68_4363,12232.344718897564
00bbac68_4364,12232.378824672562
00bbac68_4365,12232.34691339542
00bbac68_4366,12232.386908501385
00bbac68_4367,12232.397523030333
00bbac68_4368,12232.35309128312
00bbac68_4369,12232.09285953519
00bbac68_4370,12232.314632573996
00bbac68_4371,12232.319041044675
00bbac68_4372,12232.05194121612
00bbac68_4373,12231.799703683486
00bbac68_4374,12231.783699594082
00bbac68_4375,12232.229967898027
00bbac68_4376,12231.762645868874
00bbac68_4377,12232.032811861114
00bbac68_4378,12232.209801763493
00bbac68_4379,12231.785842942565
00bbac68_4380,12232.100130263825
00bbac68_4381,12232.135252897815
00bbac68_4382,12231.787170548574
00bbac68_4383,12232.073894733972
00bbac68_4384,12232.117786951452
00bbac68_4385,12232.09451320885
00bbac68_4386,12232.098110093451
00bbac68_4387,12232.025518908016
00bbac68_4388,12231.958508891232
00bbac68_4389,12231.744318197107
00bbac68_4390,12231.738597934847
00bbac68_4391,12231.777897138198
00bbac68_4392,12231.975380703596
00bbac68_4393,12231.838876038983
00bbac68_4394,12232.02908199374
00bbac68_4395,12231.99467048228
00bbac68_4396,12231.99870340876
00bbac68_4397,12232.081892461685
00bbac68_4398,12231.878830710533
00bbac68_4399,12232.027404810766
00bbac68_4400,12232.03298849884
00bbac68_4401,12232.180254755178
00bbac68_4402,12232.085109138798
00bbac68_4403,12232.168765246804
00bbac68_4404,12232.137507346735
00bbac68_4405,12232.08068300848
00bbac68_4406,12232.103420860154
00bbac68_4407,12232.145420296085
00bbac68_4408,12232.184978998794
00bbac68_4409,12232.106777902196
00bbac68_4410,12232.149125215576
00bbac68_4411,12232.11777849774
00bbac68_4412,12232.151652657221
00bbac68_4413,12232.165717920405
00bbac68_4414,12232.181017278148
00bbac68_4415,12232.12671106595
00bbac68_4416,12232.122943396549
00bbac68_4417,12231.912775476001
00bbac68_4418,12232.116960078823
00bbac68_4419,12232.117817623866
00bbac68_4420,12231.903421110535
00bbac68_4421,12232.056747369084
00bbac68_4422,12232.142880642821
00bbac68_4423,12232.159623922093
00bbac68_4424,12232.110298568503
00bbac68_4425,12232.085378918422
00bbac68_4426,12232.118336698804
00bbac68_4427,12232.120984530204
00bbac68_4428,12232.109704275485
00bbac68_4429,12232.12105749994
00bbac68_4430,12232.121780016509
00bbac68_4431,12232.153353492899
00bbac68_4432,12232.297819762432
00bbac68_4433,12232.309335061027
00bbac68_4434,12232.324365250519
00bbac68_4435,12232.318061354023
00bbac68_4436,12232.29745831219
00bbac68_4437,12232.296557411926
00bbac68_4438,12232.296037031923
00bbac68_4439,12232.290790794366
00bbac68_4440,12232.030070307646
00bbac68_4441,12232.272621167105
00bbac68_4442,12232.258079030087
00bbac68_4443,12232.26881881218
00bbac68_4444,12232.25139572997
00bbac68_4445,12231.94618766068
00bbac68_4446,12232.240280174417
00bbac68_4447,12232.214959417612
00bbac68_4448,12232.26645567385
00bbac68_4449,12232.063666557191
00bbac68_4450,12232.237196424583
00bbac68_4451,12232.233594297257
00bbac68_4452,12232.354363394676
00bbac68_4453,12232.187828941316
00bbac68_4454,12232.313128787639
00bbac68_4455,12232.323376414133
00bbac68_4456,12232.21714929851
00bbac68_4457,12232.258885260635
00bbac68_4458,12232.259068219812
00bbac68_4459,12232.237366759718
00bbac68_4460,12232.274153367876
00bbac68_4461,12232.250587386516
00bbac68_4462,12232.232035421668
00bbac68_4463,12232.216225669214
00bbac68_4464,12232.258326710937
00bbac68_4465,12232.270991401445
00bbac68_4466,12232.182353637654
00bbac68_4467,12232.255022365953
00bbac68_4468,12232.248772757222
00bbac68_4469,12232.268960524932
00bbac68_4470,12232.073649933185
00bbac68_4471,12232.256511179705
00bbac68_4472,12232.224313714461
00bbac68_4473,12232.25470807245
00bbac68_4474,12232.376785260021
00bbac68_4475,12232.286922310832
00bbac68_4476,12232.38477637984
00bbac68_4477,12232.41682009851
00bbac68_4478,12232.419346858505
00bbac68_4479,12232.442337607934
00bbac68_4480,12232.513020559649
00bbac68_4481,12232.488841152448
00bbac68_4482,12232.488119566337
00bbac68_4483,12232.50067109511
00bbac68_4484,12232.494600320866
00bbac68_4485,12232.478292836382
00bbac68_4486,12232.509922779547
00bbac68_4487,12232.440297351084
00bbac68_4488,12232.433294328888
00bbac68_4489,12232.47012026458
00bbac68_4490,12232.401760268094
00bbac68_4491,12232.426557269831
00bbac68_4492,12232.47429075589
00bbac68_4493,12232.307729339615
00bbac68_4494,12232.272730375005
00bbac68_4495,12232.271231487524
00bbac68_4496,12232.392139613654
00bbac68_4497,12232.334316768618
00bbac68_4498,12232.317959045153
00bbac68_4499,12232.327826706409
00bbac68_4500,12232.185464710346
00bbac68_4501,12232.237116227965
00bbac68_4502,12232.181581221043
00bbac68_4503,12232.303334175524
00bbac68_4504,12232.208595433389
00bbac68_4505,12232.28035256302
00bbac68_4506,12232.242409250774
00bbac68_4507,12232.408963273636
00bbac68_4508,12232.401698528076
00bbac68_4509,12232.31107064137
00bbac68_4510,12232.323320233736
00bbac68_4511,12232.27011500776
00bbac68_4512,12232.352770989839
00bbac68_4513,12232.349989813381
00bbac68_4514,12232.063993051486
00bbac68_4515,12232.326827851433
00bbac68_4516,12232.047385748723
00bbac68_4517,12232.286446694583
00bbac68_4518,12232.258876810849
00bbac68_4519,12231.725370300885
00bbac68_4520,12232.169658180237
00bbac68_4521,12232.119098438949
00bbac68_4522,12231.825575109022
00bbac68_4523,12231.778366884904
00bbac68_4524,12232.096141822376
00bbac68_4525,12231.753545754778
00bbac68_4526,12231.968333150286
00bbac68_4527,12231.75624125574
00bbac68_4528,12231.763332658391
00bbac68_4529,12231.945240807509
00bbac68_4530,12231.941892678627
00bbac68_4531,12231.707460045558
00bbac68_4532,12231.56677909693
00bbac68_4533,12231.76802122315
00bbac68_4534,12231.695784039877
00bbac68_4535,12231.811567685321
00bbac68_4536,12231.676787081178
00bbac68_4537,12231.76218342782
00bbac68_4538,12231.421892764462
00bbac68_4539,12231.71863029241
00bbac68_4540,12231.677201835511
00bbac68_4541,12231.641034386534
00bbac68_4542,12231.64992018989
00bbac68_4543,12231.597617659012
00bbac68_4544,12231.558744266476
00bbac68_4545,12231.612223351825
00bbac68_4546,12231.544533314462
00bbac68_4547,12231.507796834963
00bbac68_4548,12231.530633744687
00bbac68_4549,12231.579739969802
00bbac68_4550,12231.461954981516
00bbac68_4551,12231.489288801815
00bbac68_4552,12231.575080309107
00bbac68_4553,12231.451275114418
00bbac68_4554,12231.407687437484
00bbac68_4555,12231.37655122204
00bbac68_4556,12229.247282148839
00bbac68_4557,12229.134955383499
00bbac68_4558,12229.138092811741
00bbac68_4559,12229.174858218455
00bbac68_4560,12229.08260533649
00bbac68_4561,12229.135061164825
00bbac68_4562,12229.033875954976
00bbac68_4563,12229.107390582612
00bbac68_4564,12229.099643697667
00bbac68_4565,12229.059690613798
00bbac68_4566,12229.049044166468
00bbac68_4567,12229.0184355487
00bbac68_4568,12228.766177661835
00bbac68_4569,12228.968121741205
00bbac68_4570,12228.930185531008
00bbac68_4571,12228.979791340982
00bbac68_4572,12228.911420411225
00bbac68_4573,12228.82475678639
00bbac68_4574,12228.803389885436
00bbac68_4575,12228.262629759576
00bbac68_4576,12228.742558432814
00bbac68_4577,12228.412650921906
00bbac68_4578,12228.488752587102
00bbac68_4579,12228.745565754818
00bbac68_4580,12228.175536064007
00bbac68_4581,12228.751494447912
00bbac68_4582,12228.69982734139
00bbac68_4583,12228.128133915232
00bbac68_4584,12228.117291442508
00bbac68_4585,12228.695534303934
00bbac68_4586,12228.470090471446
00bbac68_4587,12228.401285719863
00bbac68_4588,12228.651906962708
00bbac68_4589,12228.366404065866
00bbac68_4590,12228.351066817748
00bbac68_4591,12228.340284546757
00bbac68_4592,12228.219994142477
00bbac68_4593,12228.296113301069
00bbac68_4594,12228.211223216313
00bbac68_4595,12227.721330732742
00bbac68_4596,12227.704539541517
00bbac68_4597,12227.68045115625
00bbac68_4598,12227.549918994519
00bbac68_4599,12227.842848723629
00bbac68_4600,12227.879225201174
00bbac68_4601,12227.33662936301
00bbac68_4602,12227.590437546434
00bbac68_4603,12227.803532933285
00bbac68_4604,12227.224938769996
00bbac68_4605,12227.497653384597
00bbac68_4606,12227.266495311089
00bbac68_4607,12227.120389171192
00bbac68_4608,12227.378622077074
00bbac68_4609,12227.328702335992
00bbac68_4610,12226.999561313642
00bbac68_4611,12227.268638868376
00bbac68_4612,12227.463203699239
00bbac68_4613,12227.18460063916
00bbac68_4614,12227.228338847384
00bbac68_4615,12227.415515923085
00bbac68_4616,12227.195577731683
00bbac68_4617,12227.255911309116
00bbac68_4618,12227.481783000678
00bbac68_4619,12227.248806704734
00bbac68_4620,12227.230412050418
00bbac68_4621,12227.214970871064
00bbac68_4622,12227.289605355894
00bbac68_4623,12227.437993089583
00bbac68_4624,12227.428285484491
00bbac68_4625,12227.214962573886
00bbac68_4626,12227.451692994306
00bbac68_4627,12227.461767249093
00bbac68_4628,12227.537965893409
00bbac68_4629,12227.55114633153
00bbac68_4630,12227.606838692229
00bbac68_4631,12227.456614861425
00bbac68_4632,12227.478319841026
00bbac68_4633,12227.62074991643
00bbac68_4634,12227.689878976604
00bbac68_4635,12227.729737193944
00bbac68_4636,12227.64383619662
00bbac68_4637,12227.65153889525
00bbac68_4638,12227.6489355202
00bbac68_4639,12227.697985191797
00bbac68_4640,12227.754028721156
00bbac68_4641,12227.732285122449
00bbac68_4642,12227.775069018573
00bbac68_4643,12227.768418291294
00bbac68_4644,12227.719232835509
00bbac68_4645,12227.756804291032
00bbac68_4646,12227.47590433442
00bbac68_4647,12227.465344653316
00bbac68_4648,12227.563989781074
00bbac68_4649,12227.67971593718
00bbac68_4650,12227.415997544982
00bbac68_4651,12227.635380961334
00bbac68_4652,12227.585106294566
00bbac68_4653,12227.59720989206
00bbac68_4654,12227.545584960495
00bbac68_4655,12227.499110033827
00bbac68_4656,12227.316423666223
00bbac68_4657,12227.541778039567
00bbac68_4658,12227.517211609782
00bbac68_4659,12227.488860325018
00bbac68_4660,12227.553064622469
00bbac68_4661,12227.309716929587
00bbac68_4662,12227.57980466573
00bbac68_4663,12227.242795405402
00bbac68_4664,12227.531057269975
00bbac68_4665,12227.584562257449
00bbac68_4666,12227.552324530603
00bbac68_4667,12227.493937927215
00bbac68_4668,12227.524554375308
00bbac68_4669,12227.400541192552
00bbac68_4670,12227.207037126085
00bbac68_4671,12227.475305269989
00bbac68_4672,12227.386866594885
00bbac68_4673,12227.447988700873
00bbac68_4674,12227.439338880944
00bbac68_4675,12227.327793516557
00bbac68_4676,12227.418255607403
00bbac68_4677,12227.35244872571
00bbac68_4678,12227.287612813181
00bbac68_4679,12227.35252796334
00bbac68_4680,12227.371005715464
00bbac68_4681,12227.206046523555
00bbac68_4682,12227.206255978032
00bbac68_4683,12227.26540798369
00bbac68_4684,12227.163621515914
00bbac68_4685,12227.148067632012
00bbac68_4686,12227.22279167632
00bbac68_4687,12227.149103476293
00bbac68_4688,12227.22134117115
00bbac68_4689,12227.2071409488
00bbac68_4690,12227.264655191257
00bbac68_4691,12227.30314319453
00bbac68_4692,12227.273881377325
00bbac68_4693,12226.97000641266
00bbac68_4694,12227.316991003017
00bbac68_4695,12227.230840763834
00bbac68_4696,12227.008736474665
00bbac68_4697,12227.013958025856
00bbac68_4698,12227.0155935029
00bbac68_4699,12226.893818993653
00bbac68_4700,12226.95941007822
00bbac68_4701,12226.940874308897
00bbac68_4702,12226.957171134953
00bbac68_4703,12226.862148087372
00bbac68_4704,12227.236364258613
00bbac68_4705,12227.233973151182
00bbac68_4706,12226.971566827006
00bbac68_4707,12226.921721483399
00bbac68_4708,12227.252248432524
00bbac68_4709,12227.39258188655
00bbac68_4710,12227.314631226564
00bbac68_4711,12227.336049583533
00bbac68_4712,12227.40576886137
00bbac68_4713,12227.366418878686
00bbac68_4714,12227.20500830173
00bbac68_4715,12227.392431616148
00bbac68_4716,12227.395346586249
00bbac68_4717,12227.167229404198
00bbac68_4718,12227.407342385242
00bbac68_4719,12227.28500865021
00bbac68_4720,12227.058144958602
00bbac68_4721,12227.199652640898
00bbac68_4722,12227.206937276345
00bbac68_4723,12226.702263048046
00bbac68_4724,12227.244775018571
00bbac68_4725,12227.209612247081
00bbac68_4726,12226.995097618586
00bbac68_4727,12227.236274044793
00bbac68_4728,12227.209287752326
00bbac68_4729,12226.88581658692
00bbac68_4730,12227.255744097944
00bbac68_4731,12227.310913514017
00bbac68_4732,12227.009013112141
00bbac68_4733,12227.340229535268
00bbac68_4734,12227.183288915932
00bbac68_4735,12227.188194988974
00bbac68_4736,12227.449549711395
00bbac68_4737,12227.471252153275
00bbac68_4738,12227.2731841199
00bbac68_4739,12227.530687382918
00bbac68_4740,12227.567725074954
00bbac68_4741,12227.377237291239
00bbac68_4742,12227.487771429964
00bbac68_4743,12227.548221383717
00bbac68_4744,12227.163362678382
00bbac68_4745,12227.61866417679
00bbac68_4746,12227.337130868164
00bbac68_4747,12227.325484617784
00bbac68_4748,12227.317528885205
00bbac68_4749,12227.276694732547
00bbac68_4750,12227.306033426978
00bbac68_4751,12227.317885712793
00bbac68_4752,12227.382073151151
00bbac68_4753,12227.107804164109
00bbac68_4754,12227.530999522358
00bbac68_4755,12227.52167196689
00bbac68_4756,12227.328137697754
00bbac68_4757,12227.47460545882
00bbac68_4758,12227.108242656372
00bbac68_4759,12227.0710890261
00bbac68_4760,12227.497852393455
00bbac68_4761,12227.294661279842
00bbac68_4762,12227.258496506653
00bbac68_4763,12227.353186245762
00bbac68_4764,12227.423489723233
00bbac68_4765,12227.265173429052
00bbac68_4766,12227.375280250868
00bbac68_4767,12227.131612362125
00bbac68_4768,12226.945403609718
00bbac68_4769,12227.323560636196
00bbac68_4770,12227.290045072341
00bbac68_4771,12226.900292787815
00bbac68_4772,12227.302727674247
00bbac68_4773,12227.151617691045
00bbac68_4774,12227.330545529425
00bbac68_4775,12227.285288882536
00bbac68_4776,12227.315793034137
00bbac68_4777,12227.30407426332
00bbac68_4778,12227.270510182108
00bbac68_4779,12227.307641259282
00bbac68_4780,12227.314918175045
00bbac68_4781,12227.183051518914
00bbac68_4782,12227.278240008181
00bbac68_4783,12227.294935506448
00bbac68_4784,12227.262969841528
00bbac68_4785,12227.173861754005
00bbac68_4786,12227.31168345655
00bbac68_4787,12227.316695265354
00bbac68_4788,12227.353354964634
00bbac68_4789,12227.37205378664
00bbac68_4790,12227.348573249817
00bbac68_4791,12227.390158629216
00bbac68_4792,12227.322691913152
00bbac68_4793,12227.350751987458
00bbac68_4794,12227.317490980357
00bbac68_4795,12227.103394087899
00bbac68_4796,12227.343958859403
00bbac68_4797,12227.306822670662
00bbac68_4798,12227.355425119384
00bbac68_4799,12227.285688924267
00bbac68_4800,12227.30753983472
00bbac68_4801,12227.297982696427
00bbac68_4802,12227.332698697246
00bbac68_4803,12227.27931762899
00bbac68_4804,12227.242316565736
00bbac68_4805,12227.214515245896
00bbac68_4806,12227.309733212669
00bbac68_4807,12227.354354877796
00bbac68_4808,12227.23001419928
00bbac68_4809,12227.371334042795
00bbac68_4810,12227.344529004378
00bbac68_4811,12227.34782778621
00bbac68_4812,12227.394299106703
00bbac68_4813,12227.360131089301
00bbac68_4814,12227.357250883146
00bbac68_4815,12227.363147223734
00bbac68_4816,12227.334045712361
00bbac68_4817,12227.400139171768
00bbac68_4818,12227.38587109633
00bbac68_4819,12227.396214189377
00bbac68_4820,12227.252483319753
00bbac68_4821,12227.418022409893
00bbac68_4822,12227.35583516438
00bbac68_4823,12227.496094030525
00bbac68_4824,12227.460751146025
00bbac68_4825,12227.363775653987
00bbac68_4826,12227.431006041068
00bbac68_4827,12227.505388315993
00bbac68_4828,12227.442933956105
00bbac68_4829,12227.35076550148
00bbac68_4830,12227.281863154645
00bbac68_4831,12227.42881943487
00bbac68_4832,12227.441680929081
00bbac68_4833,12227.267953910481
00bbac68_4834,12227.422687493126
00bbac68_4835,12227.456399292492
00bbac68_4836,12227.1885716572
00bbac68_4837,12227.48794065017
00bbac68_4838,12227.437804116656
00bbac68_4839,12227.195613166741
00bbac68_4840,12227.386984084984
00bbac68_4841,12227.492136364952
00bbac68_4842,12227.236356230893
00bbac68_4843,12227.407405009953
00bbac68_4844,12227.333354609656
00bbac68_4845,12227.467055044579
00bbac68_4846,12227.54399355225
00bbac68_4847,12227.370135447454
00bbac68_4848,12227.531527512288
00bbac68_4849,12227.487908791065
00bbac68_4850,12227.499071035863
00bbac68_4851,12227.472939262318
00bbac68_4852,12227.446415858527
00bbac68_4853,12227.4912654189
00bbac68_4854,12227.120333327712
00bbac68_4855,12227.181549082792
00bbac68_4856,12227.552409149808
00bbac68_4857,12227.289595412894
00bbac68_4858,12227.040953664255
00bbac68_4859,12227.374360085778
00bbac68_4860,12227.3524659531
00bbac68_4861,12227.441930423332
00bbac68_4862,12227.683772993585
00bbac68_4863,12227.307236844666
00bbac68_4864,12227.486845785608
00bbac68_4865,12227.631420071088
00bbac68_4866,12227.503816242754
00bbac68_4867,12227.355104633534
00bbac68_4868,12227.737898145835
00bbac68_4869,12227.55330781387
00bbac68_4870,12227.576258882853
00bbac68_4871,12227.560011150596
00bbac68_4872,12227.906542585424
00bbac68_4873,12227.715681609383
00bbac68_4874,12227.86159347562
00bbac68_4875,12227.744108191866
00bbac68_4876,12227.784164249108
00bbac68_4877,12227.770031876284
00bbac68_4878,12227.881429798905
00bbac68_4879,12227.850674085623
00bbac68_4880,12227.721633276036
00bbac68_4881,12227.814454122627
00bbac68_4882,12227.696562203235
00bbac68_4883,12227.687859661464
00bbac68_4884,12227.665461162906
00bbac68_4885,12227.65555587099
00bbac68_4886,12227.661608959324
00bbac68_4887,12227.547734554244
00bbac68_4888,12227.533360541165
00bbac68_4889,12227.718690786702
00bbac68_4890,12227.557498375158
00bbac68_4891,12227.758913104319
00bbac68_4892,12227.765747074638
00bbac68_4893,12227.74576272406
00bbac68_4894,12227.771550790407
00bbac68_4895,12227.733920744959
00bbac68_4896,12227.766216309657
00bbac68_4897,12227.745972415862
00bbac68_4898,12227.734398398738
00bbac68_4899,12227.755714414176
00bbac68_4900,12227.752904039788
00bbac68_4901,12227.752427095704
00bbac68_4902,12227.724242071792
00bbac68_4903,12227.732282926869
00bbac68_4904,12227.740483505584
00bbac68_4905,12227.699848670018
00bbac68_4906,12227.695057464227
00bbac68_4907,12227.681972541592
00bbac68_4908,12227.70963126269
00bbac68_4909,12227.712140797945
00bbac68_4910,12227.65245963146
00bbac68_4911,12227.715567009851
00bbac68_4912,12227.390673149177
00bbac68_4913,12227.714694253536
00bbac68_4914,12227.719728170034
00bbac68_4915,12227.721369675124
00bbac68_4916,12227.728949534372
00bbac68_4917,12227.477050577128
00bbac68_4918,12227.498670451076
00bbac68_4919,12227.739490927595
00bbac68_4920,12227.484133199545
00bbac68_4921,12227.449007744373
00bbac68_4922,12227.664711770858
00bbac68_4923,12227.79439749564
00bbac68_4924,12227.750359754504
00bbac68_4925,12227.763100879232
00bbac68_4926,12227.540581948011
00bbac68_4927,12227.721770544516
00bbac68_4928,12227.597106481182
00bbac68_4929,12227.66144531085
00bbac68_4930,12227.674977022387
00bbac68_4931,12227.537739463498
00bbac68_4932,12227.731247722873
00bbac68_4933,12227.44982310872
00bbac68_4934,12227.560603042197
00bbac68_4935,12227.582114164261
00bbac68_4936,12227.738428377314
00bbac68_4937,12227.609414526072
00bbac68_4938,12227.796834440964
00bbac68_4939,12227.70770434846
00bbac68_4940,12227.740166354992
00bbac68_4941,12227.821861252069
00bbac68_4942,12227.652452880135
00bbac68_4943,12227.828024228274
00bbac68_4944,12227.84666604444
00bbac68_4945,12227.823469400793
00bbac68_4946,12227.73604841519
00bbac68_4947,12227.610795800274
00bbac68_4948,12227.94021967495
00bbac68_4949,12227.614360255686
00bbac68_4950,12227.84814267693
00bbac68_4951,12227.994078602882
00bbac68_4952,12227.602389736316
00bbac68_4953,12227.869478021645
00bbac68_4954,12227.97703943943
00bbac68_4955,12228.010502807098
00bbac68_4956,12227.800671873727
00bbac68_4957,12228.03358623798
00bbac68_4958,12227.991548743044
00bbac68_4959,12227.863864410441
00bbac68_4960,12227.825362645079
00bbac68_4961,12228.016537572317
00bbac68_4962,12227.883561180583
00bbac68_4963,12227.915523004967
00bbac68_4964,12227.675394273698
00bbac68_4965,12227.72716317989
00bbac68_4966,12227.880425280004
00bbac68_4967,12227.694818740514
00bbac68_4968,12228.080056861601
00bbac68_4969,12227.721114510465
00bbac68_4970,12228.088551722443
00bbac68_4971,12227.965949944137
00bbac68_4972,12227.973212052146
00bbac68_4973,12227.817633532093
00bbac68_4974,12227.94793127677
00bbac68_4975,12227.98355820253
00bbac68_4976,12228.089154577452
00bbac68_4977,12228.014216927213
00bbac68_4978,12228.064219700384
00bbac68_4979,12228.126592736815
00bbac68_4980,12228.0555033268
00bbac68_4981,12228.24988028596
00bbac68_4982,12228.093262987142
00bbac68_4983,12228.153536638103
00bbac68_4984,12228.223696145724
00bbac68_4985,12228.226754864598
00bbac68_4986,12228.021116558317
00bbac68_4987,12228.054788138103
00bbac68_4988,12227.9536382064
00bbac68_4989,12227.470531547055
00bbac68_4990,12227.891620634986
00bbac68_4991,12227.95394441098
00bbac68_4992,12227.763903193663
00bbac68_4993,12227.80973533304
00bbac68_4994,12227.528915754156
00bbac68_4995,12227.911365632974
00bbac68_4996,12227.955833306094
00bbac68_4997,12227.654421578372
00bbac68_4998,12228.054128825974
00bbac68_4999,12228.093168482388
00bbac68_5000,12227.86966174368
00bbac68_5001,12227.877101834494
00bbac68_5002,12227.97962272476
00bbac68_5003,12228.091161633474
00bbac68_5004,12227.91275752998
00bbac68_5005,12227.864400684253
00bbac68_5006,12227.902685178773
00bbac68_5007,12227.888435783165
00bbac68_5008,12228.116093649885
00bbac68_5009,12227.998570652311
00bbac68_5010,12227.998758678963
00bbac68_5011,12228.2496293655
00bbac68_5012,12228.204927388824
00bbac68_5013,12228.062701815625
00bbac68_5014,12228.28447001757
00bbac68_5015,12228.189481609446
00bbac68_5016,12228.106453209884
00bbac68_5017,12228.255596966383
00bbac68_5018,12228.147385185592
00bbac68_5019,12228.220853031116
00bbac68_5020,12228.008204574766
00bbac68_5021,12227.81590725958
00bbac68_5022,12228.0820145647
00bbac68_5023,12227.719422051152
00bbac68_5024,12227.956144301039
00bbac68_5025,12227.984385921984
00bbac68_5026,12227.992673310506
00bbac68_5027,12228.053927198913
00bbac68_5028,12228.160916935532
00bbac68_5029,12228.079672897924
00bbac68_5030,12228.235731571292
00bbac68_5031,12227.867624422235
00bbac68_5032,12228.178057841025
00bbac68_5033,12228.106949804966
00bbac68_5034,12228.12257237749
00bbac68_5035,12228.136938535412
00bbac68_5036,12228.283649408308
00bbac68_5037,12228.33052551083
00bbac68_5038,12228.283396613571
00bbac68_5039,12228.302762986805
00bbac68_5040,12227.949740955597
00bbac68_5041,12228.274278366383
00bbac68_5042,12227.961472108986
00bbac68_5043,12228.22835642531
00bbac68_5044,12228.029991459904
00bbac68_5045,12228.198522037384
00bbac68_5046,12228.099429722126
00bbac68_5047,12228.172294773827
00bbac68_5048,12228.180183259954
00bbac68_5049,12228.170826961818
00bbac68_5050,12228.149024784869
00bbac68_5051,12228.208297618228
00bbac68_5052,12228.15179030609
00bbac68_5053,12228.023683021294
00bbac68_5054,12228.194515590096
00bbac68_5055,12228.291287601041
00bbac68_5056,12228.307273825721
00bbac68_5057,12228.30955356662
00bbac68_5058,12228.331749978737
00bbac68_5059,12228.143117842134
00bbac68_5060,12228.17283029211
00bbac68_5061,12228.336476781986
00bbac68_5062,12228.159886864238
00bbac68_5063,12228.208973093622
00bbac68_5064,12228.323249840332
00bbac68_5065,12228.324289113307
00bbac68_5066,12228.335887529376
00bbac68_5067,12228.293989538552
00bbac68_5068,12228.32087794402
00bbac68_5069,12228.134049526727
00bbac68_5070,12228.02203159626
00bbac68_5071,12228.3335867004
00bbac68_5072,12228.262295183607
00bbac68_5073,12228.265233465865
00bbac68_5074,12228.302060342106
00bbac68_5075,12228.037420322977
00bbac68_5076,12228.358718445132
00bbac68_5077,12228.347370447686
00bbac68_5078,12228.301931157743
00bbac68_5079,12228.35249312137
00bbac68_5080,12228.358396523312
00bbac68_5081,12228.365436093201
00bbac68_5082,12228.152408786844
00bbac68_5083,12228.37529202678
00bbac68_5084,12228.375564755916
00bbac68_5085,12227.902221532748
00bbac68_5086,12228.092720601619
00bbac68_5087,12228.26360048003
00bbac68_5088,12228.198100577443
00bbac68_5089,12228.1631255879
00bbac68_5090,12227.890706373244
00bbac68_5091,12227.914827951361
00bbac68_5092,12227.910943978532
00bbac68_5093,12228.314310327733
00bbac68_5094,12227.916876969455
00bbac68_5095,12228.359193602768
00bbac68_5096,12228.31896407026
00bbac68_5097,12227.911280169175
00bbac68_5098,12228.376157643523
00bbac68_5099,12228.202873664539
00bbac68_5100,12227.922335917658
00bbac68_5101,12228.255232231926
00bbac68_5102,12227.924376540348
00bbac68_5103,12228.23904746832
00bbac68_5104,12228.277979388806
00bbac68_5105,12227.981597538717
00bbac68_5106,12228.311583014956
00bbac68_5107,12228.364377221122
00bbac68_5108,12228.645019037805
00bbac68_5109,12228.40499072577
00bbac68_5110,12228.458588569381
00bbac68_5111,12228.559713156874
00bbac68_5112,12228.311013072545
00bbac68_5113,12228.491626161675
00bbac68_5114,12228.74985789444
00bbac68_5115,12228.5090085422
00bbac68_5116,12228.449486655561
00bbac68_5117,12228.55805569168
00bbac68_5118,12228.355074739371
00bbac68_5119,12228.73647903084
00bbac68_5120,12228.562722118184
00bbac68_5121,12228.564579554419
00bbac68_5122,12228.753790072788
00bbac68_5123,12228.618055404479
00bbac68_5124,12228.53288565854
00bbac68_5125,12228.33494800303
00bbac68_5126,12228.677759100463
00bbac68_5127,12228.478132685548
00bbac68_5128,12228.3737552779
00bbac68_5129,12228.783783971921
00bbac68_5130,12228.83335120256
00bbac68_5131,12228.454058596424
00bbac68_5132,12228.80154254438
00bbac68_5133,12228.82165009387
00bbac68_5134,12228.737096309771
00bbac68_5135,12228.727481610473
00bbac68_5136,12228.653330361703
00bbac68_5137,12228.626395332114
00bbac68_5138,12228.665746183768
00bbac68_5139,12228.600214665592
00bbac68_5140,12228.506417090019
00bbac68_5141,12228.46675465492
00bbac68_5142,12228.505125862137
00bbac68_5143,12228.215281405804
00bbac68_5144,12228.631071641106
00bbac68_5145,12228.42188519926
00bbac68_5146,12228.056281454012
00bbac68_5147,12228.531440562623
00bbac68_5148,12228.582278080572
00bbac68_5149,12228.396185074173
00bbac68_5150,12228.617509106965
00bbac68_5151,12228.552027477563
00bbac68_5152,12228.333602380675
00bbac68_5153,12228.515673874113
00bbac68_5154,12228.354739895778
00bbac68_5155,12228.2303764848
00bbac68_5156,12228.458134672292
00bbac68_5157,12228.330520450476
00bbac68_5158,12228.312877486813
00bbac68_5159,12228.379223985436
00bbac68_5160,12228.412862052684
00bbac68_5161,12228.576419983423
00bbac68_5162,12228.670359584721
00bbac68_5163,12228.520853707243
00bbac68_5164,12228.518340465313
00bbac68_5165,12228.627626659158
00bbac68_5166,12228.689354104807
00bbac68_5167,12228.619126972795
00bbac68_5168,12228.604924782307
00bbac68_5169,12228.332057241652
00bbac68_5170,12228.580747501928
00bbac68_5171,12228.575807257208
00bbac68_5172,12228.313263524004
00bbac68_5173,12228.361240413898
00bbac68_5174,12228.598040785102
00bbac68_5175,12228.261362363366
00bbac68_5176,12228.284365314648
00bbac68_5177,12228.536889424988
00bbac68_5178,12227.992442457982
00bbac68_5179,12228.343059854971
00bbac68_5180,12228.345665864907
00bbac68_5181,12228.311575268794
00bbac68_5182,12228.356489670094
00bbac68_5183,12228.307742389543
00bbac68_5184,12228.50252483194
00bbac68_5185,12228.491275158402
00bbac68_5186,12228.43872679939
00bbac68_5187,12228.573547516058
00bbac68_5188,12228.608138136631
00bbac68_5189,12228.583517822424
00bbac68_5190,12228.72118748522
00bbac68_5191,12228.601443398606
00bbac68_5192,12228.821587221602
00bbac68_5193,12228.802684012793
00bbac68_5194,12228.65506757913
00bbac68_5195,12228.811417092358
00bbac68_5196,12228.515001588512
00bbac68_5197,12228.606335250184
00bbac68_5198,12228.760397923095
00bbac68_5199,12228.602226861829
00bbac68_5200,12228.548775086125
00bbac68_5201,12228.562038726464
00bbac68_5202,12228.503026357252
00bbac68_5203,12228.459876944857
00bbac68_5204,12228.625702446057
00bbac68_5205,12228.54275835277
00bbac68_5206,12228.531109315165
00bbac68_5207,12228.633133296174
00bbac68_5208,12228.558070451949
00bbac68_5209,12228.665319001228
00bbac68_5210,12228.76809708965
00bbac68_5211,12228.689541974481
00bbac68_5212,12228.652043426604
00bbac68_5213,12228.62418050997
00bbac68_5214,12228.798894536494
00bbac68_5215,12228.708184623732
00bbac68_5216,12228.642914799082
00bbac68_5217,12228.575845150037
00bbac68_5218,12228.64539965571
00bbac68_5219,12228.728745863396
00bbac68_5220,12228.71918518743
00bbac68_5221,12228.481934764788
00bbac68_5222,12228.649237664999
00bbac68_5223,12228.615245265159
00bbac68_5224,12228.466095473817
00bbac68_5225,12228.544482777845
00bbac68_5226,12228.402475085179
00bbac68_5227,12228.373582004697
00bbac68_5228,12228.492736738206
00bbac68_5229,12228.384963733151
00bbac68_5230,12228.46702907358
00bbac68_5231,12228.27065703188
00bbac68_5232,12228.406204507954
00bbac68_5233,12228.43164027491
00bbac68_5234,12228.52031739545
00bbac68_5235,12228.257894496719
00bbac68_5236,12228.452161771338
00bbac68_5237,12228.547733343476
00bbac68_5238,12228.590002829646
00bbac68_5239,12228.556390123284
00bbac68_5240,12228.558304618418
00bbac68_5241,12228.281344715344
00bbac68_5242,12228.296145637096
00bbac68_5243,12228.525866530395
00bbac68_5244,12228.466211695619
00bbac68_5245,12228.506761339077
00bbac68_5246,12228.620465263988
00bbac68_5247,12228.569179965463
00bbac68_5248,12228.320499732903
00bbac68_5249,12228.36583064737
00bbac68_5250,12228.664076266312
00bbac68_5251,12228.419159378544
00bbac68_5252,12228.689166647635
00bbac68_5253,12228.752822560313
00bbac68_5254,12228.673071911828
00bbac68_5255,12228.466253975046
00bbac68_5256,12228.750421720528
00bbac68_5257,12228.578575875892
00bbac68_5258,12228.697001337117
00bbac68_5259,12228.669480717901
00bbac68_5260,12228.688876550654
00bbac68_5261,12228.562386465366
00bbac68_5262,12228.655807830797
00bbac68_5263,12228.493828605104
00bbac68_5264,12228.609316670892
00bbac68_5265,12228.491737197764
00bbac68_5266,12228.536109203957
00bbac68_5267,12228.557475104617
00bbac68_5268,12228.562428482743
00bbac68_5269,12228.543003275132
00bbac68_5270,12228.495172330067
00bbac68_5271,12228.534220572868
00bbac68_5272,12228.619708540838
00bbac68_5273,12228.597132183082
00bbac68_5274,12228.526312638645
00bbac68_5275,12228.604469058406
00bbac68_5276,12228.470626005133
00bbac68_5277,12228.583971958416
00bbac68_5278,12228.563341562236
00bbac68_5279,12228.527351503677
00bbac68_5280,12228.364098078053
00bbac68_5281,12228.503286783405
00bbac68_5282,12228.469177089608
00bbac68_5283,12228.460136907
00bbac68_5284,12228.460367389192
00bbac68_5285,12228.419083721194
00bbac68_5286,12228.435798583672
00bbac68_5287,12228.333200436822
00bbac68_5288,12228.336535873323
00bbac68_5289,12228.336948086868
00bbac68_5290,12228.334515618386
00bbac68_5291,12228.311685129387
00bbac68_5292,12228.178289338113
00bbac68_5293,12228.280243023482
00bbac68_5294,12228.308872165966
00bbac68_5295,12228.25551187297
00bbac68_5296,12228.225961325179
00bbac68_5297,12228.219892881782
00bbac68_5298,12228.21845776358
00bbac68_5299,12228.222905593328
00bbac68_5300,12228.174030666814
00bbac68_5301,12228.186115592156
00bbac68_5302,12228.131754580407
00bbac68_5303,12228.164250202764
00bbac68_5304,12228.129612025728
00bbac68_5305,12228.003784584318
00bbac68_5306,12228.077515693343
00bbac68_5307,12227.948151401539
00bbac68_5308,12228.060181825682
00bbac68_5309,12228.040004595383
00bbac68_5310,12228.019901553798
00bbac68_5311,12227.962021354779
00bbac68_5312,12228.016615320428
00bbac68_5313,12227.802467810046
00bbac68_5314,12227.963216357286
00bbac68_5315,12227.940336715252
00bbac68_5316,12227.866348907182
00bbac68_5317,12227.99166048555
00bbac68_5318,12227.949807242358
00bbac68_5319,12227.936219225725
00bbac68_5320,12227.9271714207
00bbac68_5321,12227.620932834314
00bbac68_5322,12227.704100463634
00bbac68_5323,12227.74552273422
00bbac68_5324,12227.734006117918
00bbac68_5325,12227.724610644073
00bbac68_5326,12227.691291406016
00bbac68_5327,12227.788477245398
00bbac68_5328,12227.743090422835
00bbac68_5329,12227.665085033488
00bbac68_5330,12227.837509303481
00bbac68_5331,12227.646544463236
00bbac68_5332,12227.60292258741
00bbac68_5333,12227.668476605282
00bbac68_5334,12227.568716162692
00bbac68_5335,12227.520740043912
00bbac68_5336,12227.58147852626
00bbac68_5337,12227.46347976947
00bbac68_5338,12227.41065844027
00bbac68_5339,12227.698799576401
00bbac68_5340,12227.669571778433
00bbac68_5341,12227.553016672564
00bbac68_5342,12227.659078775245
00bbac68_5343,12227.69244357686
00bbac68_5344,12227.706141394816
00bbac68_5345,12227.609536895528
00bbac68_5346,12227.673235201393
00bbac68_5347,12227.641624034688
00bbac68_5348,12227.618649113527
00bbac68_5349,12227.669312621114
00bbac68_5350,12227.588134864547
00bbac68_5351,12227.613580750847
00bbac68_5352,12227.56989750742
00bbac68_5353,12227.589698193437
00bbac68_5354,12227.722122784362
00bbac68_5355,12227.691579708851
00bbac68_5356,12227.721546551102
00bbac68_5357,12227.64197373229
00bbac68_5358,12227.729716667258
00bbac68_5359,12227.662728741572
00bbac68_5360,12227.71785033979
00bbac68_5361,12227.726877687015
00bbac68_5362,12227.672713013917
00bbac68_5363,12227.677175004035
00bbac68_5364,12227.73230774194
00bbac68_5365,12227.72746301174
00bbac68_5366,12227.769807866182
00bbac68_5367,12227.731334472115
00bbac68_5368,12227.648368504877
00bbac68_5369,12227.728616326152
00bbac68_5370,12227.761232534143
00bbac68_5371,12227.648086713061
00bbac68_5372,12227.716092872788
00bbac68_5373,12227.629334436671
00bbac68_5374,12227.639542665685
00bbac68_5375,12227.769743250681
00bbac68_5376,12227.72146787979
00bbac68_5377,12227.754843865554
00bbac68_5378,12227.723320977577
00bbac68_5379,12227.84814947789
00bbac68_5380,12227.875783034779
00bbac68_5381,12227.769354377802
00bbac68_5382,12227.751660854581
00bbac68_5383,12227.838574589667
00bbac68_5384,12227.387827760489
00bbac68_5385,12227.637603238054
00bbac68_5386,12227.75353163466
00bbac68_5387,12227.599421027175
00bbac68_5388,12227.437864896074
00bbac68_5389,12227.6327663884
00bbac68_5390,12227.400046418477
00bbac68_5391,12227.36267944162
00bbac68_5392,12227.571842860929
00bbac68_5393,12227.247606238268
00bbac68_5394,12227.19540957466
00bbac68_5395,12227.35491690586
00bbac68_5396,12227.46160557654
00bbac68_5397,12227.306749749167
00bbac68_5398,12227.173845059386
00bbac68_5399,12227.097451229563
00bbac68_5400,12227.196881916181
00bbac68_5401,12227.061722126859
00bbac68_5402,12227.188635195138
00bbac68_5403,12227.12785729508
00bbac68_5404,12227.170695940818
00bbac68_5405,12227.280409234123
00bbac68_5406,12227.324729844346
00bbac68_5407,12227.254392822106
00bbac68_5408,12227.285018599207
00bbac68_5409,12227.243067427871
00bbac68_5410,12227.29120090885
00bbac68_5411,12226.971779754693
00bbac68_5412,12227.212053105182
00bbac68_5413,12226.963807494914
00bbac68_5414,12227.052362771148
00bbac68_5415,12226.926535955607
00bbac68_5416,12227.013207867705
00bbac68_5417,12226.945338169506
00bbac68_5418,12227.085971589666
00bbac68_5419,12227.095869005707
00bbac68_5420,12226.905119708816
00bbac68_5421,12226.91912466478
00bbac68_5422,12226.887851597598
00bbac68_5423,12227.023160956449
00bbac68_5424,12226.576399831736
00bbac68_5425,12226.469154081915
00bbac68_5426,12226.677663441957
00bbac68_5427,12226.661025440573
00bbac68_5428,12226.824846055848
00bbac68_5429,12226.848756083597
00bbac68_5430,12226.869172473731
00bbac68_5431,12226.69066805342
00bbac68_5432,12226.760107990913
00bbac68_5433,12226.526505432792
00bbac68_5434,12226.757277798635
00bbac68_5435,12226.7084125189
00bbac68_5436,12226.837446381205
00bbac68_5437,12226.591297254694
00bbac68_5438,12226.768717119674
00bbac68_5439,12226.831253915847
00bbac68_5440,12226.477408138695
00bbac68_5441,12226.797223312455
00bbac68_5442,12226.74741000324
00bbac68_5443,12226.44280721159
00bbac68_5444,12226.358762224218
00bbac68_5445,12226.516428075203
00bbac68_5446,12226.428982901645
00bbac68_5447,12226.422097534585
00bbac68_5448,12226.465103501901
00bbac68_5449,12226.36192444618
00bbac68_5450,12226.341643448515
00bbac68_5451,12226.395805455275
00bbac68_5452,12226.473576183076
00bbac68_5453,12226.584354855157
00bbac68_5454,12226.52964408382
00bbac68_5455,12226.549976642518
00bbac68_5456,12226.452840147102
00bbac68_5457,12226.159245219975
00bbac68_5458,12226.12030172256
00bbac68_5459,12226.140270106162
00bbac68_5460,12226.318711022108
00bbac68_5461,12226.005052282957
00bbac68_5462,12226.036468136082
00bbac68_5463,12225.941672974313
00bbac68_5464,12226.270355766732
00bbac68_5465,12226.189645392193
00bbac68_5466,12226.201340710555
00bbac68_5467,12226.081923269778
00bbac68_5468,12226.122055329117
00bbac68_5469,12225.978828903908
00bbac68_5470,12226.005046238359
00bbac68_5471,12225.86943996717
00bbac68_5472,12225.717305565644
00bbac68_5473,12225.861722914582
00bbac68_5474,12225.818612615876
00bbac68_5475,12225.683279522491
00bbac68_5476,12225.670131754676
00bbac68_5477,12225.50687190075
00bbac68_5478,12225.460763314426
00bbac68_5479,12225.354313670105
00bbac68_5480,12225.36874392394
00bbac68_5481,12225.307450339289
00bbac68_5482,12225.232332944579
00bbac68_5483,12225.125499142436
00bbac68_5484,12225.025109560434
00bbac68_5485,12224.985490925954
00bbac68_5486,12224.890857255825
00bbac68_5487,12224.823105716107
00bbac68_5488,12224.835373834088
00bbac68_5489,12224.716834649564
00bbac68_5490,12224.889169749757
00bbac68_5491,12224.868330839205
00bbac68_5492,12224.639050486901
00bbac68_5493,12224.549999322855
00bbac68_5494,12224.8718727804
00bbac68_5495,12224.83680428527
00bbac68_5496,12224.73255688966
00bbac68_5497,12224.724387513195
00bbac68_5498,12224.688259409788
00bbac68_5499,12224.72687328058
00bbac68_5500,12224.661612867585
00bbac68_5501,12224.672889322172
00bbac68_5502,12224.639904596856
00bbac68_5503,12224.604537736248
00bbac68_5504,12224.645243424164
00bbac68_5505,12224.685186568408
00bbac68_5506,12224.662476903954
00bbac68_5507,12224.647115361613
00bbac68_5508,12224.436419716352
00bbac68_5509,12224.580293060571
00bbac68_5510,12224.52667689402
00bbac68_5511,12224.48769490544
00bbac68_5512,12224.434421672522
00bbac68_5513,12224.392589217627
00bbac68_5514,12224.321367854442
00bbac68_5515,12224.345783811894
00bbac68_5516,12224.311458354288
00bbac68_5517,12224.223802945318
00bbac68_5518,12224.301290156529
00bbac68_5519,12224.272299534816
00bbac68_5520,12224.177331571862
00bbac68_5521,12224.177257935089
00bbac68_5522,12224.177991568846
00bbac68_5523,12224.101460527474
00bbac68_5524,12223.826060698948
00bbac68_5525,12223.987155092333
00bbac68_5526,12223.909498364286
00bbac68_5527,12223.697278222484
00bbac68_5528,12223.858674528901
00bbac68_5529,12223.800659100296
00bbac68_5530,12223.753013763942
00bbac68_5531,12223.722537649906
00bbac68_5532,12223.572064224798
00bbac68_5533,12223.56702301328
00bbac68_5534,12223.581956119262
00bbac68_5535,12223.386238671092
00bbac68_5536,12223.353382811092
00bbac68_5537,12223.507644358859
00bbac68_5538,12223.346942946107
00bbac68_5539,12223.252842696002
00bbac68_5540,12223.369098778843
00bbac68_5541,12223.399971629144
00bbac68_5542,12223.357221318896
00bbac68_5543,12223.335271926673
00bbac68_5544,12223.106216068376
00bbac68_5545,12223.08380220793
00bbac68_5546,12223.150158865437
00bbac68_5547,12223.099285242615
00bbac68_5548,12223.019022605617
00bbac68_5549,12223.048765635052
00bbac68_5550,12222.97358798196
00bbac68_5551,12222.93650218477
00bbac68_5552,12222.88920306085
00bbac68_5553,12222.927043317839
00bbac68_5554,12222.80555220208
00bbac68_5555,12222.595108627826
00bbac68_5556,12222.692123065719
00bbac68_5557,12222.56893580661
00bbac68_5558,12222.747699389256
00bbac68_5559,12222.68969045967
00bbac68_5560,12222.600723319289
00bbac68_5561,12222.573747034598
00bbac68_5562,12222.520736508905
00bbac68_5563,12222.593587998268
00bbac68_5564,12222.544372481721
00bbac68_5565,12222.499374164929
00bbac68_5566,12222.40287358168
00bbac68_5567,12222.310346674425
00bbac68_5568,12222.411914898543
00bbac68_5569,12222.250275187893
00bbac68_5570,12222.24843015154
00bbac68_5571,12222.298416050007
00bbac68_5572,12222.177047831925
00bbac68_5573,12222.244085194612
00bbac68_5574,12222.211538029747
00bbac68_5575,12222.15258748755
00bbac68_5576,12221.91929560109
00bbac68_5577,12221.872306900848
00bbac68_5578,12221.874884969893
00bbac68_5579,12221.790700832527
00bbac68_5580,12221.741649292902
00bbac68_5581,12221.683881088287
00bbac68_5582,12221.65860815038
00bbac68_5583,12221.772654398956
00bbac68_5584,12221.612399619149
00bbac68_5585,12221.49683780722
00bbac68_5586,12221.570186411225
00bbac68_5587,12221.510677826189
00bbac68_5588,12221.384270762412
00bbac68_5589,12221.467055605928
00bbac68_5590,12221.407954549031
00bbac68_5591,12221.315738928217
00bbac68_5592,12221.131239252984
00bbac68_5593,12221.246097185158
00bbac68_5594,12221.118857545944
00bbac68_5595,12221.12643248156
00bbac68_5596,12221.163602772911
00bbac68_5597,12221.130650792637
00bbac68_5598,12221.052055239785
00bbac68_5599,12220.984680103558
00bbac68_5600,12220.968466711085
00bbac68_5601,12221.19018051344
00bbac68_5602,12221.00838934852
00bbac68_5603,12220.918250979397
00bbac68_5604,12220.948432395557
00bbac68_5605,12220.980289304161
00bbac68_5606,12220.913993486214
00bbac68_5607,12220.832667133343
00bbac68_5608,12220.748110876757
00bbac68_5609,12220.75565165285
00bbac68_5610,12220.679775440829
00bbac68_5611,12220.691402132397
00bbac68_5612,12220.706524843776
00bbac68_5613,12220.700935393548
00bbac68_5614,12220.765866310518
00bbac68_5615,12220.66338148164
00bbac68_5616,12220.555365350992
00bbac68_5617,12220.693178507525
00bbac68_5618,12220.695068140112
00bbac68_5619,12220.62780364963
00bbac68_5620,12220.462797018276
00bbac68_5621,12220.570485877925
00bbac68_5622,12220.48653541208
00bbac68_5623,12220.478434754605
00bbac68_5624,12220.377626197072
00bbac68_5625,12220.382713448198
00bbac68_5626,12220.347343165982
00bbac68_5627,12220.274685338569
00bbac68_5628,12220.110297492933
00bbac68_5629,12220.209859589399
00bbac68_5630,12219.954883771077
00bbac68_5631,12220.035437270682
00bbac68_5632,12219.851250330285
00bbac68_5633,12219.932640779783
00bbac68_5634,12219.97981788052
00bbac68_5635,12220.037637129673
00bbac68_5636,12219.959195304273
00bbac68_5637,12219.990969733237
00bbac68_5638,12219.906187355115
00bbac68_5639,12219.881861866917
00bbac68_5640,12219.864567605795
00bbac68_5641,12219.753706228337
00bbac68_5642,12219.72475585637
00bbac68_5643,12219.662064573435
00bbac68_5644,12219.705457728802
00bbac68_5645,12219.663418576423
00bbac68_5646,12219.628266003023
00bbac68_5647,12219.562898291244
00bbac68_5648,12219.509200828983
00bbac68_5649,12219.490626100705
00bbac68_5650,12219.417950765612
00bbac68_5651,12219.37494305875
00bbac68_5652,12219.352895518921
00bbac68_5653,12219.291909794909
00bbac68_5654,12219.25666984924
00bbac68_5655,12219.18788913737
00bbac68_5656,12219.119874352631
00bbac68_5657,12219.062252549025
00bbac68_5658,12218.948108917126
00bbac68_5659,12218.773592050806
00bbac68_5660,12218.742224391463
00bbac68_5661,12218.667330444872
00bbac68_5662,12218.573948524216
00bbac68_5663,12218.446955644287
00bbac68_5664,12218.291032792798
00bbac68_5665,12218.140053345955
00bbac68_5666,12217.964391458248
00bbac68_5667,12217.93860993986
00bbac68_5668,12217.819555416121
00bbac68_5669,12217.82852385164
00bbac68_5670,12217.65763123305
00bbac68_5671,12217.645852199192
00bbac68_5672,12217.479575223819
00bbac68_5673,12217.525892009595
00bbac68_5674,12217.465547502872
00bbac68_5675,12217.393226694025
00bbac68_5676,12217.385838586135
00bbac68_5677,12217.108580334536
00bbac68_5678,12217.0680983399
00bbac68_5679,12217.033353985162
00bbac68_5680,12216.94769589497
00bbac68_5681,12216.974339658607
00bbac68_5682,12216.840528228391
00bbac68_5683,12216.891285847829
00bbac68_5684,12216.834471128677
00bbac68_5685,12216.838189237787
00bbac68_5686,12216.707070370843
00bbac68_5687,12216.644781959218
00bbac68_5688,12216.638126126341
00bbac68_5689,12216.775248909098
00bbac68_5690,12216.657211362235
00bbac68_5691,12216.74989633081
00bbac68_5692,12216.915130138575
00bbac68_5693,12216.843930456378
00bbac68_5694,12216.715080835214
00bbac68_5695,12216.797779458344
00bbac68_5696,12216.814850454582
00bbac68_5697,12216.503871883022
00bbac68_5698,12216.575862388923
00bbac68_5699,12216.594648991906
00bbac68_5700,12216.427489778871
00bbac68_5701,12216.384957087175
00bbac68_5702,12216.332797197992
00bbac68_5703,12216.289629964333
00bbac68_5704,12216.244066908694
00bbac68_5705,12216.200264246203
00bbac68_5706,12216.029854922976
00bbac68_5707,12215.997417021134
00bbac68_5708,12216.050500327623
00bbac68_5709,12215.918318966806
00bbac68_5710,12215.869478741375
00bbac68_5711,12215.874879351017
00bbac68_5712,12215.782373945545
00bbac68_5713,12215.807154556533
00bbac68_5714,12215.770194398216
00bbac68_5715,12215.700309830025
00bbac68_5716,12215.733623490953
00bbac68_5717,12215.607051037163
00bbac68_5718,12215.648628652365
00bbac68_5719,12215.530802253945
00bbac68_5720,12215.427747483882
00bbac68_5721,12215.55768239469
00bbac68_5722,12215.309010117073
00bbac68_5723,12215.434137626376
00bbac68_5724,12215.203966531764
00bbac68_5725,12215.272011934296
00bbac68_5726,12215.12248028992
00bbac68_5727,12215.154001587916
00bbac68_5728,12215.065828009534
00bbac68_5729,12214.935210634369
00bbac68_5730,12214.861970294198
00bbac68_5731,12214.652413340405
00bbac68_5732,12214.768884754038
00bbac68_5733,12214.549603554777
00bbac68_5734,12214.569154380199
00bbac68_5735,12214.443545878223
00bbac68_5736,12214.512274508892
00bbac68_5737,12214.418958597074
00bbac68_5738,12214.429592287917
00bbac68_5739,12214.311467438307
00bbac68_5740,12214.393602821876
00bbac68_5741,12214.296279448088
00bbac68_5742,12214.335398865127
00bbac68_5743,12214.172640835302
00bbac68_5744,12214.201577423237
00bbac68_5745,12213.985765467498
00bbac68_5746,12214.054562585654
00bbac68_5747,12213.990735222014
00bbac68_5748,12213.826126826894
00bbac68_5749,12213.853805069793
00bbac68_5750,12213.726652155368
00bbac68_5751,12213.713504855838
00bbac68_5752,12213.635956861146
00bbac68_5753,12213.734320283835
00bbac68_5754,12213.674791112806
00bbac68_5755,12213.597544848213
00bbac68_5756,12213.664010628441
00bbac68_5757,12213.512474768904
00bbac68_5758,12213.812692858242
00bbac68_5759,12213.69579661061
00bbac68_5760,12213.733725919174
00bbac68_5761,12213.636996073428
00bbac68_5762,12213.704644678579
00bbac68_5763,12213.501404299457
00bbac68_5764,12213.39938927039
00bbac68_5765,12213.404407250597
00bbac68_5766,12213.379363583803
00bbac68_5767,12213.42162890121
00bbac68_5768,12213.293733072382
00bbac68_5769,12213.355674233668
00bbac68_5770,12213.218473592624
00bbac68_5771,12213.310184259959
00bbac68_5772,12213.166333961844
00bbac68_5773,12213.114926702416
00bbac68_5774,12213.161394024577
00bbac68_5775,12212.968582557263
00bbac68_5776,12213.05091044449
00bbac68_5777,12212.89950882526
00bbac68_5778,12212.975144301321
00bbac68_5779,12212.817291073476
00bbac68_5780,12212.900805356849
00bbac68_5781,12212.730046140376
00bbac68_5782,12212.645224415815
00bbac68_5783,12212.699366866302
00bbac68_5784,12212.698060907951
00bbac68_5785,12212.602752712688
00bbac68_5786,12212.510393795541
00bbac68_5787,12212.459535411297
00bbac68_5788,12212.497796531316
00bbac68_5789,12212.343494303434
00bbac68_5790,12212.239517945898
00bbac68_5791,12212.279416323296
00bbac68_5792,12212.291156355237
00bbac68_5793,12212.051733424467
00bbac68_5794,12212.11374266908
00bbac68_5795,12211.975870389862
00bbac68_5796,12211.905730196524
00bbac68_5797,12211.931293475684
00bbac68_5798,12211.787759879016
00bbac68_5799,12211.741123940885
00bbac68_5800,12211.779818086008
00bbac68_5801,12211.775754691953
00bbac68_5802,12211.593520997625
00bbac68_5803,12211.549398789482
00bbac68_5804,12211.74630309648
00bbac68_5805,12211.401027631342
00bbac68_5806,12211.323864785589
00bbac68_5807,12211.355682128595
00bbac68_5808,12211.18601574448
00bbac68_5809,12211.070232386286
00bbac68_5810,12210.925743040474
00bbac68_5811,12210.829706649341
00bbac68_5812,12210.827703967563
00bbac68_5813,12210.6859055496
00bbac68_5814,12210.601157637611
00bbac68_5815,12210.57634523734
00bbac68_5816,12210.498996653228
00bbac68_5817,12210.514844490663
00bbac68_5818,12210.631729149993
00bbac68_5819,12210.44942813923
00bbac68_5820,12210.407449606999
00bbac68_5821,12210.445780998234
00bbac68_5822,12210.267346162256
00bbac68_5823,12210.132764200951
00bbac68_5824,12210.06481359975
00bbac68_5825,12209.92442507945
00bbac68_5826,12209.96190080534
00bbac68_5827,12209.879260299851
00bbac68_5828,12209.876856857316
00bbac68_5829,12209.78766871512
00bbac68_5830,12209.664765048225
00bbac68_5831,12209.717117421364
00bbac68_5832,12209.568100020322
00bbac68_5833,12209.474331348665
00bbac68_5834,12209.41400078103
00bbac68_5835,12209.513800804018
00bbac68_5836,12209.333022005514
00bbac68_5837,12209.305077055642
00bbac68_5838,12209.247084746678
00bbac68_5839,12209.221928460522
00bbac68_5840,12209.27878456217
00bbac68_5841,12209.171169492532
00bbac68_5842,12209.128474826863
00bbac68_5843,12209.100818772558
00bbac68_5844,12209.075710864068
00bbac68_5845,12209.110380988459
00bbac68_5846,12209.091130068697
00bbac68_5847,12209.054682831485
00bbac68_5848,12208.99550208952
00bbac68_5849,12208.943459895016
00bbac68_5850,12208.974812002505
00bbac68_5851,12208.834569901026
00bbac68_5852,12208.793754481809
00bbac68_5853,12208.76480061253
00bbac68_5854,12208.702877642902
00bbac68_5855,12208.657405401416
00bbac68_5856,12208.704599452738
00bbac68_5857,12208.529982576418
00bbac68_5858,12208.526259337688
00bbac68_5859,12208.582046344563
00bbac68_5860,12208.470503525119
00bbac68_5861,12208.427323208887
00bbac68_5862,12208.397624336048
00bbac68_5863,12208.28004231524
00bbac68_5864,12208.391931871807
00bbac68_5865,12208.28328969765
00bbac68_5866,12208.244087291558
00bbac68_5867,12208.338913986694
00bbac68_5868,12208.301667769878
00bbac68_5869,12208.319469153646
00bbac68_5870,12208.084329683317
00bbac68_5871,12208.25090947568
00bbac68_5872,12208.089981807041
00bbac68_5873,12208.001949900863
00bbac68_5874,12208.029575570177
00bbac68_5875,12208.006493138586
00bbac68_5876,12207.882610784287
00bbac68_5877,12207.923786878899
00bbac68_5878,12207.802853691222
00bbac68_5879,12207.830894364488
00bbac68_5880,12207.728419971263
00bbac68_5881,12207.804586856571
00bbac68_5882,12207.71488152055
00bbac68_5883,12207.950783360593
00bbac68_5884,12207.896868223572
00bbac68_5885,12207.932325097592
00bbac68_5886,12207.868602624048
00bbac68_5887,12207.925782552711
00bbac68_5888,12207.858399993062
00bbac68_5889,12207.84227363134
00bbac68_5890,12208.002108726312
00bbac68_5891,12207.914304853904
00bbac68_5892,12207.903310148991
00bbac68_5893,12207.839216705795
00bbac68_5894,12207.760489958573
00bbac68_5895,12207.654278928989
00bbac68_5896,12207.735410701585
00bbac68_5897,12207.623028642505
00bbac68_5898,12207.539699382156
00bbac68_5899,12207.476612591321
00bbac68_5900,12207.572164758589
00bbac68_5901,12207.356917044068
00bbac68_5902,12207.28585721631
00bbac68_5903,12207.227306969146
00bbac68_5904,12207.214989888163
00bbac68_5905,12207.229565963667
00bbac68_5906,12207.13232046756
00bbac68_5907,12207.124072169909
00bbac68_5908,12207.085181846238
00bbac68_5909,12207.053988817179
00bbac68_5910,12207.00455859582
00bbac68_5911,12207.01386016418
00bbac68_5912,12206.993272237032
00bbac68_5913,12206.959197484051
00bbac68_5914,12206.92120847664
00bbac68_5915,12206.869496031139
00bbac68_5916,12206.804517985034
00bbac68_5917,12206.754146463887
00bbac68_5918,12206.676162119154
00bbac68_5919,12206.567641414098
00bbac68_5920,12206.521477317261
00bbac68_5921,12206.510879411733
00bbac68_5922,12206.44626533152
00bbac68_5923,12206.347346415032
00bbac68_5924,12206.339756728781
00bbac68_5925,12206.29004254094
00bbac68_5926,12206.131734798842
00bbac68_5927,12206.26380421186
00bbac68_5928,12206.277509348942
00bbac68_5929,12206.247386054565
00bbac68_5930,12206.214469550727
00bbac68_5931,12206.128724824554
00bbac68_5932,12206.131359862607
00bbac68_5933,12206.084116321665
00bbac68_5934,12206.053437673705
00bbac68_5935,12205.957390648502
00bbac68_5936,12205.970093824275
00bbac68_5937,12205.929312447679
00bbac68_5938,12205.863413900654
00bbac68_5939,12205.81920218707
00bbac68_5940,12205.782449594695
00bbac68_5941,12205.679563072279
00bbac68_5942,12205.717625861402
00bbac68_5943,12205.669512597018
00bbac68_5944,12205.575413017024
00bbac68_5945,12205.620887109102
00bbac68_5946,12205.479010775152
00bbac68_5947,12205.68020998689
00bbac68_5948,12205.498392207352
00bbac68_5949,12205.38685430952
00bbac68_5950,12205.425269154404
00bbac68_5951,12205.429731111646
00bbac68_5952,12205.273484835037
00bbac68_5953,12205.320516470032
00bbac68_5954,12205.288232263996
00bbac68_5955,12205.17009876467
00bbac68_5956,12205.31472275529
00bbac68_5957,12205.145821624898
00bbac68_5958,12205.136506799781
00bbac68_5959,12205.131708653207
00bbac68_5960,12205.116236345613
00bbac68_5961,12205.132566230426
00bbac68_5962,12205.147859157209
00bbac68_5963,12204.971258199332
00bbac68_5964,12204.912448742734
00bbac68_5965,12205.106447448585
00bbac68_5966,12204.87265969437
00bbac68_5967,12204.826741738798
00bbac68_5968,12204.8233636021
00bbac68_5969,12204.787278519212
00bbac68_5970,12204.69626669693
00bbac68_5971,12204.537858182033
00bbac68_5972,12204.781098405396
00bbac68_5973,12204.552592749505
00bbac68_5974,12204.678690553825
00bbac68_5975,12204.586296741752
00bbac68_5976,12204.554972164058
00bbac68_5977,12204.547473634477
00bbac68_5978,12204.602186879547
00bbac68_5979,12204.384867827954
00bbac68_5980,12204.423773623726
00bbac68_5981,12204.398273291752
00bbac68_5982,12204.318336953967
00bbac68_5983,12204.57036288027
00bbac68_5984,12204.293202489778
00bbac68_5985,12204.259914571978
00bbac68_5986,12204.222137448765
00bbac68_5987,12204.460217216441
00bbac68_5988,12204.228289711287
00bbac68_5989,12204.09994923397
00bbac68_5990,12204.209396754599
00bbac68_5991,12204.09239702468
00bbac68_5992,12204.048394873174
00bbac68_5993,12204.029231825167
00bbac68_5994,12204.001522812261
00bbac68_5995,12204.043411857048
00bbac68_5996,12203.892506018004
00bbac68_5997,12203.988931945456
00bbac68_5998,12204.009607906752
00bbac68_5999,12204.070230742524
00bbac68_6000,12204.212243134836
00bbac68_6001,12204.319804868126
00bbac68_6002,12204.287472325435
00bbac68_6003,12204.278138489648
00bbac68_6004,12204.131946632935
00bbac68_6005,12204.21168735301
00bbac68_6006,12204.227685898586
00bbac68_6007,12204.197339522882
00bbac68_6008,12204.128499721932
00bbac68_6009,12204.223603236213
00bbac68_6010,12204.175211095338
00bbac68_6011,12204.10048962037
00bbac68_6012,12204.060842653516
00bbac68_6013,12204.031300239749
00bbac68_6014,12203.985725070565
00bbac68_6015,12203.943552994806
00bbac68_6016,12203.893118518106
00bbac68_6017,12204.055723370713
00bbac68_6018,12203.80551460978
00bbac68_6019,12203.800388631968
00bbac68_6020,12203.845910341906
00bbac68_6021,12203.735736314811
00bbac68_6022,12203.698744926898
00bbac68_6023,12203.757441717666
00bbac68_6024,12203.64696351935
00bbac68_6025,12203.63169191869
00bbac68_6026,12203.592447607642
00bbac68_6027,12203.6038406601
00bbac68_6028,12203.542457792366
00bbac68_6029,12203.572866018798
00bbac68_6030,12203.530299518952
00bbac68_6031,12203.526539460006
00bbac68_6032,12203.502616160564
00bbac68_6033,12203.760993499127
00bbac68_6034,12203.66197353815
00bbac68_6035,12203.425649099376
00bbac68_6036,12203.430418271535
00bbac68_6037,12203.337976008268
00bbac68_6038,12203.306047917084
00bbac68_6039,12203.303427362924
00bbac68_6040,12203.43846202363
00bbac68_6041,12203.488644033925
00bbac68_6042,12203.159142640137
00bbac68_6043,12203.199712183827
00bbac68_6044,12203.125004857677
00bbac68_6045,12203.097374862347
00bbac68_6046,12203.079704692725
00bbac68_6047,12203.015331258928
00bbac68_6048,12203.030114065266
00bbac68_6049,12203.136710514907
00bbac68_6050,12202.894169746383
00bbac68_6051,12202.868275273106
00bbac68_6052,12203.047996665326
00bbac68_6053,12202.802422090983
00bbac68_6054,12202.77773848543
00bbac68_6055,12202.959483018676
00bbac68_6056,12202.930378199228
00bbac68_6057,12202.681340791592
00bbac68_6058,12202.818878790775
00bbac68_6059,12202.620523232183
00bbac68_6060,12202.618023057636
00bbac68_6061,12202.550059677742
00bbac68_6062,12202.571336564759
00bbac68_6063,12202.48856811399
00bbac68_6064,12202.47810586217
00bbac68_6065,12202.422487905475
00bbac68_6066,12202.39806024908
00bbac68_6067,12202.367578305902
00bbac68_6068,12202.291340734153
00bbac68_6069,12202.258558415828
00bbac68_6070,12202.394664173396
00bbac68_6071,12202.383503338748
00bbac68_6072,12202.332773638636
00bbac68_6073,12202.132690869727
00bbac68_6074,12202.275796248252
00bbac68_6075,12202.047555978288
00bbac68_6076,12202.038574673625
00bbac68_6077,12202.145468928007
00bbac68_6078,12201.958418809585
00bbac68_6079,12202.030727468555
00bbac68_6080,12201.979382649333
00bbac68_6081,12201.782512735059
00bbac68_6082,12201.814798752526
00bbac68_6083,12201.59779972681
00bbac68_6084,12201.74837957423
00bbac68_6085,12201.77565631904
00bbac68_6086,12201.693519333081
00bbac68_6087,12201.667296772379
00bbac68_6088,12201.645987559667
00bbac68_6089,12201.643666572118
00bbac68_6090,12201.633462144553
00bbac68_6091,12201.705842576075
00bbac68_6092,12201.615268308
00bbac68_6093,12201.658488757512
00bbac68_6094,12201.889299196557
00bbac68_6095,12201.52130256559
00bbac68_6096,12201.778354571252
00bbac68_6097,12201.740832064082
00bbac68_6098,12201.404569447453
00bbac68_6099,12201.65177398282
00bbac68_6100,12201.393061711835
00bbac68_6101,12201.300556224254
00bbac68_6102,12201.499441489424
00bbac68_6103,12201.302675299554
00bbac68_6104,12201.313163774717
00bbac68_6105,12201.27041463228
00bbac68_6106,12201.242772508449
00bbac68_6107,12201.140619909018
00bbac68_6108,12201.2025220914
00bbac68_6109,12201.217537990975
00bbac68_6110,12201.12726772217
00bbac68_6111,12201.02222789856
00bbac68_6112,12201.004873255906
00bbac68_6113,12200.97218663288
00bbac68_6114,12200.967361375762
00bbac68_6115,12200.949213319736
00bbac68_6116,12200.946054283
00bbac68_6117,12200.908048439456
00bbac68_6118,12200.950656739678
00bbac68_6119,12201.209085413264
00bbac68_6120,12201.183768509014
00bbac68_6121,12201.178934263686
00bbac68_6122,12201.178447928174
00bbac68_6123,12201.167041922308
00bbac68_6124,12201.123647548979
00bbac68_6125,12201.11252857255
00bbac68_6126,12200.976167582616
00bbac68_6127,12201.000547142197
00bbac68_6128,12201.193333400897
00bbac68_6129,12200.937891785652
00bbac68_6130,12200.904674083324
00bbac68_6131,12200.817876200565
00bbac68_6132,12200.854212016933
00bbac68_6133,12200.829068306306
00bbac68_6134,12200.763761223237
00bbac68_6135,12200.695393108821
00bbac68_6136,12200.59906139162
00bbac68_6137,12200.65929386259
00bbac68_6138,12200.63294464393
00bbac68_6139,12200.617128117448
00bbac68_6140,12200.637498355936
00bbac68_6141,12200.525833864182
00bbac68_6142,12200.603322659474
00bbac68_6143,12200.610956662957
00bbac68_6144,12200.548663160116
00bbac68_6145,12200.61642862963
00bbac68_6146,12200.61540243258
00bbac68_6147,12200.489344299689
00bbac68_6148,12200.726303453734
00bbac68_6149,12200.864034074215
00bbac68_6150,12200.354975056267
00bbac68_6151,12200.454923401885
00bbac68_6152,12200.590400752808
00bbac68_6153,12200.325599169404
00bbac68_6154,12200.174812921185
00bbac68_6155,12200.137774028257
00bbac68_6156,12200.006116005767
00bbac68_6157,12200.159042580119
00bbac68_6158,12199.977382004967
00bbac68_6159,12199.99373509084
00bbac68_6160,12199.949281950136
00bbac68_6161,12199.921038850462
00bbac68_6162,12199.952391187493
00bbac68_6163,12199.852953353526
00bbac68_6164,12199.829378013843
00bbac68_6165,12199.884271019238
00bbac68_6166,12199.825232029805
00bbac68_6167,12199.785779369524
00bbac68_6168,12200.044444423456
00bbac68_6169,12199.74229979924
00bbac68_6170,12199.64724813135
00bbac68_6171,12199.6349186691
00bbac68_6172,12199.701360609475
00bbac68_6173,12199.745953917152
00bbac68_6174,12199.710763445324
00bbac68_6175,12199.652611457965
00bbac68_6176,12199.6777075997
00bbac68_6177,12199.626942729767
00bbac68_6178,12199.70897714336
00bbac68_6179,12199.709820910442
00bbac68_6180,12199.594831273676
00bbac68_6181,12199.837642419887
00bbac68_6182,12199.602679151305
00bbac68_6183,12199.564889576926
00bbac68_6184,12199.706172088492
00bbac68_6185,12199.5162057996
00bbac68_6186,12199.519109549277
00bbac68_6187,12199.404899469668
00bbac68_6188,12199.450382245046
00bbac68_6189,12199.406418829903
00bbac68_6190,12199.329889066617
00bbac68_6191,12199.23278390945
00bbac68_6192,12199.29224747043
00bbac68_6193,12199.265759851416
00bbac68_6194,12199.240413782238
00bbac68_6195,12199.27710792193
00bbac68_6196,12199.307862872936
00bbac68_6197,12199.247134091309
00bbac68_6198,12199.176945427744
00bbac68_6199,12199.599201935514
00bbac68_6200,12199.173200794477
00bbac68_6201,12199.27161059083
00bbac68_6202,12199.623732472894
00bbac68_6203,12199.076749594053
00bbac68_6204,12199.154761933856
00bbac68_6205,12199.0620135266
00bbac68_6206,12199.085807796833
00bbac68_6207,12199.060173907466
00bbac68_6208,12198.967714026787
00bbac68_6209,12198.971667538795
00bbac68_6210,12198.875169025097
00bbac68_6211,12199.012040863383
00bbac68_6212,12198.892000781832
00bbac68_6213,12198.922265430738
00bbac68_6214,12199.053979335218
00bbac68_6215,12198.941717861331
00bbac68_6216,12198.945287646515
00bbac68_6217,12198.937810245947
00bbac68_6218,12198.812038124815
00bbac68_6219,12198.858131649775
00bbac68_6220,12198.94622413112
00bbac68_6221,12198.865869886926
00bbac68_6222,12198.83096584112
00bbac68_6223,12198.924050943002
00bbac68_6224,12198.720841852686
00bbac68_6225,12198.809159437169
00bbac68_6226,12198.868606818105
00bbac68_6227,12198.801615443428
00bbac68_6228,12198.688937449373
00bbac68_6229,12198.671578588754
00bbac68_6230,12198.676465568911
00bbac68_6231,12199.088839461836
00bbac68_6232,12198.642249938683
00bbac68_6233,12198.713369161078
00bbac68_6234,12198.638555521884
00bbac68_6235,12198.576478561776
00bbac68_6236,12198.653703300082
00bbac68_6237,12198.74876975741
00bbac68_6238,12198.61144579267
00bbac68_6239,12198.620685098542
00bbac68_6240,12198.806180343094
00bbac68_6241,12198.542302323378
00bbac68_6242,12198.703919077805
00bbac68_6243,12198.84529946857
00bbac68_6244,12198.770437921425
00bbac68_6245,12198.853619316247
00bbac68_6246,12198.838244380364
00bbac68_6247,12198.818923608684
00bbac68_6248,12198.908347628061
00bbac68_6249,12198.779194939598
00bbac68_6250,12198.894220363389
00bbac68_6251,12198.80891673951
00bbac68_6252,12198.883603449398
00bbac68_6253,12198.829524441344
00bbac68_6254,12198.907716308557
00bbac68_6255,12198.805322289956
00bbac68_6256,12198.78407229627
00bbac68_6257,12198.90859917573
00bbac68_6258,12198.973151089736
00bbac68_6259,12198.826559028841
00bbac68_6260,12198.902739955758
00bbac68_6261,12198.889181775996
00bbac68_6262,12198.998498030525
00bbac68_6263,12198.993771030853
00bbac68_6264,12198.997729030938
00bbac68_6265,12198.970068696353
00bbac68_6266,12198.983805699718
00bbac68_6267,12199.006242849942
00bbac68_6268,12199.234167032095
00bbac68_6269,12199.044078385112
00bbac68_6270,12199.021534737078
00bbac68_6271,12199.078143630328
00bbac68_6272,12199.073946332783
00bbac68_6273,12199.014653230637
00bbac68_6274,12199.414019931042
00bbac68_6275,12199.03908034302
00bbac68_6276,12199.122976136337
00bbac68_6277,12199.443458584366
00bbac68_6278,12199.422273470014
00bbac68_6279,12199.118499157155
00bbac68_6280,12199.172939754048
00bbac68_6281,12198.99024417413
00bbac68_6282,12198.969021573836
00bbac68_6283,12199.041024363769
00bbac68_6284,12198.914682732555
00bbac68_6285,12199.0034999557
00bbac68_6286,12198.906887665722
00bbac68_6287,12198.898569687004
00bbac68_6288,12198.860025163085
00bbac68_6289,12198.864417349754
00bbac68_6290,12198.95496373071
00bbac68_6291,12198.866612895994
00bbac68_6292,12198.803456459113
00bbac68_6293,12198.828009733985
00bbac68_6294,12198.749673536839
00bbac68_6295,12198.734019161628
00bbac68_6296,12198.679459177692
00bbac68_6297,12198.7071447243
00bbac68_6298,12198.728599815262
00bbac68_6299,12198.808155541708
00bbac68_6300,12198.721363435814
00bbac68_6301,12199.091293931971
00bbac68_6302,12198.79599585004
00bbac68_6303,12198.723056436631
00bbac68_6304,12198.798341035239
00bbac68_6305,12198.752968906327
00bbac68_6306,12198.801713326631
00bbac68_6307,12199.200864285465
00bbac68_6308,12198.876568243919
00bbac68_6309,12199.168665253896
00bbac68_6310,12199.016287350416
00bbac68_6311,12198.76328757339
00bbac68_6312,12198.727746556477
00bbac68_6313,12198.736268094068
00bbac68_6314,12198.832329235815
00bbac68_6315,12198.728277842494
00bbac68_6316,12198.847719924597
00bbac68_6317,12198.728722671896
00bbac68_6318,12198.75764809378
00bbac68_6319,12198.790510933684
00bbac68_6320,12198.845485345246
00bbac68_6321,12198.71218936607
00bbac68_6322,12198.844339897301
00bbac68_6323,12198.789791243187
00bbac68_6324,12198.794757824717
00bbac68_6325,12198.769147867202
00bbac68_6326,12198.859322983308
00bbac68_6327,12198.74939325862
00bbac68_6328,12198.777038996577
00bbac68_6329,12198.72958032038
00bbac68_6330,12199.219894231739
00bbac68_6331,12198.907814931641
00bbac68_6332,12198.811943269982
00bbac68_6333,12199.096154497889
00bbac68_6334,12199.141322735883
00bbac68_6335,12198.73355078661
00bbac68_6336,12199.060123227828
00bbac68_6337,12199.020057973663
00bbac68_6338,12199.01815710503
00bbac68_6339,12199.071109466773
00bbac68_6340,12198.868916272311
00bbac68_6341,12198.849029322582
00bbac68_6342,12199.019980404457
00bbac68_6343,12198.92824662709
00bbac68_6344,12199.04773074112
00bbac68_6345,12199.011445925511
00bbac68_6346,12199.035615759176
00bbac68_6347,12198.96056079418
00bbac68_6348,12199.015505781326
00bbac68_6349,12199.01803649249
00bbac68_6350,12198.960541043129
00bbac68_6351,12199.015858630139
00bbac68_6352,12199.015427788274
00bbac68_6353,12199.021386693837
00bbac68_6354,12199.028635971625
00bbac68_6355,12199.006679660157
00bbac68_6356,12199.22590653423
00bbac68_6357,12199.135799411833
00bbac68_6358,12199.101963269462
00bbac68_6359,12199.320763446956
00bbac68_6360,12199.201437591171
00bbac68_6361,12199.131796301157
00bbac68_6362,12199.280540999154
00bbac68_6363,12199.192867633263
00bbac68_6364,12199.127812847808
00bbac68_6365,12199.202715026959
00bbac68_6366,12199.460600297733
00bbac68_6367,12199.4247984458
00bbac68_6368,12199.766390924957
00bbac68_6369,12199.431257407985
00bbac68_6370,12199.560012609465
00bbac68_6371,12199.737837233995
00bbac68_6372,12199.38618614979
00bbac68_6373,12199.689941539133
00bbac68_6374,12199.723920632689
00bbac68_6375,12199.31155805312
00bbac68_6376,12199.978301330617
00bbac68_6377,12199.755803132377
00bbac68_6378,12199.451413492177
00bbac68_6379,12199.845674802944
00bbac68_6380,12199.505327603256
00bbac68_6381,12199.574825158033
00bbac68_6382,12199.587907724048
00bbac68_6383,12199.617269154849
00bbac68_6384,12199.876447525581
00bbac68_6385,12199.527645217247
00bbac68_6386,12199.52164499137
00bbac68_6387,12199.676194676558
00bbac68_6388,12199.61489140476
00bbac68_6389,12199.567725822862
00bbac68_6390,12199.629401491682
00bbac68_6391,12199.646986109172
00bbac68_6392,12199.623144858911
00bbac68_6393,12199.746626776237
00bbac68_6394,12199.65763675556
00bbac68_6395,12199.715897233938
00bbac68_6396,12199.689905996576
00bbac68_6397,12199.819107990954
00bbac68_6398,12199.608014651662
00bbac68_6399,12199.82226345128
00bbac68_6400,12199.686456745356
00bbac68_6401,12199.764309513777
00bbac68_6402,12199.763689295534
00bbac68_6403,12199.787680256923
00bbac68_6404,12199.611332145523
00bbac68_6405,12199.777237582924
00bbac68_6406,12199.691011488081
00bbac68_6407,12199.736920545842
00bbac68_6408,12199.721405595372
00bbac68_6409,12199.612032043196
00bbac68_6410,12199.727026180322
00bbac68_6411,12199.622289181416
00bbac68_6412,12199.63741445803
00bbac68_6413,12199.610639409486
00bbac68_6414,12199.467510079558
00bbac68_6415,12199.515111477183
00bbac68_6416,12199.489444874527
00bbac68_6417,12199.377500702347
00bbac68_6418,12199.359749031231
00bbac68_6419,12199.322557719499
00bbac68_6420,12199.275931871245
00bbac68_6421,12199.321563821992
00bbac68_6422,12199.322775245095
00bbac68_6423,12199.256123069465
00bbac68_6424,12199.33710021203
00bbac68_6425,12199.35160012841
00bbac68_6426,12199.449511303685
00bbac68_6427,12199.4358243071
00bbac68_6428,12199.3939750458
00bbac68_6429,12199.43022905404
00bbac68_6430,12199.395053803335
00bbac68_6431,12199.428121777144
00bbac68_6432,12199.36426874466
00bbac68_6433,12199.367481306344
00bbac68_6434,12199.36623654939
00bbac68_6435,12199.905050929796
00bbac68_6436,12199.487049372403
00bbac68_6437,12199.770734911921
00bbac68_6438,12199.423108091682
00bbac68_6439,12199.817617443467
00bbac68_6440,12199.34113865762
00bbac68_6441,12199.418466957663
00bbac68_6442,12199.283677708561
00bbac68_6443,12199.438456269947
00bbac68_6444,12199.37855333418
00bbac68_6445,12199.40323900682
00bbac68_6446,12199.418220348754
00bbac68_6447,12199.35999341557
00bbac68_6448,12199.359514031383
00bbac68_6449,12199.720666331083
00bbac68_6450,12199.345749959146
00bbac68_6451,12199.343284766139
00bbac68_6452,12199.356673351445
00bbac68_6453,12199.414224861608
00bbac68_6454,12199.283376482892
00bbac68_6455,12199.368706261519
00bbac68_6456,12199.381956708328
00bbac68_6457,12199.383881527774
00bbac68_6458,12199.40677500832
00bbac68_6459,12199.347917204348
00bbac68_6460,12199.338124569604
00bbac68_6461,12199.378167135412
00bbac68_6462,12199.442351755582
00bbac68_6463,12199.358837108422
00bbac68_6464,12199.457629156495
00bbac68_6465,12199.370486050477
00bbac68_6466,12199.362697802959
00bbac68_6467,12199.328266468376
00bbac68_6468,12199.46858212383
00bbac68_6469,12199.365377411084
00bbac68_6470,12199.326463033229
00bbac68_6471,12199.2625799991
00bbac68_6472,12199.318053346735
00bbac68_6473,12199.284936446044
00bbac68_6474,12199.248824915918
00bbac68_6475,12199.317812568817
00bbac68_6476,12199.40094136397
00bbac68_6477,12199.665749416603
00bbac68_6478,12199.381193856383
00bbac68_6479,12199.246258540992
00bbac68_6480,12199.305694290626
00bbac68_6481,12199.367592961013
00bbac68_6482,12199.320719424444
00bbac68_6483,12199.28914128811
00bbac68_6484,12199.49088164915
00bbac68_6485,12199.288587558714
00bbac68_6486,12199.362329985623
00bbac68_6487,12199.29406398895
00bbac68_6488,12199.23975525439
00bbac68_6489,12199.316963790616
00bbac68_6490,12199.30665175843
00bbac68_6491,12199.401046600007
00bbac68_6492,12199.750027015456
00bbac68_6493,12199.727270094263
00bbac68_6494,12199.653814736264
00bbac68_6495,12199.716609820345
00bbac68_6496,12199.733708286574
00bbac68_6497,12199.693765525632
00bbac68_6498,12199.739079818597
00bbac68_6499,12199.66043502702
00bbac68_6500,12199.765121416045
00bbac68_6501,12199.64648111476
00bbac68_6502,12199.66140743951
00bbac68_6503,12199.73513396268
00bbac68_6504,12199.69365318042
00bbac68_6505,12199.767920660379
00bbac68_6506,12199.784833279231
00bbac68_6507,12199.814461929727
00bbac68_6508,12199.862854527582
00bbac68_6509,12199.835792590991
00bbac68_6510,12200.022928497508
00bbac68_6511,12199.867834779561
00bbac68_6512,12199.838357373916
00bbac68_6513,12199.897944815943
00bbac68_6514,12200.049394858856
00bbac68_6515,12199.8987551208
00bbac68_6516,12199.890749299035
00bbac68_6517,12199.916960446657
00bbac68_6518,12199.862788579589
00bbac68_6519,12199.960526878654
00bbac68_6520,12199.886847176633
00bbac68_6521,12200.00752938315
00bbac68_6522,12200.096590732535
00bbac68_6523,12200.054752406862
00bbac68_6524,12200.06185620908
00bbac68_6525,12200.090612057375
00bbac68_6526,12200.200318096418
00bbac68_6527,12200.230175835512
00bbac68_6528,12200.250477864016
00bbac68_6529,12200.308771559974
00bbac68_6530,12200.141854886477
00bbac68_6531,12200.152611534948
00bbac68_6532,12200.321270850183
00bbac68_6533,12200.670332962229
00bbac68_6534,12200.322126475168
00bbac68_6535,12200.193789900053
00bbac68_6536,12200.381417144621
00bbac68_6537,12200.188683146755
00bbac68_6538,12200.148875155055
00bbac68_6539,12200.111724740904
00bbac68_6540,12200.326204763911
00bbac68_6541,12200.143604508314
00bbac68_6542,12200.086331259827
00bbac68_6543,12200.275688380916
00bbac68_6544,12200.256977970945
00bbac68_6545,12200.162535445053
00bbac68_6546,12200.050401254133
00bbac68_6547,12200.02304869898
00bbac68_6548,12200.070301819545
00bbac68_6549,12200.039164017231
00bbac68_6550,12200.078189956997
00bbac68_6551,12200.276893871782
00bbac68_6552,12200.068452886047
00bbac68_6553,12200.102120165746
00bbac68_6554,12199.923054999963
00bbac68_6555,12199.928351560597
00bbac68_6556,12200.092486244139
00bbac68_6557,12199.862090146926
00bbac68_6558,12199.875646590668
00bbac68_6559,12199.957350203726
00bbac68_6560,12199.8844020986
00bbac68_6561,12199.92864084284
00bbac68_6562,12199.910035848441
00bbac68_6563,12199.941001877323
00bbac68_6564,12200.048740444297
00bbac68_6565,12200.059700488033
00bbac68_6566,12200.0066320465
00bbac68_6567,12200.040249458165
00bbac68_6568,12200.010770071574
00bbac68_6569,12199.992807819253
00bbac68_6570,12199.995109634765
00bbac68_6571,12199.953335102977
00bbac68_6572,12199.923987309148
00bbac68_6573,12199.918326771087
00bbac68_6574,12199.90330567651
00bbac68_6575,12199.994822869063
00bbac68_6576,12199.897171997798
00bbac68_6577,12200.040865049097
00bbac68_6578,12199.955706732213
00bbac68_6579,12199.947936644705
00bbac68_6580,12200.06328032679
00bbac68_6581,12200.170311257176
00bbac68_6582,12200.045174709907
00bbac68_6583,12200.194549424834
00bbac68_6584,12200.16651735089
00bbac68_6585,12199.986904315534
00bbac68_6586,12200.105201980385
00bbac68_6587,12199.981495164036
00bbac68_6588,12199.907491157514
00bbac68_6589,12199.930220514889
00bbac68_6590,12199.979146395726
00bbac68_6591,12199.90272624196
00bbac68_6592,12200.053702277073
00bbac68_6593,12200.476029015199
00bbac68_6594,12200.524532515086
00bbac68_6595,12200.002130761713
00bbac68_6596,12200.144553919486
00bbac68_6597,12200.14567345811
00bbac68_6598,12200.146184165778
00bbac68_6599,12200.283759851813
00bbac68_6600,12200.654415982845
00bbac68_6601,12200.495822228688
00bbac68_6602,12200.250083730332
00bbac68_6603,12200.225825875677
00bbac68_6604,12200.336596504887
00bbac68_6605,12200.206410240988
00bbac68_6606,12200.217391343585
00bbac68_6607,12200.184983528223
00bbac68_6608,12200.561821761366
00bbac68_6609,12200.297469269372
00bbac68_6610,12200.502821554102
00bbac68_6611,12200.200798815167
00bbac68_6612,12200.3381793231
00bbac68_6613,12200.414194769925
00bbac68_6614,12200.442523882983
00bbac68_6615,12200.857775724216
00bbac68_6616,12200.889759670945
00bbac68_6617,12200.811011690479
00bbac68_6618,12201.017308987393
00bbac68_6619,12200.98611883403
00bbac68_6620,12201.32377643828
00bbac68_6621,12201.057728671753
00bbac68_6622,12201.350384435555
00bbac68_6623,12201.343745367203
00bbac68_6624,12201.351706827621
00bbac68_6625,12201.25630708848
00bbac68_6626,12201.477529497151
00bbac68_6627,12200.932413116036
00bbac68_6628,12201.352390479307
00bbac68_6629,12201.485829701372
00bbac68_6630,12201.380685323547
00bbac68_6631,12201.364697093595
00bbac68_6632,12201.509778267551
00bbac68_6633,12201.465995840048
00bbac68_6634,12201.499782077623
00bbac68_6635,12201.043594640876
00bbac68_6636,12201.218817022913
00bbac68_6637,12201.208281879884
00bbac68_6638,12201.267951112342
00bbac68_6639,12201.236215456574
00bbac68_6640,12201.294322552349
00bbac68_6641,12201.271392501409
00bbac68_6642,12201.103408907795
00bbac68_6643,12201.60744659517
00bbac68_6644,12201.100638424628
00bbac68_6645,12201.30469920087
00bbac68_6646,12201.241734051515
00bbac68_6647,12201.215235809523
00bbac68_6648,12201.168509736066
00bbac68_6649,12201.174950937906
00bbac68_6650,12201.136571635556
00bbac68_6651,12201.299493860482
00bbac68_6652,12201.283266034981
00bbac68_6653,12201.31128909907
00bbac68_6654,12201.194522302047
00bbac68_6655,12201.227833503071
00bbac68_6656,12201.348322565333
00bbac68_6657,12201.334452162911
00bbac68_6658,12201.37241607788
00bbac68_6659,12201.302109325849
00bbac68_6660,12201.32829729794
00bbac68_6661,12201.305575811977
00bbac68_6662,12201.41870453417
00bbac68_6663,12201.39545819585
00bbac68_6664,12201.723422542289
00bbac68_6665,12201.185538949932
00bbac68_6666,12201.205405037079
00bbac68_6667,12201.335055840398
00bbac68_6668,12201.206695623838
00bbac68_6669,12201.235153553735
00bbac68_6670,12201.191020054059
00bbac68_6671,12201.179261965193
00bbac68_6672,12201.266123973694
00bbac68_6673,12201.143713838776
00bbac68_6674,12201.242846377241
00bbac68_6675,12201.24690922444
00bbac68_6676,12201.194200725711
00bbac68_6677,12201.18742247767
00bbac68_6678,12201.233425283695
00bbac68_6679,12201.191590714447
00bbac68_6680,12201.143699112903
00bbac68_6681,12201.27826208523
00bbac68_6682,12201.184597329844
00bbac68_6683,12201.288969701878
00bbac68_6684,12201.180742236631
00bbac68_6685,12201.322640367205
00bbac68_6686,12201.40250529403
00bbac68_6687,12201.224804610763
00bbac68_6688,12201.439697802178
00bbac68_6689,12201.428234045357
00bbac68_6690,12201.533868843317
00bbac68_6691,12201.486791852702
00bbac68_6692,12201.92672719085
00bbac68_6693,12201.622519901744
00bbac68_6694,12201.80486845574
00bbac68_6695,12202.098810344054
00bbac68_6696,12201.9064741148
00bbac68_6697,12201.686096062711
00bbac68_6698,12201.896579910004
00bbac68_6699,12201.630230998886
00bbac68_6700,12201.662638471904
00bbac68_6701,12201.679072596002
00bbac68_6702,12201.650332698642
00bbac68_6703,12201.694345287073
00bbac68_6704,12201.656659239989
00bbac68_6705,12201.794241289761
00bbac68_6706,12201.65137470239
00bbac68_6707,12201.706822052156
00bbac68_6708,12201.679627865344
00bbac68_6709,12201.831474699371
00bbac68_6710,12201.775042582725
00bbac68_6711,12201.73828136687
00bbac68_6712,12201.958945275785
00bbac68_6713,12201.760779496151
00bbac68_6714,12201.774145377585
00bbac68_6715,12201.75911190327
00bbac68_6716,12201.749063286945
00bbac68_6717,12201.784157016766
00bbac68_6718,12201.845870830373
00bbac68_6719,12201.902924411452
00bbac68_6720,12202.005478956118
00bbac68_6721,12201.906487460026
00bbac68_6722,12201.888977600123
00bbac68_6723,12201.868902621984
00bbac68_6724,12202.029272838638
00bbac68_6725,12201.896196049922
00bbac68_6726,12201.902835872037
00bbac68_6727,12201.897286838504
00bbac68_6728,12202.08541307952
00bbac68_6729,12201.927613331027
00bbac68_6730,12201.946272987232
00bbac68_6731,12202.165394662976
00bbac68_6732,12202.000869044206
00bbac68_6733,12201.93084255482
00bbac68_6734,12201.912788592428
00bbac68_6735,12202.049790876139
00bbac68_6736,12202.045285437009
00bbac68_6737,12202.06615859055
00bbac68_6738,12202.313530618661
00bbac68_6739,12202.692458407035
00bbac68_6740,12202.528982214757
00bbac68_6741,12202.497916716768
00bbac68_6742,12202.986990670894
00bbac68_6743,12202.512034242376
00bbac68_6744,12203.019710745762
00bbac68_6745,12203.042851142558
00bbac68_6746,12202.681971309266
00bbac68_6747,12202.632465360333
00bbac68_6748,12202.655456378421
00bbac68_6749,12202.620802554899
00bbac68_6750,12202.641512631402
00bbac68_6751,12202.544252169304
00bbac68_6752,12202.569730012667
00bbac68_6753,12202.715707353222
00bbac68_6754,12202.55059744193
00bbac68_6755,12202.730505668129
00bbac68_6756,12202.723304691259
00bbac68_6757,12202.7686668498
00bbac68_6758,12202.752440468234
00bbac68_6759,12202.628344154053
00bbac68_6760,12203.165087349025
00bbac68_6761,12202.820921844865
00bbac68_6762,12202.69199307145
00bbac68_6763,12202.867464157747
00bbac68_6764,12202.712078072629
00bbac68_6765,12202.729458679321
00bbac68_6766,12202.809881274477
00bbac68_6767,12202.83629033256
00bbac68_6768,12202.80393612682
00bbac68_6769,12202.778502736557
00bbac68_6770,12202.800543333457
00bbac68_6771,12202.85679334059
00bbac68_6772,12202.86649108303
00bbac68_6773,12202.932090072622
00bbac68_6774,12202.98900322289
00bbac68_6775,12202.885496957311
00bbac68_6776,12203.064378987721
00bbac68_6777,12202.967916637781
00bbac68_6778,12203.138773023606
00bbac68_6779,12203.111118262437
00bbac68_6780,12203.26769236546
00bbac68_6781,12203.288268363527
00bbac68_6782,12203.329624243577
00bbac68_6783,12203.3042516003
00bbac68_6784,12203.426549619893
00bbac68_6785,12203.540094674778
00bbac68_6786,12203.447072237577
00bbac68_6787,12203.425096454777
00bbac68_6788,12203.527085099988
00bbac68_6789,12203.449352732847
00bbac68_6790,12203.4412655848
00bbac68_6791,12203.371704046182
00bbac68_6792,12203.425646240163
00bbac68_6793,12203.429595950547
00bbac68_6794,12203.400194314181
00bbac68_6795,12203.501232239401
00bbac68_6796,12203.503813177185
00bbac68_6797,12203.541923319039
00bbac68_6798,12203.73418677357
00bbac68_6799,12203.779493128057
00bbac68_6800,12204.027392866103
00bbac68_6801,12204.133142140394
00bbac68_6802,12204.082744356612
00bbac68_6803,12204.046238743871
00bbac68_6804,12204.121965189875
00bbac68_6805,12203.769964587977
00bbac68_6806,12203.766521230766
00bbac68_6807,12203.81268267296
00bbac68_6808,12203.725671305385
00bbac68_6809,12203.799790268087
00bbac68_6810,12203.770155069697
00bbac68_6811,12203.764548490573
00bbac68_6812,12203.766745625886
00bbac68_6813,12203.753757835932
00bbac68_6814,12203.806079869973
00bbac68_6815,12203.825850206606
00bbac68_6816,12203.841119142497
00bbac68_6817,12203.828975844475
00bbac68_6818,12203.828935569552
00bbac68_6819,12203.822909655044
00bbac68_6820,12203.89038498004
00bbac68_6821,12203.916433150862
00bbac68_6822,12203.943720554267
00bbac68_6823,12203.9652771578
00bbac68_6824,12203.972456508682
00bbac68_6825,12203.980911264902
00bbac68_6826,12204.00164880195
00bbac68_6827,12204.018340574557
00bbac68_6828,12204.05401351206
00bbac68_6829,12204.088904185835
00bbac68_6830,12204.113414735222
00bbac68_6831,12204.143161183207
00bbac68_6832,12204.365443834986
00bbac68_6833,12204.295946226897
00bbac68_6834,12204.22687320289
00bbac68_6835,12204.440805737027
00bbac68_6836,12204.326948313417
00bbac68_6837,12204.441933273238
00bbac68_6838,12204.392084761872
00bbac68_6839,12204.43000411356
00bbac68_6840,12204.459936332238
00bbac68_6841,12204.380086565881
00bbac68_6842,12204.457620153917
00bbac68_6843,12204.481950423338
00bbac68_6844,12204.399356415437
00bbac68_6845,12204.517191774921
00bbac68_6846,12204.504029736907
00bbac68_6847,12204.537668767905
00bbac68_6848,12204.53738030073
00bbac68_6849,12204.654284647282
00bbac68_6850,12204.647083273376
00bbac68_6851,12204.756106558407
00bbac68_6852,12204.732025769976
00bbac68_6853,12204.740345631044
00bbac68_6854,12204.796884314463
00bbac68_6855,12204.80576614113
00bbac68_6856,12204.809669448525
00bbac68_6857,12204.9340661364
00bbac68_6858,12205.00694268664
00bbac68_6859,12204.906194098123
00bbac68_6860,12204.862333189052
00bbac68_6861,12204.922640158184
00bbac68_6862,12204.961003238526
00bbac68_6863,12204.913613228358
00bbac68_6864,12204.927428335994
00bbac68_6865,12204.891797146514
00bbac68_6866,12204.982960749872
00bbac68_6867,12204.947225321555
00bbac68_6868,12204.92947125557
00bbac68_6869,12205.100700421353
00bbac68_6870,12205.407446439418
00bbac68_6871,12205.461607376303
00bbac68_6872,12205.877299106136
00bbac68_6873,12205.412086967674
00bbac68_6874,12205.512676384958
00bbac68_6875,12205.64538840903
00bbac68_6876,12205.422714254506
00bbac68_6877,12205.492631788926
00bbac68_6878,12205.48725007305
00bbac68_6879,12205.610484518616
00bbac68_6880,12205.643770678174
00bbac68_6881,12205.531199710473
00bbac68_6882,12205.587034454074
00bbac68_6883,12205.571452112936
00bbac68_6884,12205.576521838128
00bbac68_6885,12205.599296241146
00bbac68_6886,12205.555514760526
00bbac68_6887,12205.528796385193
00bbac68_6888,12205.583186324782
00bbac68_6889,12205.615697273774
00bbac68_6890,12205.631995124202
00bbac68_6891,12205.656566312162
00bbac68_6892,12206.049002542963
00bbac68_6893,12205.657723160923
00bbac68_6894,12205.644778469876
00bbac68_6895,12205.682672358836
00bbac68_6896,12205.668459505167
00bbac68_6897,12205.680989987504
00bbac68_6898,12205.694025840674
00bbac68_6899,12205.753469236053
00bbac68_6900,12205.733423906942
00bbac68_6901,12205.883968294253
00bbac68_6902,12205.721532036605
00bbac68_6903,12205.744782165479
00bbac68_6904,12205.772672433308
00bbac68_6905,12206.083194431998
00bbac68_6906,12205.918840565328
00bbac68_6907,12206.04669353016
00bbac68_6908,12206.04950033623
00bbac68_6909,12205.879115533811
00bbac68_6910,12205.873372490256
00bbac68_6911,12205.889209976696
00bbac68_6912,12206.095337901364
00bbac68_6913,12206.113141167054
00bbac68_6914,12205.99919889075
00bbac68_6915,12205.993126768395
00bbac68_6916,12205.973609442235
00bbac68_6917,12206.108231580212
00bbac68_6918,12205.976832346725
00bbac68_6919,12206.170681316482
00bbac68_6920,12205.9846658555
00bbac68_6921,12206.003189137982
00bbac68_6922,12206.054544846447
00bbac68_6923,12206.210801305602
00bbac68_6924,12206.19199221816
00bbac68_6925,12206.438199188196
00bbac68_6926,12206.120284041099
00bbac68_6927,12206.011939206846
00bbac68_6928,12205.985940156792
00bbac68_6929,12205.996776736265
00bbac68_6930,12206.101708096528
00bbac68_6931,12206.018678808687
00bbac68_6932,12206.466441104989
00bbac68_6933,12206.023036722687
00bbac68_6934,12206.026387121057
00bbac68_6935,12206.21903480004
00bbac68_6936,12206.050530401055
00bbac68_6937,12206.060875625499
00bbac68_6938,12206.166338636027
00bbac68_6939,12206.081975313176
00bbac68_6940,12206.180298031415
00bbac68_6941,12206.268951374439
00bbac68_6942,12206.167215585192
00bbac68_6943,12206.213326486662
00bbac68_6944,12206.171355746654
00bbac68_6945,12206.187623572703
00bbac68_6946,12206.20096394241
00bbac68_6947,12206.277512091214
00bbac68_6948,12206.29223654913
00bbac68_6949,12206.309646062755
00bbac68_6950,12206.261592847808
00bbac68_6951,12206.223576821201
00bbac68_6952,12206.255235477995
00bbac68_6953,12206.562392000842
00bbac68_6954,12206.537720514158
00bbac68_6955,12206.586923189798
00bbac68_6956,12206.596329557928
00bbac68_6957,12206.62698012012
00bbac68_6958,12206.709451172967
00bbac68_6959,12206.583263400507
00bbac68_6960,12206.603845075933
00bbac68_6961,12206.658980452341
00bbac68_6962,12206.591668725669
00bbac68_6963,12206.641199483021
00bbac68_6964,12206.634983107597
00bbac68_6965,12206.71350300304
00bbac68_6966,12206.734717270247
00bbac68_6967,12206.713248171636
00bbac68_6968,12206.66610696124
00bbac68_6969,12206.798910088875
00bbac68_6970,12206.729390566208
00bbac68_6971,12206.833919988383
00bbac68_6972,12206.820573904784
00bbac68_6973,12206.865118490427
00bbac68_6974,12206.758278404162
00bbac68_6975,12206.769850181696
00bbac68_6976,12206.78341019945
00bbac68_6977,12206.852146585416
00bbac68_6978,12206.803182788666
00bbac68_6979,12207.019859602016
00bbac68_6980,12206.824655817698
00bbac68_6981,12206.882045908129
00bbac68_6982,12206.859366578941
00bbac68_6983,12207.115820118614
00bbac68_6984,12207.178274953647
00bbac68_6985,12207.132617515248
00bbac68_6986,12207.192673231248
00bbac68_6987,12207.186518584283
00bbac68_6988,12207.16146160545
00bbac68_6989,12207.27378115125
00bbac68_6990,12207.30770581639
00bbac68_6991,12207.297049729508
00bbac68_6992,12207.395973540952
00bbac68_6993,12207.584751114622
00bbac68_6994,12207.619113093115
00bbac68_6995,12207.552834414077
00bbac68_6996,12207.538895006526
00bbac68_6997,12207.402245015055
00bbac68_6998,12207.437428649864
00bbac68_6999,12207.44717278199
00bbac68_7000,12207.542496590168
00bbac68_7001,12207.782486737935
00bbac68_7002,12207.414912081678
00bbac68_7003,12207.357745237374
00bbac68_7004,12207.341527265962
00bbac68_7005,12207.305613221952
00bbac68_7006,12207.272525774353
00bbac68_7007,12207.172616095158
00bbac68_7008,12207.1699026059
00bbac68_7009,12207.126106155027
00bbac68_7010,12207.035106042207
00bbac68_7011,12207.037560237664
00bbac68_7012,12207.016954281247
00bbac68_7013,12207.01965148854
00bbac68_7014,12206.9948658539
00bbac68_7015,12207.052643137029
00bbac68_7016,12207.197269527547
00bbac68_7017,12207.219479441052
00bbac68_7018,12207.2432305669
00bbac68_7019,12207.490168483653
00bbac68_7020,12207.543058557649
00bbac68_7021,12207.595821443425
00bbac68_7022,12207.598997073805
00bbac68_7023,12207.657313589487
00bbac68_7024,12207.436931371565
00bbac68_7025,12207.740885682555
00bbac68_7026,12207.533268651076
00bbac68_7027,12207.525133965877
00bbac68_7028,12207.653132349551
00bbac68_7029,12207.79001177652
00bbac68_7030,12207.640704580144
00bbac68_7031,12207.65282815285
00bbac68_7032,12207.686694010656
00bbac68_7033,12207.63765652576
00bbac68_7034,12207.873675318391
00bbac68_7035,12207.833003086056
00bbac68_7036,12207.658502915863
00bbac68_7037,12207.762646569125
00bbac68_7038,12207.928526720323
00bbac68_7039,12208.117750539825
00bbac68_7040,12208.178076128965
00bbac68_7041,12208.10117346158
00bbac68_7042,12208.275096793
00bbac68_7043,12208.211898418562
00bbac68_7044,12208.327775657326
00bbac68_7045,12208.470621195178
00bbac68_7046,12208.469816466977
00bbac68_7047,12208.603583486352
00bbac68_7048,12208.701153476017
00bbac68_7049,12208.661301389935
00bbac68_7050,12208.708644039734
00bbac68_7051,12208.807782014957
00bbac68_7052,12208.769322471047
00bbac68_7053,12208.764099517406
00bbac68_7054,12208.771800345114
00bbac68_7055,12208.758098302967
00bbac68_7056,12208.725547469287
00bbac68_7057,12208.720517171647
00bbac68_7058,12208.719481718976
00bbac68_7059,12208.698449665299
00bbac68_7060,12208.71557273446
00bbac68_7061,12208.641291074797
00bbac68_7062,12208.592987255928
00bbac68_7063,12208.587397745001
00bbac68_7064,12208.618719532118
00bbac68_7065,12208.615775947863
00bbac68_7066,12208.743470178377
00bbac68_7067,12208.820143679513
00bbac68_7068,12208.689268657647
00bbac68_7069,12208.887890712958
00bbac68_7070,12208.713076383516
00bbac68_7071,12208.915995331861
00bbac68_7072,12208.861700424519
00bbac68_7073,12208.930695267894
00bbac68_7074,12208.7467057586
00bbac68_7075,12209.06195081949
00bbac68_7076,12208.898227418398
00bbac68_7077,12209.049805494798
00bbac68_7078,12208.666200726639
00bbac68_7079,12208.646762426433
00bbac68_7080,12208.664085626273
00bbac68_7081,12208.65824501136
00bbac68_7082,12208.50284457369
00bbac68_7083,12208.523324324307
00bbac68_7084,12208.724867509954
00bbac68_7085,12208.661880100832
00bbac68_7086,12208.675207612949
00bbac68_7087,12209.00990610966
00bbac68_7088,12209.020876414568
00bbac68_7089,12209.0510713461
00bbac68_7090,12209.09612461239
00bbac68_7091,12208.792939693154
00bbac68_7092,12208.801227794922
00bbac68_7093,12208.941316137963
00bbac68_7094,12208.84361061537
00bbac68_7095,12208.9827429738
00bbac68_7096,12209.198600273838
00bbac68_7097,12209.029985149373
00bbac68_7098,12209.04940652587
00bbac68_7099,12209.165342924895
00bbac68_7100,12209.185401446754
00bbac68_7101,12209.17711498736
00bbac68_7102,12208.904861866573
00bbac68_7103,12209.187832515856
00bbac68_7104,12208.907545693275
00bbac68_7105,12208.965485518771
00bbac68_7106,12209.1059617549
00bbac68_7107,12209.076529654316
00bbac68_7108,12208.868014090822
00bbac68_7109,12208.987295485678
00bbac68_7110,12208.861539622814
00bbac68_7111,12209.019899169678
00bbac68_7112,12208.91977839271
00bbac68_7113,12208.766315357527
00bbac68_7114,12208.892727420789
00bbac68_7115,12208.827422441278
00bbac68_7116,12208.819225119325
00bbac68_7117,12208.601411586245
00bbac68_7118,12208.763767868393
00bbac68_7119,12208.606967471387
00bbac68_7120,12208.821417184135
00bbac68_7121,12208.669203132476
00bbac68_7122,12208.623553668138
00bbac68_7123,12208.638195992917
00bbac68_7124,12208.818441584408
00bbac68_7125,12208.786524852198
00bbac68_7126,12208.70680597015
00bbac68_7127,12208.671785462964
00bbac68_7128,12208.846574504843
00bbac68_7129,12208.721687064846
00bbac68_7130,12208.854860446241
00bbac68_7131,12208.756649382914
00bbac68_7132,12208.777915078479
00bbac68_7133,12208.79231328063
00bbac68_7134,12208.82740118491
00bbac68_7135,12208.851595371525
00bbac68_7136,12208.867211967281
00bbac68_7137,12208.849452063121
00bbac68_7138,12208.873717465669
00bbac68_7139,12208.895528512117
00bbac68_7140,12208.950224275115
00bbac68_7141,12208.978844819741
00bbac68_7142,12209.027818210645
00bbac68_7143,12209.015251771267
00bbac68_7144,12209.070846794719
00bbac68_7145,12209.111297570335
00bbac68_7146,12209.161566745137
00bbac68_7147,12209.1516163761
00bbac68_7148,12209.171782254814
00bbac68_7149,12209.180021675507
00bbac68_7150,12209.246284451745
00bbac68_7151,12209.23696997166
00bbac68_7152,12209.207589786827
00bbac68_7153,12209.2180632601
00bbac68_7154,12209.18527774035
00bbac68_7155,12209.244270195079
00bbac68_7156,12209.280142319445
00bbac68_7157,12209.271177791084
00bbac68_7158,12209.329839713333
00bbac68_7159,12209.337785661734
00bbac68_7160,12209.42905931431
00bbac68_7161,12209.619080042587
00bbac68_7162,12209.61347959102
00bbac68_7163,12209.622502819693
00bbac68_7164,12209.658703361627
00bbac68_7165,12209.6598084041
00bbac68_7166,12209.654560094199
00bbac68_7167,12209.674165895985
00bbac68_7168,12209.8203232522
00bbac68_7169,12209.6620491023
00bbac68_7170,12209.872337793207
00bbac68_7171,12209.710049100217
00bbac68_7172,12210.022325189291
00bbac68_7173,12209.970055843189
00bbac68_7174,12209.719348105395
00bbac68_7175,12209.704537946884
00bbac68_7176,12209.715897072389
00bbac68_7177,12209.612594080263
00bbac68_7178,12209.627548567805
00bbac68_7179,12209.600254862247
00bbac68_7180,12209.471392943
00bbac68_7181,12209.518091377598
00bbac68_7182,12209.54401785351
00bbac68_7183,12209.590684399882
00bbac68_7184,12209.605171463098
00bbac68_7185,12209.640468265332
00bbac68_7186,12209.755218769613
00bbac68_7187,12209.856064149877
00bbac68_7188,12209.971498391851
00bbac68_7189,12210.085603670652
00bbac68_7190,12210.04309696899
00bbac68_7191,12209.962941311614
00bbac68_7192,12210.098905929788
00bbac68_7193,12210.160856997378
00bbac68_7194,12210.261433547614
00bbac68_7195,12210.111532388682
00bbac68_7196,12210.189600211794
00bbac68_7197,12210.488992115397
00bbac68_7198,12210.287372524897
00bbac68_7199,12210.312850667135
00bbac68_7200,12210.630345782853
00bbac68_7201,12210.632501166914
00bbac68_7202,12210.428963371061
00bbac68_7203,12210.411834531773
00bbac68_7204,12210.366821199432
00bbac68_7205,12210.431669239335
00bbac68_7206,12210.473932611567
00bbac68_7207,12210.401096856955
00bbac68_7208,12210.469093359152
00bbac68_7209,12210.491696266741
00bbac68_7210,12210.521036859525
00bbac68_7211,12210.499068416786
00bbac68_7212,12210.615506194928
00bbac68_7213,12210.52554318015
00bbac68_7214,12210.484251045305
00bbac68_7215,12210.477565589896
00bbac68_7216,12210.389998968372
00bbac68_7217,12210.418349044645
00bbac68_7218,12210.354890548246
00bbac68_7219,12210.426054918014
00bbac68_7220,12210.526032828115
00bbac68_7221,12210.551628660196
00bbac68_7222,12210.349767028176
00bbac68_7223,12210.433052565557
00bbac68_7224,12210.400347932391
00bbac68_7225,12210.493502598672
00bbac68_7226,12210.616283315478
00bbac68_7227,12210.619119176557
00bbac68_7228,12210.712992463024
00bbac68_7229,12210.6926072642
00bbac68_7230,12210.739914542026
00bbac68_7231,12210.826258016936
00bbac68_7232,12210.82322705752
00bbac68_7233,12210.89234778663
00bbac68_7234,12211.015789495777
00bbac68_7235,12211.08926506987
00bbac68_7236,12210.889443915876
00bbac68_7237,12210.987243972637
00bbac68_7238,12211.107858675508
00bbac68_7239,12211.071078669414
00bbac68_7240,12210.993570565472
00bbac68_7241,12211.05759808738
00bbac68_7242,12211.106951680871
00bbac68_7243,12211.090141578517
00bbac68_7244,12211.181317529616
00bbac68_7245,12211.20078211852
00bbac68_7246,12211.230678011618
00bbac68_7247,12211.181778554012
00bbac68_7248,12211.323759615989
00bbac68_7249,12211.219557848695
00bbac68_7250,12211.354119385938
00bbac68_7251,12211.356536632886
00bbac68_7252,12211.255993811961
00bbac68_7253,12211.250138839532
00bbac68_7254,12211.321926705414
00bbac68_7255,12211.34002751594
00bbac68_7256,12211.495121390592
00bbac68_7257,12211.556554006544
00bbac68_7258,12211.535356665763
00bbac68_7259,12211.358220565002
00bbac68_7260,12211.411807391112
00bbac68_7261,12211.381415124357
00bbac68_7262,12211.39700838605
00bbac68_7263,12211.408310007602
00bbac68_7264,12211.400502390059
00bbac68_7265,12211.426488135858
00bbac68_7266,12211.39892846445
00bbac68_7267,12211.56344180231
00bbac68_7268,12211.650998165915
00bbac68_7269,12211.70680918953
00bbac68_7270,12211.610166715775
00bbac68_7271,12211.750128221553
00bbac68_7272,12211.74706149065
00bbac68_7273,12211.530317469837
00bbac68_7274,12211.816692325381
00bbac68_7275,12211.828313479082
00bbac68_7276,12211.607952121036
00bbac68_7277,12211.555815720425
00bbac68_7278,12211.623675700082
00bbac68_7279,12211.661270691395
00bbac68_7280,12211.605227810514
00bbac68_7281,12211.773495926565
00bbac68_7282,12211.762234496653
00bbac68_7283,12211.723255154624
00bbac68_7284,12211.853541990296
00bbac68_7285,12211.904524458383
00bbac68_7286,12211.918574971463
00bbac68_7287,12211.877404896815
00bbac68_7288,12211.983945540249
00bbac68_7289,12211.924570094514
00bbac68_7290,12211.958935757659
00bbac68_7291,12211.999552152392
00bbac68_7292,12212.052894788378
00bbac68_7293,12212.009626186053
00bbac68_7294,12212.038750773845
00bbac68_7295,12212.275775273863
00bbac68_7296,12212.191552369977
00bbac68_7297,12212.070035148652
00bbac68_7298,12212.294244387294
00bbac68_7299,12212.258393785702
00bbac68_7300,12212.208374602946
00bbac68_7301,12212.529726056906
00bbac68_7302,12212.535634097778
00bbac68_7303,12212.47866853751
00bbac68_7304,12212.540350865725
00bbac68_7305,12212.486489307015
00bbac68_7306,12212.413294155282
00bbac68_7307,12212.5264681741
00bbac68_7308,12212.505005653042
00bbac68_7309,12212.586943534654
00bbac68_7310,12212.496346025462
00bbac68_7311,12212.606680189709
00bbac68_7312,12212.520249874393
00bbac68_7313,12212.54075078964
00bbac68_7314,12212.67684048317
00bbac68_7315,12212.364540065435
00bbac68_7316,12212.6274147963
00bbac68_7317,12212.514100269536
00bbac68_7318,12212.38943496172
00bbac68_7319,12212.66497741246
00bbac68_7320,12212.38475615541
00bbac68_7321,12212.598450695723
00bbac68_7322,12212.40141698744
00bbac68_7323,12212.43069017007
00bbac68_7324,12212.470554660496
00bbac68_7325,12212.3778803046
00bbac68_7326,12212.387820681273
00bbac68_7327,12212.577779970119
00bbac68_7328,12212.658623966594
00bbac68_7329,12212.430789130527
00bbac68_7330,12212.560160371142
00bbac68_7331,12212.539615422327
00bbac68_7332,12212.570605990148
00bbac68_7333,12212.557073761744
00bbac68_7334,12212.861070383697
00bbac68_7335,12212.699082681935
00bbac68_7336,12212.813441371301
00bbac68_7337,12212.723939532614
00bbac68_7338,12212.767328518501
00bbac68_7339,12212.746464085825
00bbac68_7340,12212.592062330015
00bbac68_7341,12212.581109825831
00bbac68_7342,12212.483992140964
00bbac68_7343,12212.120931046575
00bbac68_7344,12212.171124607503
00bbac68_7345,12212.161820139077
00bbac68_7346,12212.152254055827
00bbac68_7347,12212.207219174907
00bbac68_7348,12212.201846112876
00bbac68_7349,12212.2283859227
00bbac68_7350,12212.363682291354
00bbac68_7351,12212.432346748208
00bbac68_7352,12212.46003419288
00bbac68_7353,12212.576258039167
00bbac68_7354,12212.52752886481
00bbac68_7355,12212.606503418738
00bbac68_7356,12212.560908938633
00bbac68_7357,12212.729884682736
00bbac68_7358,12212.698393173827
00bbac68_7359,12212.684034629334
00bbac68_7360,12212.786202036208
00bbac68_7361,12212.685206723865
00bbac68_7362,12212.637700604435
00bbac68_7363,12212.804506946151
00bbac68_7364,12212.769030606236
00bbac68_7365,12212.773572463564
00bbac68_7366,12212.658612281499
00bbac68_7367,12212.65338293256
00bbac68_7368,12212.612088213875
00bbac68_7369,12212.689473880348
00bbac68_7370,12212.664270772068
00bbac68_7371,12212.598882357792
00bbac68_7372,12212.772186516664
00bbac68_7373,12212.823847652466
00bbac68_7374,12212.806107598815
00bbac68_7375,12212.801663018114
00bbac68_7376,12212.809428228917
00bbac68_7377,12212.892053838374
00bbac68_7378,12212.64378426613
00bbac68_7379,12212.80553325706
00bbac68_7380,12212.797635979892
00bbac68_7381,12212.684439476505
00bbac68_7382,12212.671476438096
00bbac68_7383,12212.937216660834
00bbac68_7384,12212.757086133408
00bbac68_7385,12212.833588975773
00bbac68_7386,12212.956781560915
00bbac68_7387,12213.099807557284
00bbac68_7388,12212.86582843831
00bbac68_7389,12213.02297392545
00bbac68_7390,12213.17818732552
00bbac68_7391,12212.90308052642
00bbac68_7392,12212.989375520072
00bbac68_7393,12212.963588718281
00bbac68_7394,12212.998979985749
00bbac68_7395,12213.040641429632
00bbac68_7396,12213.06147955254
00bbac68_7397,12213.25073577217
00bbac68_7398,12213.074019008967
00bbac68_7399,12213.268961189306
00bbac68_7400,12213.274639241623
00bbac68_7401,12213.169008967296
00bbac68_7402,12213.340386911874
00bbac68_7403,12213.32271769345
00bbac68_7404,12213.427089865316
00bbac68_7405,12213.450793250951
00bbac68_7406,12213.34665089019
00bbac68_7407,12213.337207771923
00bbac68_7408,12213.295425578179
00bbac68_7409,12213.316298074564
00bbac68_7410,12213.387009556902
00bbac68_7411,12213.43561426238
00bbac68_7412,12213.424354401226
00bbac68_7413,12213.484783375425
00bbac68_7414,12213.515950456222
00bbac68_7415,12213.599751318607
00bbac68_7416,12213.716081088562
00bbac68_7417,12213.795181720012
00bbac68_7418,12213.828242501095
00bbac68_7419,12213.937663053834
00bbac68_7420,12213.88803489043
00bbac68_7421,12214.099122550386
00bbac68_7422,12214.10176790467
00bbac68_7423,12214.251143732361
00bbac68_7424,12214.30768465701
00bbac68_7425,12214.316159019965
00bbac68_7426,12214.368326134709
00bbac68_7427,12214.408722828159
00bbac68_7428,12214.375524867512
00bbac68_7429,12214.534337465011
00bbac68_7430,12214.5053649314
00bbac68_7431,12214.400777752784
00bbac68_7432,12214.442449027985
00bbac68_7433,12214.399439314706
00bbac68_7434,12214.398978514739
00bbac68_7435,12214.137878879323
00bbac68_7436,12214.216462509794
00bbac68_7437,12214.11837926405
00bbac68_7438,12213.957036947606
00bbac68_7439,12214.12771408747
00bbac68_7440,12213.983706823417
00bbac68_7441,12214.14568110425
00bbac68_7442,12214.1163296874
00bbac68_7443,12214.151179992115
00bbac68_7444,12214.002475071555
00bbac68_7445,12214.11968140729
00bbac68_7446,12214.029161309212
00bbac68_7447,12214.03879371547
00bbac68_7448,12213.994958766376
00bbac68_7449,12213.965414404922
00bbac68_7450,12214.02956463732
00bbac68_7451,12213.962606639525
00bbac68_7452,12213.925086044723
00bbac68_7453,12213.910768806572
00bbac68_7454,12213.938137178158
00bbac68_7455,12213.833825490245
00bbac68_7456,12213.778374997753
00bbac68_7457,12213.78319392271
00bbac68_7458,12213.889857392021
00bbac68_7459,12213.856243170356
00bbac68_7460,12214.211581909141
00bbac68_7461,12214.116958398126
00bbac68_7462,12214.2330441364
00bbac68_7463,12214.199094731193
00bbac68_7464,12214.263674985521
00bbac68_7465,12214.073027332315
00bbac68_7466,12214.161376414353
00bbac68_7467,12214.059664787734
00bbac68_7468,12214.15860299324
00bbac68_7469,12213.890549664098
00bbac68_7470,12214.150438502988
00bbac68_7471,12213.90212975484
00bbac68_7472,12213.923351323414
00bbac68_7473,12214.222563031344
00bbac68_7474,12214.157808083351
00bbac68_7475,12214.117023485429
00bbac68_7476,12214.08968996977
00bbac68_7477,12214.085331510338
00bbac68_7478,12214.141813334463
00bbac68_7479,12214.154514344496
00bbac68_7480,12214.139677833313
00bbac68_7481,12214.11153679194
00bbac68_7482,12214.135763537583
00bbac68_7483,12214.105531372645
00bbac68_7484,12214.096393278909
00bbac68_7485,12214.095745063536
00bbac68_7486,12214.032319289432
00bbac68_7487,12214.150334797529
00bbac68_7488,12214.240316764006
00bbac68_7489,12214.1474674231
00bbac68_7490,12214.158995098329
00bbac68_7491,12214.186594396737
00bbac68_7492,12213.994586956464
00bbac68_7493,12214.111215380422
00bbac68_7494,12214.069461363828
00bbac68_7495,12213.965322426147
00bbac68_7496,12213.994717695632
00bbac68_7497,12214.000562968284
00bbac68_7498,12213.953561751932
00bbac68_7499,12213.911948715151
00bbac68_7500,12214.029472405879
00bbac68_7501,12213.93444654029
00bbac68_7502,12213.941067666678
00bbac68_7503,12213.911335730838
00bbac68_7504,12213.96197870362
00bbac68_7505,12213.670771374604
00bbac68_7506,12213.703991103223
00bbac68_7507,12213.734779300526
00bbac68_7508,12213.720674331445
00bbac68_7509,12213.753641531363
00bbac68_7510,12213.779854426755
00bbac68_7511,12213.786528833478
00bbac68_7512,12213.94908319565
00bbac68_7513,12213.920896953527
00bbac68_7514,12213.945857003677
00bbac68_7515,12213.839274441452
00bbac68_7516,12213.97112559588
00bbac68_7517,12213.915752736562
00bbac68_7518,12213.847628855045
00bbac68_7519,12213.803474817034
00bbac68_7520,12213.886733473968
00bbac68_7521,12213.946161571308
00bbac68_7522,12213.850694466575
00bbac68_7523,12213.99566547332
00bbac68_7524,12214.043701394263
00bbac68_7525,12214.131316162111
00bbac68_7526,12213.943123989833
00bbac68_7527,12213.968187116578
00bbac68_7528,12214.240840039396
00bbac68_7529,12214.060683063255
00bbac68_7530,12214.036111536132
00bbac68_7531,12214.138385397036
00bbac68_7532,12214.236402118946
00bbac68_7533,12214.168389837101
00bbac68_7534,12214.219852828677
00bbac68_7535,12214.243791485673
00bbac68_7536,12214.296344692875
00bbac68_7537,12214.32406585102
00bbac68_7538,12214.593806835423
00bbac68_7539,12214.605454480252
00bbac68_7540,12214.653726765648
00bbac68_7541,12214.745719955961
00bbac68_7542,12214.581008816744
00bbac68_7543,12214.610623823553
00bbac68_7544,12214.662127286076
00bbac68_7545,12214.695243533626
00bbac68_7546,12214.764597845407
00bbac68_7547,12214.83189850306
00bbac68_7548,12214.921673814793
00bbac68_7549,12214.873866678081
00bbac68_7550,12214.798137564416
00bbac68_7551,12214.737006542333
00bbac68_7552,12214.585821823946
00bbac68_7553,12214.511129857743
00bbac68_7554,12214.449637044332
00bbac68_7555,12214.32870275624
00bbac68_7556,12214.249601653506
00bbac68_7557,12214.22603066178
00bbac68_7558,12214.155149934846
00e12e8b_2083,11604.930890757802
00e12e8b_2084,11604.927899161718
00e12e8b_2085,11604.87495469145
00e12e8b_2086,11604.981708102976
00e12e8b_2087,11604.991544952269
00e12e8b_2088,11605.009033451557
00e12e8b_2089,11605.04089634431
00e12e8b_2090,11605.066062355258
00e12e8b_2091,11605.040541015362
00e12e8b_2092,11605.09066037845
00e12e8b_2093,11605.010214111244
00e12e8b_2094,11605.123859916956
00e12e8b_2095,11605.14799590522
00e12e8b_2096,11605.156800675282
00e12e8b_2097,11605.185664317323
00e12e8b_2098,11605.204455193536
00e12e8b_2099,11605.338991058947
00e12e8b_2100,11605.364681263596
00e12e8b_2101,11605.380951660296
00e12e8b_2102,11605.412073480858
00e12e8b_2103,11605.426030026281
00e12e8b_2104,11605.45062550289
00e12e8b_2105,11605.468846053373
00e12e8b_2106,11605.486707248683
00e12e8b_2107,11605.508455773695
00e12e8b_2108,11605.537749576017
00e12e8b_2109,11605.576615577515
00e12e8b_2110,11605.585724922528
00e12e8b_2111,11605.64902607985
00e12e8b_2112,11605.690331545538
00e12e8b_2113,11605.724310858055
00e12e8b_2114,11605.766630389828
00e12e8b_2115,11605.793553509024
00e12e8b_2116,11605.854064620904
00e12e8b_2117,11605.864769433027
00e12e8b_2118,11605.812854825695
00e12e8b_2119,11605.959061486286
00e12e8b_2120,11605.95337464075
00e12e8b_2121,11605.853860521685
00e12e8b_2122,11605.988786167538
00e12e8b_2123,11606.00050935466
00e12e8b_2124,11606.024978008918
00e12e8b_2125,11605.917739850336
00e12e8b_2126,11606.027105574354
00e12e8b_2127,11606.064453108913
00e12e8b_2128,11606.107795283195
00e12e8b_2129,11606.120029437701
00e12e8b_2130,11606.13626412422
00e12e8b_2131,11606.027433511099
00e12e8b_2132,11606.169213019144
00e12e8b_2133,11606.13399835761
00e12e8b_2134,11606.073306322645
00e12e8b_2135,11606.199886220456
00e12e8b_2136,11606.204431853104
00e12e8b_2137,11606.215384421994
00e12e8b_2138,11606.239837837586
00e12e8b_2139,11606.248770988706
00e12e8b_2140,11606.273691074792
00e12e8b_2141,11606.298088804582
00e12e8b_2142,11606.301799528079
00e12e8b_2143,11606.517578245523
00e12e8b_2144,11606.499088138662
00e12e8b_2145,11606.588747961188
00e12e8b_2146,11606.59349006083
00e12e8b_2147,11606.57349115342
00e12e8b_2148,11606.584998084098
00e12e8b_2149,11606.58266470064
00e12e8b_2150,11606.586009882276
00e12e8b_2151,11606.600436442772
00e12e8b_2152,11606.64014712744
00e12e8b_2153,11606.635376267684
00e12e8b_2154,11606.599779015673
00e12e8b_2155,11606.604133138557
00e12e8b_2156,11606.603704579282
00e12e8b_2157,11606.674533391262
00e12e8b_2158,11606.696637894529
00e12e8b_2159,11606.712656991951
00e12e8b_2160,11606.724697612666
00e12e8b_2161,11606.723531091277
00e12e8b_2162,11606.74265964167
00e12e8b_2163,11606.760434170728
00e12e8b_2164,11606.767708439065
00e12e8b_2165,11606.76431721972
00e12e8b_2166,11606.618397156151
00e12e8b_2167,11606.775603200853
00e12e8b_2168,11606.736943800875
00e12e8b_2169,11606.644041719332
00e12e8b_2170,11606.803302589255
00e12e8b_2171,11606.818619437428
00e12e8b_2172,11606.763988773557
00e12e8b_2173,11606.834613637851
00e12e8b_2174,11606.805469445566
00e12e8b_2175,11606.809648608209
00e12e8b_2176,11606.773735643663
00e12e8b_2177,11606.819116360168
00e12e8b_2178,11606.82618655363
00e12e8b_2179,11606.779462175364
00e12e8b_2180,11606.814010522188
00e12e8b_2181,11606.830327990896
00e12e8b_2182,11606.756285715916
00e12e8b_2183,11606.828350582697
00e12e8b_2184,11606.869305807963
00e12e8b_2185,11606.820362036011
00e12e8b_2186,11606.819132971757
00e12e8b_2187,11606.809126548733
00e12e8b_2188,11606.709764937483
00e12e8b_2189,11606.826430522291
00e12e8b_2190,11606.832878596133
00e12e8b_2191,11606.845454937538
00e12e8b_2192,11606.843390666754
00e12e8b_2193,11606.852338327646
00e12e8b_2194,11606.854977200579
00e12e8b_2195,11606.931793584521
00e12e8b_2196,11606.930473665056
00e12e8b_2197,11606.927298337292
00e12e8b_2198,11606.822165548123
00e12e8b_2199,11606.976580908007
00e12e8b_2200,11607.008171962538
00e12e8b_2201,11606.87063721795
00e12e8b_2202,11606.973152682924
00e12e8b_2203,11607.072746292773
00e12e8b_2204,11607.280207711929
00e12e8b_2205,11607.232411820029
00e12e8b_2206,11607.26500266196
00e12e8b_2207,11607.289165693754
00e12e8b_2208,11607.315021947505
00e12e8b_2209,11607.321311248928
00e12e8b_2210,11607.334570777755
00e12e8b_2211,11607.345494829697
00e12e8b_2212,11607.357874444479
00e12e8b_2213,11607.36037862813
00e12e8b_2214,11607.359633820051
00e12e8b_2215,11607.373203531431
00e12e8b_2216,11607.371404121388
00e12e8b_2217,11607.34762233873
00e12e8b_2218,11607.350229479
00e12e8b_2219,11607.343756606697
00e12e8b_2220,11607.338109261646
00e12e8b_2221,11607.340111490525
00e12e8b_2222,11607.319629253227
00e12e8b_2223,11607.346797926279
00e12e8b_2224,11607.370800783008
00e12e8b_2225,11607.380584878534
00e12e8b_2226,11607.422162447443
00e12e8b_2227,11607.430255110567
00e12e8b_2228,11607.496157720858
00e12e8b_2229,11607.531163613326
00e12e8b_2230,11607.57850396278
00e12e8b_2231,11607.67025000309
00e12e8b_2232,11607.667968805337
00e12e8b_2233,11607.689533755345
00e12e8b_2234,11607.78457043904
00e12e8b_2235,11607.820984998594
00e12e8b_2236,11607.859663492743
00e12e8b_2237,11607.86994397508
00e12e8b_2238,11607.907639397727
00e12e8b_2239,11607.985547912996
00e12e8b_2240,11607.888445176384
00e12e8b_2241,11607.959059964942
00e12e8b_2242,11607.963266969273
00e12e8b_2243,11608.021346526059
00e12e8b_2244,11608.067435931189
00e12e8b_2245,11608.105991805405
00e12e8b_2246,11608.133571453493
00e12e8b_2247,11608.1843564228
00e12e8b_2248,11608.470705713255
00e12e8b_2249,11608.545914528282
00e12e8b_2250,11608.660495602311
00e12e8b_2251,11608.70514089328
00e12e8b_2252,11608.731402038873
00e12e8b_2253,11608.692555286283
00e12e8b_2254,11608.791535392811
00e12e8b_2255,11608.735084850496
00e12e8b_2256,11608.66762080844
00e12e8b_2257,11608.804273008389
00e12e8b_2258,11608.793500996966
00e12e8b_2259,11608.713364334044
00e12e8b_2260,11608.729810066743
00e12e8b_2261,11608.73248210861
00e12e8b_2262,11608.747537883823
00e12e8b_2263,11608.74806514167
00e12e8b_2264,11608.781567419888
00e12e8b_2265,11608.785234649042
00e12e8b_2266,11608.788591022087
00e12e8b_2267,11608.780070344224
00e12e8b_2268,11608.79426271122
00e12e8b_2269,11608.814217747742
00e12e8b_2270,11608.784890211678
00e12e8b_2271,11608.757537957212
00e12e8b_2272,11608.755190172327
00e12e8b_2273,11608.741336771523
00e12e8b_2274,11608.750797629025
00e12e8b_2275,11608.720444040133
00e12e8b_2276,11608.668454742232
00e12e8b_2277,11608.641486902437
00e12e8b_2278,11608.676347521068
00e12e8b_2279,11608.628614267098
00e12e8b_2280,11608.596334585225
00e12e8b_2281,11608.625263311855
00e12e8b_2282,11608.647413759554
00e12e8b_2283,11608.635989182581
00e12e8b_2284,11608.598514924843
00e12e8b_2285,11608.59333594855
00e12e8b_2286,11608.58233737344
00e12e8b_2287,11608.663575170489
00e12e8b_2288,11608.600870023332
00e12e8b_2289,11608.607277464407
00e12e8b_2290,11608.634761724337
00e12e8b_2291,11608.656812348983
00e12e8b_2292,11608.57954734036
00e12e8b_2293,11608.40491220713
00e12e8b_2294,11608.575869874812
00e12e8b_2295,11608.59890044656
00e12e8b_2296,11608.581384590987
00e12e8b_2297,11608.63909876947
00e12e8b_2298,11608.67826191071
00e12e8b_2299,11608.657065978512
00e12e8b_2300,11608.642446960823
00e12e8b_2301,11608.558140985824
00e12e8b_2302,11608.643898075998
00e12e8b_2303,11608.47797545608
00e12e8b_2304,11608.674635736517
00e12e8b_2305,11608.267334236105
00e12e8b_2306,11608.57943088076
00e12e8b_2307,11608.647838619323
00e12e8b_2308,11608.44656247578
00e12e8b_2309,11608.93276642295
00e12e8b_2310,11608.908684560716
00e12e8b_2311,11608.900368790346
00e12e8b_2312,11608.807058253306
00e12e8b_2313,11608.482372392436
00e12e8b_2314,11608.822782228903
00e12e8b_2315,11608.658390487535
00e12e8b_2316,11608.656017355406
00e12e8b_2317,11608.830768882248
00e12e8b_2318,11608.8159519798
00e12e8b_2319,11608.836265895827
00e12e8b_2320,11608.9777702912
00e12e8b_2321,11608.907439296388
00e12e8b_2322,11608.86890246345
00e12e8b_2323,11609.023028377369
00e12e8b_2324,11608.86932103841
00e12e8b_2325,11608.909152348211
00e12e8b_2326,11608.97104971432
00e12e8b_2327,11609.015826252478
00e12e8b_2328,11608.959114794801
00e12e8b_2329,11608.91683779881
00e12e8b_2330,11608.934981571827
00e12e8b_2331,11609.026568420433
00e12e8b_2332,11608.96067023206
00e12e8b_2333,11608.965320890618
00e12e8b_2334,11608.97863403326
00e12e8b_2335,11608.941876274952
00e12e8b_2336,11609.101415189303
00e12e8b_2337,11609.053607463868
00e12e8b_2338,11608.924664915623
00e12e8b_2339,11609.103434817
00e12e8b_2340,11609.158245426677
00e12e8b_2341,11608.927131935792
00e12e8b_2342,11609.131872614184
00e12e8b_2343,11609.085214892797
00e12e8b_2344,11609.111717815505
00e12e8b_2345,11608.970941267275
00e12e8b_2346,11609.179113531589
00e12e8b_2347,11609.159851300574
00e12e8b_2348,11609.147000350173
00e12e8b_2349,11609.15492168897
00e12e8b_2350,11609.144265959365
00e12e8b_2351,11609.2608709741
00e12e8b_2352,11609.254995093612
00e12e8b_2353,11609.60977821677
00e12e8b_2354,11609.530148398939
00e12e8b_2355,11609.62633415938
00e12e8b_2356,11609.655901371309
00e12e8b_2357,11609.504505472334
00e12e8b_2358,11609.722630854096
00e12e8b_2359,11609.670553856427
00e12e8b_2360,11609.654132217423
00e12e8b_2361,11609.295710569673
00e12e8b_2362,11609.697635594344
00e12e8b_2363,11609.770149501559
00e12e8b_2364,11609.652898501416
00e12e8b_2365,11609.768929959044
00e12e8b_2366,11609.768442106462
00e12e8b_2367,11609.751763766471
00e12e8b_2368,11609.772772180688
00e12e8b_2369,11609.517677343001
00e12e8b_2370,11609.807028885545
00e12e8b_2371,11609.846772541305
00e12e8b_2372,11609.825990069334
00e12e8b_2373,11609.796296173818
00e12e8b_2374,11609.521382528934
00e12e8b_2375,11609.912102283513
00e12e8b_2376,11609.864707409384
00e12e8b_2377,11609.47830835486
00e12e8b_2378,11609.94863983703
00e12e8b_2379,11609.94493293969
00e12e8b_2380,11609.934812683281
00e12e8b_2381,11609.918107047977
00e12e8b_2382,11609.91815952859
00e12e8b_2383,11609.954323871993
00e12e8b_2384,11609.940737326986
00e12e8b_2385,11609.937121097337
00e12e8b_2386,11609.88052927058
00e12e8b_2387,11609.935395898303
00e12e8b_2388,11609.946418008323
00e12e8b_2389,11609.925169983835
00e12e8b_2390,11609.905902173981
00e12e8b_2391,11609.906301274887
00e12e8b_2392,11609.912342395288
00e12e8b_2393,11609.90571786496
00e12e8b_2394,11609.882157980319
00e12e8b_2395,11609.861709489163
00e12e8b_2396,11609.945469379389
00e12e8b_2397,11609.962657024449
00e12e8b_2398,11609.799986723216
00e12e8b_2399,11609.908377233145
00e12e8b_2400,11609.885639457203
00e12e8b_2401,11609.99290393229
00e12e8b_2402,11609.955726845066
00e12e8b_2403,11609.923339014264
00e12e8b_2404,11609.905528066545
00e12e8b_2405,11609.948191095391
00e12e8b_2406,11609.85520899793
00e12e8b_2407,11609.982319089358
00e12e8b_2408,11609.951234551798
00e12e8b_2409,11609.889746656025
00e12e8b_2410,11609.992126078621
00e12e8b_2411,11610.043193052352
00e12e8b_2412,11610.044145178097
00e12e8b_2413,11610.06840969184
00e12e8b_2414,11610.089346788602
00e12e8b_2415,11610.282978791105
00e12e8b_2416,11610.316700311158
00e12e8b_2417,11610.329237773303
00e12e8b_2418,11610.353095804167
00e12e8b_2419,11610.36406268272
00e12e8b_2420,11610.120610831724
00e12e8b_2421,11610.395455007025
00e12e8b_2422,11610.368709190128
00e12e8b_2423,11610.337318776017
00e12e8b_2424,11610.309575539253
00e12e8b_2425,11610.319649108436
00e12e8b_2426,11610.322860380804
00e12e8b_2427,11610.304209641456
00e12e8b_2428,11610.402549729
00e12e8b_2429,11610.356526829924
00e12e8b_2430,11610.315352700429
00e12e8b_2431,11610.32295329955
00e12e8b_2432,11610.327173331856
00e12e8b_2433,11610.345485129981
00e12e8b_2434,11610.383528763216
00e12e8b_2435,11610.358477713136
00e12e8b_2436,11610.371629009525
00e12e8b_2437,11610.405885980617
00e12e8b_2438,11610.389295274945
00e12e8b_2439,11610.381415818578
00e12e8b_2440,11610.313161590102
00e12e8b_2441,11610.435111485089
00e12e8b_2442,11610.407500853482
00e12e8b_2443,11610.50894826456
00e12e8b_2444,11610.39350290952
00e12e8b_2445,11610.427453609287
00e12e8b_2446,11610.468140394974
00e12e8b_2447,11610.388043296462
00e12e8b_2448,11610.447140735892
00e12e8b_2449,11610.477799799464
00e12e8b_2450,11610.492047063168
00e12e8b_2451,11610.483239795429
00e12e8b_2452,11610.499494032303
00e12e8b_2453,11610.563247578431
00e12e8b_2454,11610.485238119998
00e12e8b_2455,11610.547509573338
00e12e8b_2456,11610.577523262495
00e12e8b_2457,11610.916967663701
00e12e8b_2458,11610.87112283336
00e12e8b_2459,11610.439150415825
00e12e8b_2460,11610.927177520225
00e12e8b_2461,11610.935275634272
00e12e8b_2462,11610.732282258612
00e12e8b_2463,11610.96236250479
00e12e8b_2464,11610.920718496911
00e12e8b_2465,11611.015079742025
00e12e8b_2466,11610.970723366805
00e12e8b_2467,11610.981536215022
00e12e8b_2468,11611.036154539095
00e12e8b_2469,11610.978767202656
00e12e8b_2470,11611.0207630999
00e12e8b_2471,11610.983959555115
00e12e8b_2472,11610.983476410507
00e12e8b_2473,11611.041170955974
00e12e8b_2474,11611.016769987922
00e12e8b_2475,11611.010819455394
00e12e8b_2476,11611.004213529255
00e12e8b_2477,11611.019482855345
00e12e8b_2478,11611.05239901987
00e12e8b_2479,11610.979778851663
00e12e8b_2480,11611.007452293701
00e12e8b_2481,11611.010553699729
00e12e8b_2482,11610.959720287181
00e12e8b_2483,11610.980155022191
00e12e8b_2484,11610.971289692556
00e12e8b_2485,11611.022958307289
00e12e8b_2486,11610.998828629023
00e12e8b_2487,11611.034889413637
00e12e8b_2488,11611.009890824425
00e12e8b_2489,11610.973619138951
00e12e8b_2490,11610.87653580042
00e12e8b_2491,11610.954505812051
00e12e8b_2492,11610.924549403404
00e12e8b_2493,11610.974310104153
00e12e8b_2494,11610.972984427775
00e12e8b_2495,11610.898778966282
00e12e8b_2496,11610.909628527059
00e12e8b_2497,11610.943804790402
00e12e8b_2498,11610.95734242579
00e12e8b_2499,11610.858506874529
00e12e8b_2500,11610.935190702634
00e12e8b_2501,11610.881525147171
00e12e8b_2502,11610.843617138678
00e12e8b_2503,11610.881678926104
00e12e8b_2504,11610.923401379532
00e12e8b_2505,11610.869773393533
00e12e8b_2506,11610.809447841943
00e12e8b_2507,11610.782055553716
00e12e8b_2508,11610.796075287868
00e12e8b_2509,11610.767272387147
00e12e8b_2510,11610.735016597537
00e12e8b_2511,11610.783863973647
00e12e8b_2512,11610.709157099971
00e12e8b_2513,11610.763648867009
00e12e8b_2514,11610.728012350846
00e12e8b_2515,11610.75111605529
00e12e8b_2516,11610.43526269521
00e12e8b_2517,11610.083536348
00e12e8b_2518,11610.764073741884
00e12e8b_2519,11610.130224709776
00e12e8b_2520,11610.144786494078
00e12e8b_2521,11610.980424178668
00e12e8b_2522,11611.075492145255
00e12e8b_2523,11611.019319302211
00e12e8b_2524,11611.023281769529
00e12e8b_2525,11610.640076984404
00e12e8b_2526,11611.05794869964
00e12e8b_2527,11610.997164500028
00e12e8b_2528,11611.001703999267
00e12e8b_2529,11610.96717873061
00e12e8b_2530,11611.007678539825
00e12e8b_2531,11610.958833388997
00e12e8b_2532,11610.95179330978
00e12e8b_2533,11610.924461260207
00e12e8b_2534,11610.922507709758
00e12e8b_2535,11610.983493363316
00e12e8b_2536,11610.91117096946
00e12e8b_2537,11610.829521945989
00e12e8b_2538,11610.825805122873
00e12e8b_2539,11610.946861832104
00e12e8b_2540,11610.953649663672
00e12e8b_2541,11610.935480919572
00e12e8b_2542,11610.820251344147
00e12e8b_2543,11610.825587960671
00e12e8b_2544,11610.833999075974
00e12e8b_2545,11610.825221638446
00e12e8b_2546,11610.464535226647
00e12e8b_2547,11610.931280103348
00e12e8b_2548,11610.867081184186
00e12e8b_2549,11610.422332559781
00e12e8b_2550,11610.430314595304
00e12e8b_2551,11610.015383998101
00e12e8b_2552,11610.859488735005
00e12e8b_2553,11610.381272365157
00e12e8b_2554,11610.352321099497
00e12e8b_2555,11610.805615915597
00e12e8b_2556,11610.828035277927
00e12e8b_2557,11610.1745351944
00e12e8b_2558,11610.530738346715
00e12e8b_2559,11610.100499610277
00e12e8b_2560,11610.020291126857
00e12e8b_2561,11610.077380289158
00e12e8b_2562,11610.580044799266
00e12e8b_2563,11610.345707739489
00e12e8b_2564,11610.34332015623
00e12e8b_2565,11610.885191465653
00e12e8b_2566,11610.381996719241
00e12e8b_2567,11610.487900195687
00e12e8b_2568,11611.184219278994
00e12e8b_2569,11611.103023033353
00e12e8b_2570,11611.234950662778
00e12e8b_2571,11611.156931793877
00e12e8b_2572,11610.772655811079
00e12e8b_2573,11611.210940361794
00e12e8b_2574,11611.021562507922
00e12e8b_2575,11610.846539154325
00e12e8b_2576,11611.202991919004
00e12e8b_2577,11611.122425356572
00e12e8b_2578,11610.679500143924
00e12e8b_2579,11610.973999430778
00e12e8b_2580,11611.012907610959
00e12e8b_2581,11610.82264653134
00e12e8b_2582,11610.830320751355
00e12e8b_2583,11611.142883927754
00e12e8b_2584,11611.13363511332
00e12e8b_2585,11611.004388066374
00e12e8b_2586,11611.255973195568
00e12e8b_2587,11611.287418347696
00e12e8b_2588,11611.272030744014
00e12e8b_2589,11611.222560689701
00e12e8b_2590,11611.226612015356
00e12e8b_2591,11611.27215543577
00e12e8b_2592,11611.29595005329
00e12e8b_2593,11611.254527817062
00e12e8b_2594,11611.236937632188
00e12e8b_2595,11611.189099141513
00e12e8b_2596,11611.228597138575
00e12e8b_2597,11611.181311811197
00e12e8b_2598,11611.201048078725
00e12e8b_2599,11611.166831214836
00e12e8b_2600,11611.057020500059
00e12e8b_2601,11611.106662768198
00e12e8b_2602,11611.1420458103
00e12e8b_2603,11611.121258182753
00e12e8b_2604,11610.914767379609
00e12e8b_2605,11610.818246517594
00e12e8b_2606,11611.11369798842
00e12e8b_2607,11611.110185852016
00e12e8b_2608,11611.149222877058
00e12e8b_2609,11611.056999856344
00e12e8b_2610,11611.087809333045
00e12e8b_2611,11610.981625923509
00e12e8b_2612,11611.066154601716
00e12e8b_2613,11611.01294883667
00e12e8b_2614,11611.064310536192
00e12e8b_2615,11611.025788626153
00e12e8b_2616,11610.971845405495
00e12e8b_2617,11611.013532951689
00e12e8b_2618,11610.988570340243
00e12e8b_2619,11610.972739766501
00e12e8b_2620,11610.93247536697
00e12e8b_2621,11610.961892812957
00e12e8b_2622,11610.929955693426
00e12e8b_2623,11610.688495441369
00e12e8b_2624,11610.97856224895
00e12e8b_2625,11610.827975765082
00e12e8b_2626,11610.962267517374
00e12e8b_2627,11611.210334283689
00e12e8b_2628,11611.216267125179
00e12e8b_2629,11611.13445211846
00e12e8b_2630,11611.13076136178
00e12e8b_2631,11611.13947678649
00e12e8b_2632,11611.135803704681
00e12e8b_2633,11611.232174143779
00e12e8b_2634,11611.196573965331
00e12e8b_2635,11611.114649865032
00e12e8b_2636,11610.923123494771
00e12e8b_2637,11611.19854017303
00e12e8b_2638,11611.115251309056
00e12e8b_2639,11610.848279803056
00e12e8b_2640,11611.153026631317
00e12e8b_2641,11611.091004806583
00e12e8b_2642,11611.129724074708
00e12e8b_2643,11611.089626812149
00e12e8b_2644,11610.992628819893
00e12e8b_2645,11611.087656551419
00e12e8b_2646,11611.081652285651
00e12e8b_2647,11611.078067383967
00e12e8b_2648,11611.044524896226
00e12e8b_2649,11611.028619686167
00e12e8b_2650,11611.04143190437
00e12e8b_2651,11610.915699163103
00e12e8b_2652,11610.768757809283
00e12e8b_2653,11610.887753568477
00e12e8b_2654,11610.902323198188
00e12e8b_2655,11610.990518748022
00e12e8b_2656,11610.968208966335
00e12e8b_2657,11610.984176275244
00e12e8b_2658,11611.00943070011
00e12e8b_2659,11611.004236079722
00e12e8b_2660,11610.949688174189
00e12e8b_2661,11610.97774186601
00e12e8b_2662,11610.951169702232
00e12e8b_2663,11610.948267029544
00e12e8b_2664,11611.014334669531
00e12e8b_2665,11611.053720714513
00e12e8b_2666,11611.127605464135
00e12e8b_2667,11611.104856978649
00e12e8b_2668,11611.504878746433
00e12e8b_2669,11611.537565030178
00e12e8b_2670,11611.661712969775
00e12e8b_2671,11611.585556422524
00e12e8b_2672,11611.59386931605
00e12e8b_2673,11611.54419328146
00e12e8b_2674,11611.634222095574
00e12e8b_2675,11611.624772356852
00e12e8b_2676,11611.562209146636
00e12e8b_2677,11611.551227567783
00e12e8b_2678,11611.598946071885
00e12e8b_2679,11611.523541900224
00e12e8b_2680,11611.53719059823
00e12e8b_2681,11611.264477500104
00e12e8b_2682,11611.224661183744
00e12e8b_2683,11611.28009681915
00e12e8b_2684,11611.198729900254
00e12e8b_2685,11611.380692959616
00e12e8b_2686,11611.430911145479
00e12e8b_2687,11611.16801217715
00e12e8b_2688,11611.203872426973
00e12e8b_2689,11611.146508953068
00e12e8b_2690,11611.200166829389
00e12e8b_2691,11611.228752630432
00e12e8b_2692,11611.178063975703
00e12e8b_2693,11611.10954362882
00e12e8b_2694,11611.1561286385
00e12e8b_2695,11610.798914970936
00e12e8b_2696,11610.928730199952
00e12e8b_2697,11610.935543985217
00e12e8b_2698,11610.982889501149
00e12e8b_2699,11610.965342474332
00e12e8b_2700,11611.012192774477
00e12e8b_2701,11611.019310761349
00e12e8b_2702,11610.949639574357
00e12e8b_2703,11611.071865160196
00e12e8b_2704,11611.127463466091
00e12e8b_2705,11610.935420598847
00e12e8b_2706,11611.137463634275
00e12e8b_2707,11611.074298211413
00e12e8b_2708,11610.90301534651
00e12e8b_2709,11610.70707938125
00e12e8b_2710,11610.94887014264
00e12e8b_2711,11610.636771402957
00e12e8b_2712,11610.679013496208
00e12e8b_2713,11610.95411477779
00e12e8b_2714,11610.854020861487
00e12e8b_2715,11611.085851478494
00e12e8b_2716,11611.079820314768
00e12e8b_2717,11610.900046622113
00e12e8b_2718,11611.035691996116
00e12e8b_2719,11611.00104512255
00e12e8b_2720,11610.87646100985
00e12e8b_2721,11610.930668565652
00e12e8b_2722,11610.958594191683
00e12e8b_2723,11610.841441688432
00e12e8b_2724,11610.800845609672
00e12e8b_2725,11611.001511518882
00e12e8b_2726,11610.37128275101
00e12e8b_2727,11610.875237560434
00e12e8b_2728,11610.551777674213
00e12e8b_2729,11610.55720346933
00e12e8b_2730,11610.55777589322
00e12e8b_2731,11610.827295505509
00e12e8b_2732,11610.896111531774
00e12e8b_2733,11610.888103196394
00e12e8b_2734,11610.471578105064
00e12e8b_2735,11610.999570271411
00e12e8b_2736,11610.742011656053
00e12e8b_2737,11610.500157617767
00e12e8b_2738,11611.21386808797
00e12e8b_2739,11611.27977524211
00e12e8b_2740,11610.964169254843
00e12e8b_2741,11611.136176382923
00e12e8b_2742,11611.189992589303
00e12e8b_2743,11611.154809829088
00e12e8b_2744,11610.636173980709
00e12e8b_2745,11610.906427231264
00e12e8b_2746,11611.136057440126
00e12e8b_2747,11611.14294403164
00e12e8b_2748,11610.804792165865
00e12e8b_2749,11610.785027071699
00e12e8b_2750,11610.51424800936
00e12e8b_2751,11610.799126423113
00e12e8b_2752,11610.77569792972
00e12e8b_2753,11611.097285869904
00e12e8b_2754,11610.8811096923
00e12e8b_2755,11610.573323761282
00e12e8b_2756,11610.931467730254
00e12e8b_2757,11610.77571659749
00e12e8b_2758,11611.041675408229
00e12e8b_2759,11611.051178981692
00e12e8b_2760,11610.923334111703
00e12e8b_2761,11611.013817132172
00e12e8b_2762,11611.114555458733
00e12e8b_2763,11610.894459476183
00e12e8b_2764,11610.985632753682
00e12e8b_2765,11610.976774509065
00e12e8b_2766,11610.970202581368
00e12e8b_2767,11610.94929951333
00e12e8b_2768,11610.946098598133
00e12e8b_2769,11610.947505785729
00e12e8b_2770,11611.000835923325
00e12e8b_2771,11610.953356655336
00e12e8b_2772,11610.962196291715
00e12e8b_2773,11611.375572710196
00e12e8b_2774,11611.268021555916
00e12e8b_2775,11611.38273637841
00e12e8b_2776,11611.428836144743
00e12e8b_2777,11611.345458887521
00e12e8b_2778,11611.393010420974
00e12e8b_2779,11611.467923110027
00e12e8b_2780,11611.398650021601
00e12e8b_2781,11611.192238809803
00e12e8b_2782,11611.28250286365
00e12e8b_2783,11611.313454293384
00e12e8b_2784,11611.304333327755
00e12e8b_2785,11611.27633705519
00e12e8b_2786,11611.22696075135
00e12e8b_2787,11611.224424911432
00e12e8b_2788,11611.282617395682
00e12e8b_2789,11611.299220214569
00e12e8b_2790,11611.196881515356
00e12e8b_2791,11611.27476194805
00e12e8b_2792,11610.659268793805
00e12e8b_2793,11610.715510571734
00e12e8b_2794,11611.251930546574
00e12e8b_2795,11610.653897385944
00e12e8b_2796,11611.10079805688
00e12e8b_2797,11611.179642633719
00e12e8b_2798,11611.0023893279
00e12e8b_2799,11610.906134729688
00e12e8b_2800,11610.719110870577
00e12e8b_2801,11610.485159019125
00e12e8b_2802,11611.093627789109
00e12e8b_2803,11610.678780024457
00e12e8b_2804,11610.451447716083
00e12e8b_2805,11611.065625976384
00e12e8b_2806,11611.11282793291
00e12e8b_2807,11611.104081257166
00e12e8b_2808,11611.046977638316
00e12e8b_2809,11611.099383508687
00e12e8b_2810,11611.04166410019
00e12e8b_2811,11611.03178699682
00e12e8b_2812,11611.149279928399
00e12e8b_2813,11611.07375430729
00e12e8b_2814,11611.032272940643
00e12e8b_2815,11611.019621406722
00e12e8b_2816,11610.911663276465
00e12e8b_2817,11610.944711036625
00e12e8b_2818,11610.986737172345
00e12e8b_2819,11610.871665119923
00e12e8b_2820,11610.88622017694
00e12e8b_2821,11610.954161434272
00e12e8b_2822,11610.837425222995
00e12e8b_2823,11610.82923724706
00e12e8b_2824,11610.889375405208
00e12e8b_2825,11610.83886851279
00e12e8b_2826,11610.77655692113
00e12e8b_2827,11610.5985248163
00e12e8b_2828,11610.703326297564
00e12e8b_2829,11610.720716453374
00e12e8b_2830,11610.767338215946
00e12e8b_2831,11610.706236230963
00e12e8b_2832,11610.656483350707
00e12e8b_2833,11610.655733840194
00e12e8b_2834,11610.656378698342
00e12e8b_2835,11610.654037387596
00e12e8b_2836,11610.581739178708
00e12e8b_2837,11610.450723990012
00e12e8b_2838,11610.47290669164
00e12e8b_2839,11610.105827162115
00e12e8b_2840,11610.231010817684
00e12e8b_2841,11610.687464249015
00e12e8b_2842,11610.159568721947
00e12e8b_2843,11610.42109270327
00e12e8b_2844,11610.69385664949
00e12e8b_2845,11610.449672816174
00e12e8b_2846,11610.698380574882
00e12e8b_2847,11610.696784269028
00e12e8b_2848,11610.418203283249
00e12e8b_2849,11610.822852769894
00e12e8b_2850,11610.806083272064
00e12e8b_2851,11610.644721713701
00e12e8b_2852,11610.639632529168
00e12e8b_2853,11610.780675666341
00e12e8b_2854,11610.625541697254
00e12e8b_2855,11610.554526519607
00e12e8b_2856,11610.684197141927
00e12e8b_2857,11610.733530257836
00e12e8b_2858,11610.686041981384
00e12e8b_2859,11610.743005662549
00e12e8b_2860,11610.655276471996
00e12e8b_2861,11610.655557647893
00e12e8b_2862,11610.746605071847
00e12e8b_2863,11610.667619133897
00e12e8b_2864,11610.660495958944
00e12e8b_2865,11610.580726631328
00e12e8b_2866,11610.67766464902
00e12e8b_2867,11610.642312993672
00e12e8b_2868,11610.684765461969
00e12e8b_2869,11610.582222701385
00e12e8b_2870,11610.642297468425
00e12e8b_2871,11610.625789408981
00e12e8b_2872,11610.558014340888
00e12e8b_2873,11610.610522262323
00e12e8b_2874,11610.608941298702
00e12e8b_2875,11610.49304048874
00e12e8b_2876,11610.623911518316
00e12e8b_2877,11610.514431743155
00e12e8b_2878,11610.572159892195
00e12e8b_2879,11610.994072188125
00e12e8b_2880,11610.869199194945
00e12e8b_2881,11610.932046910566
00e12e8b_2882,11610.791991877713
00e12e8b_2883,11610.655307031273
00e12e8b_2884,11610.802887756468
00e12e8b_2885,11611.009392467717
00e12e8b_2886,11610.806501087856
00e12e8b_2887,11611.041666166428
00e12e8b_2888,11610.980055007973
00e12e8b_2889,11611.044493664289
00e12e8b_2890,11610.963359071065
00e12e8b_2891,11610.977168798463
00e12e8b_2892,11610.92552856401
00e12e8b_2893,11611.009467389349
00e12e8b_2894,11610.943642234368
00e12e8b_2895,11610.920765280167
00e12e8b_2896,11610.961931450207
00e12e8b_2897,11610.932473831135
00e12e8b_2898,11611.004229518676
00e12e8b_2899,11610.90797906943
00e12e8b_2900,11610.771609687385
00e12e8b_2901,11611.023446815712
00e12e8b_2902,11610.892183829455
00e12e8b_2903,11610.94637397342
00e12e8b_2904,11610.905266078762
00e12e8b_2905,11610.957137862564
00e12e8b_2906,11610.8968852557
00e12e8b_2907,11610.912700164808
00e12e8b_2908,11610.96019585182
00e12e8b_2909,11610.9114965759
00e12e8b_2910,11610.906499257006
00e12e8b_2911,11610.972395392684
00e12e8b_2912,11610.942233432526
00e12e8b_2913,11610.942476317507
00e12e8b_2914,11610.959209557996
00e12e8b_2915,11610.709760698572
00e12e8b_2916,11610.510453175586
00e12e8b_2917,11610.443704357785
00e12e8b_2918,11611.01360832603
00e12e8b_2919,11610.446197203672
00e12e8b_2920,11610.511478805496
00e12e8b_2921,11610.949446637936
00e12e8b_2922,11610.641891509713
00e12e8b_2923,11610.92356151948
00e12e8b_2924,11610.893581561375
00e12e8b_2925,11610.951061295087
00e12e8b_2926,11610.93195558441
00e12e8b_2927,11610.855049756563
00e12e8b_2928,11610.878158591928
00e12e8b_2929,11610.665960289722
00e12e8b_2930,11610.80829475653
00e12e8b_2931,11610.858043031127
00e12e8b_2932,11610.61507160629
00e12e8b_2933,11610.795862921463
00e12e8b_2934,11610.377557112313
00e12e8b_2935,11610.572698229702
00e12e8b_2936,11610.794145350894
00e12e8b_2937,11610.183639657549
00e12e8b_2938,11610.586893081734
00e12e8b_2939,11610.582106533357
00e12e8b_2940,11610.600205535164
00e12e8b_2941,11610.445507789687
00e12e8b_2942,11610.298024357051
00e12e8b_2943,11610.49842234777
00e12e8b_2944,11610.652215773693
00e12e8b_2945,11610.292135307902
00e12e8b_2946,11610.452259958454
00e12e8b_2947,11610.438510316482
00e12e8b_2948,11610.259105676265
00e12e8b_2949,11610.12889112836
00e12e8b_2950,11610.682543647317
00e12e8b_2951,11610.500166367096
00e12e8b_2952,11610.669476394709
00e12e8b_2953,11610.898258649257
00e12e8b_2954,11610.945508678667
00e12e8b_2955,11611.007176647103
00e12e8b_2956,11610.88125504859
00e12e8b_2957,11610.89973488682
00e12e8b_2958,11610.875038955319
00e12e8b_2959,11610.459227316
00e12e8b_2960,11610.596639858893
00e12e8b_2961,11610.797436624001
00e12e8b_2962,11610.251934479662
00e12e8b_2963,11610.859341950987
00e12e8b_2964,11610.562574924057
00e12e8b_2965,11610.803911824512
00e12e8b_2966,11610.88188859656
00e12e8b_2967,11610.79092799393
00e12e8b_2968,11610.86115624381
00e12e8b_2969,11610.697766567513
00e12e8b_2970,11610.800034152895
00e12e8b_2971,11610.524561993856
00e12e8b_2972,11610.804803841944
00e12e8b_2973,11610.788883817648
00e12e8b_2974,11610.76349157215
00e12e8b_2975,11610.791536186964
00e12e8b_2976,11610.694335325701
00e12e8b_2977,11610.710544347116
00e12e8b_2978,11610.690364567186
00e12e8b_2979,11610.534186542935
00e12e8b_2980,11610.712963303007
00e12e8b_2981,11610.675742070058
00e12e8b_2982,11610.641724371717
00e12e8b_2983,11610.649063377916
00e12e8b_2984,11610.414468663124
00e12e8b_2985,11610.965726386772
00e12e8b_2986,11610.966284716971
00e12e8b_2987,11610.94406245353
00e12e8b_2988,11610.961978371324
00e12e8b_2989,11610.95986618379
00e12e8b_2990,11610.951666653871
00e12e8b_2991,11610.93506357523
00e12e8b_2992,11610.961889038761
00e12e8b_2993,11610.888550444108
00e12e8b_2994,11610.812680957415
00e12e8b_2995,11610.84410772106
00e12e8b_2996,11610.855631565757
00e12e8b_2997,11610.813885683197
00e12e8b_2998,11610.844901936698
00e12e8b_2999,11610.820791232667
00e12e8b_3000,11610.787843080987
00e12e8b_3001,11610.840281441102
00e12e8b_3002,11610.76358652916
00e12e8b_3003,11610.76201095793
00e12e8b_3004,11610.792439731915
00e12e8b_3005,11610.793414847532
00e12e8b_3006,11610.792969849199
00e12e8b_3007,11610.738753031319
00e12e8b_3008,11610.75234829341
00e12e8b_3009,11610.356371179641
00e12e8b_3010,11610.700517839417
00e12e8b_3011,11610.673239177153
00e12e8b_3012,11610.725676088095
00e12e8b_3013,11610.686724598956
00e12e8b_3014,11610.58091700979
00e12e8b_3015,11610.676713518098
00e12e8b_3016,11610.64528440388
00e12e8b_3017,11610.602304755514
00e12e8b_3018,11610.584522869116
00e12e8b_3019,11610.596955143974
00e12e8b_3020,11610.466026235095
00e12e8b_3021,11610.57129007738
00e12e8b_3022,11610.54739107081
00e12e8b_3023,11610.586022657148
00e12e8b_3024,11610.521558930319
00e12e8b_3025,11610.530080929291
00e12e8b_3026,11610.495805817474
00e12e8b_3027,11610.517580441638
00e12e8b_3028,11610.446452149634
00e12e8b_3029,11610.426639731184
00e12e8b_3030,11610.272794186641
00e12e8b_3031,11610.244847844177
00e12e8b_3032,11610.317295433068
00e12e8b_3033,11610.150383865592
00e12e8b_3034,11610.113175917313
00e12e8b_3035,11610.108263102993
00e12e8b_3036,11609.815085994429
00e12e8b_3037,11610.003387512515
00e12e8b_3038,11609.934771659135
00e12e8b_3039,11609.988687607447
00e12e8b_3040,11609.915892709849
00e12e8b_3041,11609.995098986208
00e12e8b_3042,11609.924655413224
00e12e8b_3043,11609.939100657837
00e12e8b_3044,11609.962503317971
00e12e8b_3045,11609.87619682672
00e12e8b_3046,11609.743005049462
00e12e8b_3047,11609.721369416937
00e12e8b_3048,11609.74967049877
00e12e8b_3049,11609.777011487595
00e12e8b_3050,11609.788596155173
00e12e8b_3051,11609.661355968341
00e12e8b_3052,11609.730827479842
00e12e8b_3053,11609.771553028233
00e12e8b_3054,11609.69031822662
00e12e8b_3055,11609.678066520724
00e12e8b_3056,11609.667413264911
00e12e8b_3057,11609.690892411567
00e12e8b_3058,11609.691850711877
00e12e8b_3059,11609.644549999504
00e12e8b_3060,11609.617517701681
00e12e8b_3061,11609.86716616879
00e12e8b_3062,11609.813427356687
00e12e8b_3063,11609.846213132883
00e12e8b_3064,11609.779146500536
00e12e8b_3065,11609.625001007742
00e12e8b_3066,11609.81175244242
00e12e8b_3067,11609.736224617096
00e12e8b_3068,11609.779914825196
00e12e8b_3069,11609.49822174038
00e12e8b_3070,11609.710762265222
00e12e8b_3071,11609.461808915712
00e12e8b_3072,11609.437730580952
00e12e8b_3073,11609.705444218269
00e12e8b_3074,11609.417409171607
00e12e8b_3075,11609.404100024964
00e12e8b_3076,11609.613689155656
00e12e8b_3077,11609.363259181
00e12e8b_3078,11609.357044679951
00e12e8b_3079,11609.597678587044
00e12e8b_3080,11609.505154598617
00e12e8b_3081,11609.513619584288
00e12e8b_3082,11609.512045579617
00e12e8b_3083,11609.477680578748
00e12e8b_3084,11609.481685423114
00e12e8b_3085,11609.53226667554
00e12e8b_3086,11609.499957791246
00e12e8b_3087,11609.482757461268
00e12e8b_3088,11609.487282962065
00e12e8b_3089,11609.475474810566
00e12e8b_3090,11609.788687188238
00e12e8b_3091,11609.784910853283
00e12e8b_3092,11609.836935090494
00e12e8b_3093,11609.801656072228
00e12e8b_3094,11609.777358868463
00e12e8b_3095,11609.575687413699
00e12e8b_3096,11609.779515381691
00e12e8b_3097,11609.779105309688
00e12e8b_3098,11609.699836502841
00e12e8b_3099,11609.780994508274
00e12e8b_3100,11609.740083201978
00e12e8b_3101,11609.660539695973
00e12e8b_3102,11609.688274821274
00e12e8b_3103,11609.6410092933
00e12e8b_3104,11609.67374243136
00e12e8b_3105,11609.622432603803
00e12e8b_3106,11609.62048595411
00e12e8b_3107,11609.641303728074
00e12e8b_3108,11609.672838613382
00e12e8b_3109,11609.604279131694
00e12e8b_3110,11609.585890463048
00e12e8b_3111,11609.608842689295
00e12e8b_3112,11609.51612374616
00e12e8b_3113,11609.519093301256
00e12e8b_3114,11609.501437757472
00e12e8b_3115,11609.361056795551
00e12e8b_3116,11609.461111192435
00e12e8b_3117,11609.435149489536
00e12e8b_3118,11609.25265696209
00e12e8b_3119,11609.27149219624
00e12e8b_3120,11609.371520567649
00e12e8b_3121,11609.306100207283
00e12e8b_3122,11609.258720244432
00e12e8b_3123,11609.281210342117
00e12e8b_3124,11609.229008183409
00e12e8b_3125,11609.11319284235
00e12e8b_3126,11609.260637564921
00e12e8b_3127,11609.170851117668
00e12e8b_3128,11609.216324351164
00e12e8b_3129,11609.232285970755
00e12e8b_3130,11609.183639958863
00e12e8b_3131,11609.213842764675
00e12e8b_3132,11609.167076834996
00e12e8b_3133,11609.154152712039
00e12e8b_3134,11609.151843707365
00e12e8b_3135,11609.13505658654
00e12e8b_3136,11609.15231773893
00e12e8b_3137,11608.89447903485
00e12e8b_3138,11608.893642155532
00e12e8b_3139,11609.007549854734
00e12e8b_3140,11609.015441928022
00e12e8b_3141,11608.965827103053
00e12e8b_3142,11608.885169229285
00e12e8b_3143,11608.882170417837
00e12e8b_3144,11608.83327096211
00e12e8b_3145,11608.771282342705
00e12e8b_3146,11608.786024850679
00e12e8b_3147,11608.71535363631
00e12e8b_3148,11608.632092265874
00e12e8b_3149,11608.61815553419
00e12e8b_3150,11608.489296316353
00e12e8b_3151,11608.384791266151
00e12e8b_3152,11608.370725490913
00e12e8b_3153,11608.325885573187
00e12e8b_3154,11608.255892780193
00e12e8b_3155,11608.25248096546
00e12e8b_3156,11608.143636974655
00e12e8b_3157,11608.118020601616
00e12e8b_3158,11608.102391868513
00e12e8b_3159,11608.070174129676
00e12e8b_3160,11608.04125527585
00e12e8b_3161,11607.99403834068
00e12e8b_3162,11607.991558431439
00e12e8b_3163,11607.973041077186
00e12e8b_3164,11607.901669014052
00e12e8b_3165,11607.91267031416
00e12e8b_3166,11607.908613646654
00e12e8b_3167,11607.839360844333
00e12e8b_3168,11608.072144821408
00e12e8b_3169,11607.997171227395
00e12e8b_3170,11608.023492095183
00e12e8b_3171,11607.959761448194
00e12e8b_3172,11607.931385987315
00e12e8b_3173,11607.916504132063
00e12e8b_3174,11607.91478850302
00e12e8b_3175,11607.885289149248
00e12e8b_3176,11607.855819659335
00e12e8b_3177,11607.78044488912
00e12e8b_3178,11607.796045006407
00e12e8b_3179,11607.772033918052
00e12e8b_3180,11607.718179573201
00e12e8b_3181,11607.678735935322
00e12e8b_3182,11607.65632527395
00e12e8b_3183,11607.68602944606
00e12e8b_3184,11607.588761683424
00e12e8b_3185,11607.626020321075
00e12e8b_3186,11607.481452491984
00e12e8b_3187,11607.559484789548
00e12e8b_3188,11607.520326040718
00e12e8b_3189,11607.407370937837
00e12e8b_3190,11607.468493898192
00e12e8b_3191,11607.41153046899
00e12e8b_3192,11607.187968023622
00e12e8b_3193,11607.452672777506
00e12e8b_3194,11607.329076343334
00e12e8b_3195,11607.635570786899
00e12e8b_3196,11607.660146767521
00e12e8b_3197,11607.59592310241
00e12e8b_3198,11607.568791140138
00e12e8b_3199,11607.621635948048
00e12e8b_3200,11607.603845418253
00e12e8b_3201,11607.539089666143
00e12e8b_3202,11607.558482688642
00e12e8b_3203,11607.526684726481
00e12e8b_3204,11607.45472980778
00e12e8b_3205,11607.489001248283
00e12e8b_3206,11607.413735860091
00e12e8b_3207,11607.423815195243
00e12e8b_3208,11607.34691089541
00e12e8b_3209,11607.366158291428
00e12e8b_3210,11607.304752377928
00e12e8b_3211,11607.290760488526
00e12e8b_3212,11607.288556283054
00e12e8b_3213,11607.21931015039
00e12e8b_3214,11607.191711611462
00e12e8b_3215,11607.175255581025
00e12e8b_3216,11607.1514321568
00e12e8b_3217,11607.118181792417
00e12e8b_3218,11607.085769521198
00e12e8b_3219,11607.054871935317
00e12e8b_3220,11607.031782857903
00e12e8b_3221,11606.977252996023
00e12e8b_3222,11606.872345813988
00e12e8b_3223,11606.847946664007
00e12e8b_3224,11606.902054688657
00e12e8b_3225,11606.736965012491
00e12e8b_3226,11606.752389278541
00e12e8b_3227,11606.711459094462
00e12e8b_3228,11606.700209459892
00e12e8b_3229,11606.690578659644
00e12e8b_3230,11606.566326654469
00e12e8b_3231,11606.60908745904
00e12e8b_3232,11606.534313445642
00e12e8b_3233,11606.645539750454
00e12e8b_3234,11606.485205496945
00e12e8b_3235,11606.441850612635
00e12e8b_3236,11606.572730060278
00e12e8b_3237,11606.495952820747
00e12e8b_3238,11606.483508393436
00e12e8b_3239,11606.408381830192
00e12e8b_3240,11606.459805743069
00e12e8b_3241,11606.42891376099
00e12e8b_3242,11606.35539628857
00e12e8b_3243,11606.333056629346
00e12e8b_3244,11606.382056339004
00e12e8b_3245,11606.36585973046
00e12e8b_3246,11606.342806800714
00e12e8b_3247,11606.30344780432
00e12e8b_3248,11606.272437947478
00e12e8b_3249,11606.164211014358
00e12e8b_3250,11606.21006702749
00e12e8b_3251,11606.175077030486
00e12e8b_3252,11606.055402258346
00e12e8b_3253,11606.099749630575
00e12e8b_3254,11605.987589940793
00e12e8b_3255,11605.996487801236
00e12e8b_3256,11605.908490586713
00e12e8b_3257,11605.954342035107
00e12e8b_3258,11605.813277779338
00e12e8b_3259,11605.806070049814
00e12e8b_3260,11605.742892148928
00e12e8b_3261,11605.625111501484
00e12e8b_3262,11605.711359817818
00e12e8b_3263,11605.599057938076
00e12e8b_3264,11605.58328383229
00e12e8b_3265,11605.638163457246
00e12e8b_3266,11605.684667994923
00e12e8b_3267,11605.608590316044
00e12e8b_3268,11605.581159854555
00e12e8b_3269,11605.663550476704
00e12e8b_3270,11605.923749841693
00e12e8b_3271,11605.92879928826
00e12e8b_3272,11605.936097118156
00e12e8b_3273,11605.944511930531
00e12e8b_3274,11605.86898294201
00e12e8b_3275,11605.938336402858
00e12e8b_3276,11605.925970811764
00e12e8b_3277,11605.84771864509
00e12e8b_3278,11605.922033018236
00e12e8b_3279,11605.792798781213
00e12e8b_3280,11605.901577799526
00e12e8b_3281,11605.81174421377
00e12e8b_3282,11605.782147387006
00e12e8b_3283,11605.817940437211
00e12e8b_3284,11605.736967724668
00e12e8b_3285,11605.710045015252
00e12e8b_3286,11605.758421742981
00e12e8b_3287,11605.67319487482
00e12e8b_3288,11605.649427541255
00e12e8b_3289,11605.6522661259
00e12e8b_3290,11605.597949347883
00e12e8b_3291,11605.652747715973
00e12e8b_3292,11605.568795957206
00e12e8b_3293,11605.488060398147
00e12e8b_3294,11605.587889473985
00e12e8b_3295,11605.52088754865
00e12e8b_3296,11605.454153150553
00e12e8b_3297,11605.57500967868
00e12e8b_3298,11605.55395601144
00e12e8b_3299,11605.54958767844
00e12e8b_3300,11605.454429271304
00e12e8b_3301,11605.686846911225
00e12e8b_3302,11605.980040760654
00e12e8b_3303,11606.053058458265
00e12e8b_3304,11605.975622800974
00e12e8b_3305,11605.932686734002
00e12e8b_3306,11606.088229543062
00e12e8b_3307,11606.038605617108
00e12e8b_3308,11605.970037052522
00e12e8b_3309,11606.088327065634
00e12e8b_3310,11606.054836775134
00e12e8b_3311,11605.798898233115
00e12e8b_3312,11605.884235671241
00e12e8b_3313,11606.032816601595
00e12e8b_3314,11605.96189840499
00e12e8b_3315,11605.948369788814
00e12e8b_3316,11605.932983976345
00e12e8b_3317,11605.84049885317
00e12e8b_3318,11605.997703270614
00e12e8b_3319,11605.975988712393
00e12e8b_3320,11606.027287625197
00e12e8b_3321,11605.871111301165
00e12e8b_3322,11605.950669836819
00e12e8b_3323,11606.000956586566
00e12e8b_3324,11605.932143580212
00e12e8b_3325,11605.917174351907
00e12e8b_3326,11605.908517626642
00e12e8b_3327,11605.866908969714
00e12e8b_3328,11605.800837921292
00e12e8b_3329,11605.883351578876
00e12e8b_3330,11605.854533406964
00e12e8b_3331,11605.8715096492
00e12e8b_3332,11605.859641408795
00e12e8b_3333,11605.782580326873
00e12e8b_3334,11605.833536964315
00e12e8b_3335,11605.824854016035
00e12e8b_3336,11605.778192071637
00e12e8b_3337,11605.676120083728
00e12e8b_3338,11605.792767139088
00e12e8b_3339,11605.753958685307
00e12e8b_3340,11605.770462313401
00e12e8b_3341,11605.821342230103
00e12e8b_3342,11605.646354063714
00e12e8b_3343,11605.64351575106
00e12e8b_3344,11605.653708364869
00e12e8b_3345,11605.603088836628
00e12e8b_3346,11605.61051523837
00e12e8b_3347,11605.464734283902
00e12e8b_3348,11605.561808678249
00e12e8b_3349,11605.551303114944
00e12e8b_3350,11605.447241304251
00e12e8b_3351,11605.51718572986
00e12e8b_3352,11605.576985919313
00e12e8b_3353,11605.353747067838
00e12e8b_3354,11605.49042997927
00e12e8b_3355,11605.530008101028
00e12e8b_3356,11605.437973595166
00e12e8b_3357,11605.4266097473
00e12e8b_3358,11605.295756330148
00e12e8b_3359,11605.353311739747
00e12e8b_3360,11605.397366542833
00e12e8b_3361,11605.351016085728
00e12e8b_3362,11605.326570019173
00e12e8b_3363,11605.343163772855
00e12e8b_3364,11605.256194740841
00e12e8b_3365,11605.32754701558
00e12e8b_3366,11605.218235275799
00e12e8b_3367,11605.2593092419
00e12e8b_3368,11605.306187227123
00e12e8b_3369,11605.229846566557
00e12e8b_3370,11605.568130230455
00e12e8b_3371,11605.530418653889
00e12e8b_3372,11605.476142756293
00e12e8b_3373,11605.588503012828
00e12e8b_3374,11605.506145735217
00e12e8b_3375,11605.525363680068
00e12e8b_3376,11605.357293401104
00e12e8b_3377,11605.5832735913
00e12e8b_3378,11605.428274073201
00e12e8b_3379,11605.327402949173
00e12e8b_3380,11605.615100944005
00e12e8b_3381,11605.477980076055
00e12e8b_3382,11605.584196702868
00e12e8b_3383,11605.485408982859
00e12e8b_3384,11605.557424513894
00e12e8b_3385,11605.476275166033
00e12e8b_3386,11605.536932348508
00e12e8b_3387,11605.490322748768
00e12e8b_3388,11605.542679447863
00e12e8b_3389,11605.480312559066
00e12e8b_3390,11605.637388482903
00e12e8b_3391,11605.56292916815
00e12e8b_3392,11605.533025787898
00e12e8b_3393,11605.383107965648
00e12e8b_3394,11605.432837499615
00e12e8b_3395,11605.57479673983
00e12e8b_3396,11605.469461932647
00e12e8b_3397,11605.40615533676
00e12e8b_3398,11605.534029251368
00e12e8b_3399,11605.452467365514
00e12e8b_3400,11605.426468220565
00e12e8b_3401,11605.520267494498
00e12e8b_3402,11605.390310987603
00e12e8b_3403,11605.432221360421
00e12e8b_3404,11605.38793248748
00e12e8b_3405,11605.385691174288
00e12e8b_3406,11605.394481940642
00e12e8b_3407,11605.356721313874
00e12e8b_3408,11605.5256087156
00e12e8b_3409,11605.55232191225
00e12e8b_3410,11605.792338364614
00e12e8b_3411,11605.738319744363
00e12e8b_3412,11605.848824968887
00e12e8b_3413,11605.96243389088
00e12e8b_3414,11605.974135504683
00e12e8b_3415,11605.886917355825
00e12e8b_3416,11605.986641830961
00e12e8b_3417,11605.883740482304
00e12e8b_3418,11605.861490112611
00e12e8b_3419,11605.896849231714
00e12e8b_3420,11605.963212772065
00e12e8b_3421,11605.864029604087
00e12e8b_3422,11605.92447342882
00e12e8b_3423,11605.95418401356
00e12e8b_3424,11605.941934116634
00e12e8b_3425,11605.916817968431
00e12e8b_3426,11605.937104331995
00e12e8b_3427,11605.910884719853
00e12e8b_3428,11605.817964805714
00e12e8b_3429,11605.892205515946
00e12e8b_3430,11605.913227442556
00e12e8b_3431,11605.902056069848
00e12e8b_3432,11605.954264835353
00e12e8b_3433,11605.749614822971
00e12e8b_3434,11605.87284091745
00e12e8b_3435,11605.623563338084
00e12e8b_3436,11605.632169097478
00e12e8b_3437,11605.799436888869
00e12e8b_3438,11605.84782139882
00e12e8b_3439,11605.752546808762
00e12e8b_3440,11605.832211247707
00e12e8b_3441,11605.854152362404
00e12e8b_3442,11605.86782918994
00e12e8b_3443,11605.745867238691
00e12e8b_3444,11605.815383672543
00e12e8b_3445,11605.8333358097
00e12e8b_3446,11605.806512359086
00e12e8b_3447,11605.729374604112
00e12e8b_3448,11605.770151940353
00e12e8b_3449,11605.716423121794
00e12e8b_3450,11605.83882879569
00e12e8b_3451,11605.71430550052
00e12e8b_3452,11605.627483718012
00e12e8b_3453,11605.76969276327
00e12e8b_3454,11605.687189923217
00e12e8b_3455,11605.769248191693
00e12e8b_3456,11605.790980177293
00e12e8b_3457,11605.620119116045
00e12e8b_3458,11605.53210631552
00e12e8b_3459,11605.763571177453
00e12e8b_3460,11605.58012461921
00e12e8b_3461,11605.705732925078
00e12e8b_3462,11605.677001431788
00e12e8b_3463,11605.454311091087
00e12e8b_3464,11605.72387070884
00e12e8b_3465,11605.507491362983
00e12e8b_3466,11605.563223253228
00e12e8b_3467,11605.586714518908
00e12e8b_3468,11605.582468027009
00e12e8b_3469,11605.562989523261
00e12e8b_3470,11605.654710914478
00e12e8b_3471,11605.569577362523
00e12e8b_3472,11605.900119095875
00e12e8b_3473,11605.894271840347
00e12e8b_3474,11605.839508105666
00e12e8b_3475,11605.908455907756
00e12e8b_3476,11605.720264937794
00e12e8b_3477,11605.91862599022
00e12e8b_3478,11605.77100102537
00e12e8b_3479,11605.6796387463
00e12e8b_3480,11605.840565148354
00e12e8b_3481,11605.812155022162
00e12e8b_3482,11605.66262345306
00e12e8b_3483,11605.690477332037
00e12e8b_3484,11605.668345154832
00e12e8b_3485,11605.64118092445
00e12e8b_3486,11605.515629174453
00e12e8b_3487,11605.703628883106
00e12e8b_3488,11605.582891745576
00e12e8b_3489,11605.607890746447
00e12e8b_3490,11605.593145669922
00e12e8b_3491,11605.559824149324
00e12e8b_3492,11605.550186818158
00e12e8b_3493,11605.540783306373
00e12e8b_3494,11605.531549370082
00e12e8b_3495,11605.441251412696
00e12e8b_3496,11605.524065800471
00e12e8b_3497,11605.504149449996
00e12e8b_3498,11605.502854058628
00e12e8b_3499,11605.490742313512
00e12e8b_3500,11605.47727382764
00e12e8b_3501,11605.468633380693
00e12e8b_3502,11605.450630773199
00e12e8b_3503,11605.426690887702
00e12e8b_3504,11605.340157404822
00e12e8b_3505,11605.428487405494
00e12e8b_3506,11605.397767004366
00e12e8b_3507,11605.200440531693
00e12e8b_3508,11605.390570400446
00e12e8b_3509,11605.18001224675
00e12e8b_3510,11605.310781884797
00e12e8b_3511,11605.051897638223
00e12e8b_3512,11605.273482170596
00e12e8b_3513,11605.314616371516
00e12e8b_3514,11605.125086894075
00e12e8b_3515,11605.320264317303
00e12e8b_3516,11605.314181371225
00e12e8b_3517,11605.317236838087
00e12e8b_3518,11605.5129825829
00e12e8b_3519,11605.585196651477
00e12e8b_3520,11605.462386114239
00e12e8b_3521,11605.5333214075
00e12e8b_3522,11605.591718959931
00e12e8b_3523,11605.603016652649
00e12e8b_3524,11605.669780500344
00e12e8b_3525,11605.536310188172
00e12e8b_3526,11605.4988917305
00e12e8b_3527,11605.575441804067
00e12e8b_3528,11605.561994385298
00e12e8b_3529,11605.556931360148
00e12e8b_3530,11605.632195628288
00e12e8b_3531,11605.578326173094
00e12e8b_3532,11605.611165942311
00e12e8b_3533,11605.512426130315
00e12e8b_3534,11605.567720612129
00e12e8b_3535,11605.502000362938
00e12e8b_3536,11605.517710806915
00e12e8b_3537,11605.352959544503
00e12e8b_3538,11605.479218657336
00e12e8b_3539,11605.49188653612
00e12e8b_3540,11605.287721343982
00e12e8b_3541,11605.527915254404
00e12e8b_3542,11605.480905073831
00e12e8b_3543,11605.4412577535
00e12e8b_3544,11605.237894222357
00e12e8b_3545,11605.220105237717
00e12e8b_3546,11605.485352133339
00e12e8b_3547,11605.309120481726
00e12e8b_3548,11605.249477596572
00e12e8b_3549,11605.286821894986
00e12e8b_3550,11605.349584414085
00e12e8b_3551,11605.296012703313
00e12e8b_3552,11605.177764306904
00e12e8b_3553,11605.287451193375
00e12e8b_3554,11605.20126298218
00e12e8b_3555,11605.350206899519
00e12e8b_3556,11605.17461816281
00e12e8b_3557,11605.229218434935
00e12e8b_3558,11605.24907064038
00e12e8b_3559,11605.203271828457
00e12e8b_3560,11605.216810039554
00e12e8b_3561,11605.261880178157
00e12e8b_3562,11605.095926354548
00e12e8b_3563,11605.087936007329
00e12e8b_3564,11605.131112756568
00e12e8b_3565,11605.033720592353
00e12e8b_3566,11605.090431584136
00e12e8b_3567,11604.994186444452
00e12e8b_3568,11605.040967975681
00e12e8b_3569,11605.016308677436
00e12e8b_3570,11604.912599673666
00e12e8b_3571,11605.001381073664
00e12e8b_3572,11604.986890314945
00e12e8b_3573,11604.897460238813
00e12e8b_3574,11605.213092998434
00e12e8b_3575,11605.09516745259
00e12e8b_3576,11605.108330200906
00e12e8b_3577,11605.146473039107
00e12e8b_3578,11605.117278222
00e12e8b_3579,11605.025296173308
00e12e8b_3580,11605.059744501406
00e12e8b_3581,11605.03091861135
00e12e8b_3582,11604.83505047199
00e12e8b_3583,11604.876196464153
00e12e8b_3584,11604.850214557806
00e12e8b_3585,11604.847454890758
00e12e8b_3586,11604.882950159117
00e12e8b_3587,11604.8627921139
00e12e8b_3588,11604.72574380081
00e12e8b_3589,11604.738663402393
00e12e8b_3590,11604.781057800874
00e12e8b_3591,11604.718921989732
00e12e8b_3592,11604.625121852056
00e12e8b_3593,11604.637714848475
00e12e8b_3594,11604.600565299514
00e12e8b_3595,11604.481337713501
00e12e8b_3596,11604.488773163614
00e12e8b_3597,11604.41431920191
00e12e8b_3598,11604.354276370776
00e12e8b_3599,11604.225367324128
00e12e8b_3600,11604.237096168159
00e12e8b_3601,11604.210345027872
00e12e8b_3602,11604.089796758133
00e12e8b_3603,11604.119211517202
00e12e8b_3604,11604.077429564903
00e12e8b_3605,11603.965186872842
00e12e8b_3606,11603.907437438957
00e12e8b_3607,11603.860593957148
00e12e8b_3608,11603.824552281982
00e12e8b_3609,11603.784836419272
00e12e8b_3610,11603.674817138051
00e12e8b_3611,11603.695005806841
00e12e8b_3612,11603.489690250244
00e12e8b_3613,11603.578304777142
00e12e8b_3614,11603.349889325871
00e12e8b_3615,11603.328854091043
00e12e8b_3616,11603.30957951693
00e12e8b_3617,11603.454393055146
00e12e8b_3618,11603.337669174194
00e12e8b_3619,11603.462824639133
00e12e8b_3620,11603.497716472935
00e12e8b_3621,11603.475024670655
00e12e8b_3622,11603.393534316492
00e12e8b_3623,11603.440354899483
00e12e8b_3624,11603.437260133222
00e12e8b_3625,11603.630394327012
00e12e8b_3626,11603.553088926352
00e12e8b_3627,11603.612151961166
00e12e8b_3628,11603.605997594093
00e12e8b_3629,11603.596550835304
00e12e8b_3630,11603.588371032114
00e12e8b_3631,11603.506674818891
00e12e8b_3632,11603.573223241641
00e12e8b_3633,11603.56659329354
00e12e8b_3634,11603.559992106797
00e12e8b_3635,11603.552837975572
00e12e8b_3636,11603.411619485603
00e12e8b_3637,11603.46005220383
00e12e8b_3638,11603.43374935463
00e12e8b_3639,11603.381080331099
00e12e8b_3640,11603.422373352547
00e12e8b_3641,11603.339591647855
00e12e8b_3642,11603.463171726624
00e12e8b_3643,11603.450125496336
00e12e8b_3644,11603.427206013626
00e12e8b_3645,11603.342312920144
00e12e8b_3646,11603.229819106147
00e12e8b_3647,11603.267875050156
00e12e8b_3648,11603.258689009414
00e12e8b_3649,11603.24361184688
00e12e8b_3650,11603.302232010965
00e12e8b_3651,11603.270266762574
00e12e8b_3652,11603.107219200141
00e12e8b_3653,11603.220325230008
00e12e8b_3654,11603.157010652585
00e12e8b_3655,11603.156195036518
00e12e8b_3656,11603.162790152885
00e12e8b_3657,11603.015910224547
00e12e8b_3658,11602.979726569894
00e12e8b_3659,11603.095301110421
00e12e8b_3660,11602.990651442418
00e12e8b_3661,11603.029076346007
00e12e8b_3662,11602.96638897134
00e12e8b_3663,11602.906974469071
00e12e8b_3664,11602.904346005897
00e12e8b_3665,11602.819899876207
00e12e8b_3666,11602.844559611467
00e12e8b_3667,11602.88890698928
00e12e8b_3668,11602.83313703529
00e12e8b_3669,11602.738919073996
00e12e8b_3670,11602.752280521638
00e12e8b_3671,11602.764298788647
00e12e8b_3672,11602.738331545861
00e12e8b_3673,11602.720531987497
00e12e8b_3674,11602.71359006552
00e12e8b_3675,11602.691271702308
00e12e8b_3676,11602.611835622229
00e12e8b_3677,11602.530882480696
00e12e8b_3678,11602.78820801232
00e12e8b_3679,11602.720794323313
00e12e8b_3680,11602.711034356935
00e12e8b_3681,11602.669476271753
00e12e8b_3682,11602.685582449722
00e12e8b_3683,11602.643740444058
00e12e8b_3684,11602.565048550616
00e12e8b_3685,11602.56960874675
00e12e8b_3686,11602.56750603829
00e12e8b_3687,11602.440082276122
00e12e8b_3688,11602.444210811509
00e12e8b_3689,11602.413297740417
00e12e8b_3690,11602.37978251671
00e12e8b_3691,11602.337627601382
00e12e8b_3692,11602.294152128046
00e12e8b_3693,11602.235313271114
00e12e8b_3694,11602.169059246007
00e12e8b_3695,11602.13943193691
00e12e8b_3696,11602.098018925302
00e12e8b_3697,11602.061568679139
00e12e8b_3698,11602.079133732224
00e12e8b_3699,11601.981751259173
00e12e8b_3700,11601.944882887821
00e12e8b_3701,11601.905851057354
00e12e8b_3702,11601.880630595895
00e12e8b_3703,11601.844544328802
00e12e8b_3704,11601.880837039565
00e12e8b_3705,11601.785605364643
00e12e8b_3706,11601.776688888087
00e12e8b_3707,11601.727179872058
00e12e8b_3708,11601.774349111574
00e12e8b_3709,11601.80108087842
00e12e8b_3710,11601.65125935078
00e12e8b_3711,11601.614509527712
00e12e8b_3712,11601.653665651418
00e12e8b_3713,11601.611606524079
00e12e8b_3714,11601.651969657654
00e12e8b_3715,11601.553473910473
00e12e8b_3716,11601.498635337843
00e12e8b_3717,11601.514987438655
00e12e8b_3718,11601.414706395499
00e12e8b_3719,11601.368311020697
00e12e8b_3720,11601.332637135625
00e12e8b_3721,11601.34690835369
00e12e8b_3722,11601.233140423174
00e12e8b_3723,11601.199996036357
00e12e8b_3724,11601.229801359814
00e12e8b_3725,11601.082181399914
00e12e8b_3726,11601.143801549526
00e12e8b_3727,11601.0502760819
00e12e8b_3728,11601.017620142355
00e12e8b_3729,11601.063897496248
00e12e8b_3730,11600.97688181086
00e12e8b_3731,11600.94573522853
00e12e8b_3732,11600.997089054134
00e12e8b_3733,11601.126326020134
00e12e8b_3734,11601.159943913077
00e12e8b_3735,11601.06845527049
00e12e8b_3736,11601.10711613304
00e12e8b_3737,11600.974793097557
00e12e8b_3738,11600.992807607954
00e12e8b_3739,11601.024541298753
00e12e8b_3740,11600.894126516157
00e12e8b_3741,11600.927344127456
00e12e8b_3742,11600.714009938323
00e12e8b_3743,11600.889279951927
00e12e8b_3744,11600.770329175462
00e12e8b_3745,11600.837183556774
00e12e8b_3746,11600.757774834312
00e12e8b_3747,11600.798405699155
00e12e8b_3748,11600.699926951358
00e12e8b_3749,11600.744413742914
00e12e8b_3750,11600.701162067544
00e12e8b_3751,11600.60902110619
00e12e8b_3752,11600.622901811605
00e12e8b_3753,11600.503674203279
00e12e8b_3754,11600.533817508884
00e12e8b_3755,11600.399547080666
00e12e8b_3756,11600.422590306818
00e12e8b_3757,11600.365732990464
00e12e8b_3758,11600.241205609884
00e12e8b_3759,11600.257413218587
00e12e8b_3760,11600.144613181905
00e12e8b_3761,11600.175835319063
00e12e8b_3762,11600.141759134189
00e12e8b_3763,11600.0344786769
00e12e8b_3764,11600.078545551954
00e12e8b_3765,11600.039123327664
00e12e8b_3766,11599.951369546618
00e12e8b_3767,11599.98807752336
00e12e8b_3768,11599.887802236268
00e12e8b_3769,11599.941195423935
00e12e8b_3770,11599.828360438421
00e12e8b_3771,11599.819343161402
00e12e8b_3772,11599.833779202787
00e12e8b_3773,11599.744781886082
00e12e8b_3774,11599.763354740326
00e12e8b_3775,11599.6849598841
00e12e8b_3776,11599.638866091182
00e12e8b_3777,11599.559292379066
00e12e8b_3778,11599.694610044251
00e12e8b_3779,11599.563379823385
00e12e8b_3780,11599.48465785409
00e12e8b_3781,11599.679334253813
00e12e8b_3782,11599.703689710585
00e12e8b_3783,11599.765434609813
00e12e8b_3784,11599.602430769184
00e12e8b_3785,11599.75253314611
00e12e8b_3786,11599.667931726752
00e12e8b_3787,11599.7255961747
00e12e8b_3788,11599.623410542617
00e12e8b_3789,11599.671114418903
00e12e8b_3790,11599.571249256005
00e12e8b_3791,11599.609578583724
00e12e8b_3792,11599.498333639409
00e12e8b_3793,11599.523701041036
00e12e8b_3794,11599.355611848037
00e12e8b_3795,11599.462704267244
00e12e8b_3796,11599.326197907094
00e12e8b_3797,11599.379051131527
00e12e8b_3798,11599.291008606333
00e12e8b_3799,11599.2919567545
00e12e8b_3800,11599.175919409367
00e12e8b_3801,11599.186354455169
00e12e8b_3802,11599.243911466418
00e12e8b_3803,11599.205168585097
00e12e8b_3804,11599.24419309854
00e12e8b_3805,11599.153067524025
00e12e8b_3806,11599.142024472148
00e12e8b_3807,11599.082714404722
00e12e8b_3808,11599.074416311532
00e12e8b_3809,11598.934163578135
00e12e8b_3810,11598.879110927566
00e12e8b_3811,11598.916362198132
00e12e8b_3812,11598.768412816838
00e12e8b_3813,11598.65640390447
00e12e8b_3814,11598.497073273473
00e12e8b_3815,11598.477539604335
00e12e8b_3816,11598.304827896576
00e12e8b_3817,11598.309694763293
00e12e8b_3818,11598.440762784317
00e12e8b_3819,11598.208426695162
00e12e8b_3820,11598.138388616091
00e12e8b_3821,11598.313825922001
00e12e8b_3822,11598.058999597075
00e12e8b_3823,11597.970876190668
00e12e8b_3824,11598.151890286015
00e12e8b_3825,11597.978127366421
00e12e8b_3826,11597.900698528361
00e12e8b_3827,11598.062123925822
00e12e8b_3828,11597.875762870837
00e12e8b_3829,11597.745866687781
00e12e8b_3830,11597.885341369747
00e12e8b_3831,11597.79242854412
00e12e8b_3832,11597.771478730394
00e12e8b_3833,11597.877087045807
00e12e8b_3834,11597.780844606556
00e12e8b_3835,11597.687442888151
00e12e8b_3836,11597.83103241634
00e12e8b_3837,11597.751520980606
00e12e8b_3838,11597.732392816033
00e12e8b_3839,11597.793529645935
00e12e8b_3840,11597.812101690823
00e12e8b_3841,11598.046503483527
00e12e8b_3842,11598.109371468558
00e12e8b_3843,11598.197932206498
00e12e8b_3844,11598.13269372257
00e12e8b_3845,11598.188495677037
00e12e8b_3846,11598.264000674915
00e12e8b_3847,11598.21159094472
00e12e8b_3848,11598.231260295297
00e12e8b_3849,11598.223390468045
00e12e8b_3850,11598.331293066716
00e12e8b_3851,11598.157570788955
00e12e8b_3852,11598.245648789176
00e12e8b_3853,11598.217886024731
00e12e8b_3854,11598.161682846294
00e12e8b_3855,11598.247555443304
00e12e8b_3856,11598.15626652549
00e12e8b_3857,11598.132677382899
00e12e8b_3858,11598.063933150172
00e12e8b_3859,11598.157593111757
00e12e8b_3860,11598.064532071938
00e12e8b_3861,11598.040260354526
00e12e8b_3862,11598.022829815425
00e12e8b_3863,11598.043257598556
00e12e8b_3864,11597.949972488226
00e12e8b_3865,11597.943593066422
00e12e8b_3866,11597.91438110249
00e12e8b_3867,11597.968603836029
00e12e8b_3868,11597.837283557068
00e12e8b_3869,11597.843935846071
00e12e8b_3870,11597.820280468875
00e12e8b_3871,11597.786711769411
00e12e8b_3872,11597.73436906253
00e12e8b_3873,11597.699733914327
00e12e8b_3874,11597.708688761219
00e12e8b_3875,11597.766264166963
00e12e8b_3876,11597.670564886132
00e12e8b_3877,11597.616426982406
00e12e8b_3878,11597.671058295211
00e12e8b_3879,11597.62503089854
00e12e8b_3880,11597.523636430466
00e12e8b_3881,11597.60660512053
00e12e8b_3882,11597.661701019988
00e12e8b_3883,11597.423958595304
00e12e8b_3884,11597.676810637475
00e12e8b_3885,11597.743521427052
00e12e8b_3886,11597.657913217503
00e12e8b_3887,11597.640988103265
00e12e8b_3888,11597.695209528083
00e12e8b_3889,11597.61436638521
00e12e8b_3890,11597.635550348446
00e12e8b_3891,11597.610567452615
00e12e8b_3892,11597.639922796112
00e12e8b_3893,11597.526038786147
00e12e8b_3894,11597.505413222501
00e12e8b_3895,11597.572874661999
00e12e8b_3896,11597.431172423767
00e12e8b_3897,11597.396905925689
00e12e8b_3898,11597.528324253713
00e12e8b_3899,11597.38870705116
00e12e8b_3900,11597.414945349527
00e12e8b_3901,11597.46127413108
00e12e8b_3902,11597.36684057444
00e12e8b_3903,11597.334818593688
00e12e8b_3904,11597.373618963707
00e12e8b_3905,11597.270951962932
00e12e8b_3906,11597.113328894347
00e12e8b_3907,11597.24668529848
00e12e8b_3908,11597.183140709194
00e12e8b_3909,11597.207418699412
00e12e8b_3910,11597.0994429118
00e12e8b_3911,11597.07311809468
00e12e8b_3912,11597.10700452384
00e12e8b_3913,11597.004442368876
00e12e8b_3914,11596.971090011608
00e12e8b_3915,11597.0118093602
00e12e8b_3916,11596.919475041692
00e12e8b_3917,11596.89635559187
00e12e8b_3918,11596.939976914062
00e12e8b_3919,11596.720143771709
00e12e8b_3920,11596.760791177905
00e12e8b_3921,11596.664953902571
00e12e8b_3922,11596.632950078581
00e12e8b_3923,11596.67293594974
00e12e8b_3924,11596.561099836857
00e12e8b_3925,11596.609958638865
00e12e8b_3926,11596.503330784064
00e12e8b_3927,11596.465615785979
00e12e8b_3928,11596.464772092297
00e12e8b_3929,11596.37351105718
00e12e8b_3930,11596.398474222504
00e12e8b_3931,11596.337155233354
00e12e8b_3932,11596.332158982008
00e12e8b_3933,11596.32153979464
00e12e8b_3934,11596.273273810839
00e12e8b_3935,11596.400054980986
00e12e8b_3936,11596.296375958644
00e12e8b_3937,11596.29403112174
00e12e8b_3938,11596.15375361172
00e12e8b_3939,11596.185659168932
00e12e8b_3940,11596.238737215444
00e12e8b_3941,11595.94954753474
00e12e8b_3942,11596.016627585366
00e12e8b_3943,11596.05583457453
00e12e8b_3944,11596.052034022647
00e12e8b_3945,11595.848649526193
00e12e8b_3946,11595.90581434059
00e12e8b_3947,11595.961935679328
00e12e8b_3948,11595.873981886441
00e12e8b_3949,11596.258690608172
00e12e8b_3950,11596.142417583806
00e12e8b_3951,11596.26963963313
00e12e8b_3952,11596.135747053639
00e12e8b_3953,11596.261386092898
00e12e8b_3954,11596.058962411787
00e12e8b_3955,11596.104691419576
00e12e8b_3956,11595.979411019585
00e12e8b_3957,11596.011844761175
00e12e8b_3958,11596.000123092963
00e12e8b_3959,11596.036003090492
00e12e8b_3960,11595.828232895014
00e12e8b_3961,11595.971640599993
00e12e8b_3962,11595.866361097493
00e12e8b_3963,11595.909448973034
00e12e8b_3964,11595.884455401354
00e12e8b_3965,11595.796242981229
00e12e8b_3966,11595.743717328476
00e12e8b_3967,11595.714260549059
00e12e8b_3968,11595.622422571554
00e12e8b_3969,11595.614290676098
00e12e8b_3970,11595.660966975594
00e12e8b_3971,11595.675134056488
00e12e8b_3972,11595.607116902227
00e12e8b_3973,11595.606078021092
00e12e8b_3974,11595.514112561268
00e12e8b_3975,11595.413955422593
00e12e8b_3976,11595.409475606215
00e12e8b_3977,11595.35788646448
00e12e8b_3978,11595.368985407658
00e12e8b_3979,11595.412169878293
00e12e8b_3980,11595.369068226924
00e12e8b_3981,11595.269473685754
00e12e8b_3982,11595.301219660187
00e12e8b_3983,11595.27496946139
00e12e8b_3984,11595.242716332725
00e12e8b_3985,11595.221830389484
00e12e8b_3986,11595.31637920402
00e12e8b_3987,11595.359448113988
00e12e8b_3988,11595.300543541762
00e12e8b_3989,11595.274482955196
00e12e8b_3990,11595.235203523915
00e12e8b_3991,11595.194703603134
00e12e8b_3992,11595.135116957033
00e12e8b_3993,11595.023887286474
00e12e8b_3994,11594.975888412957
00e12e8b_3995,11594.9881912417
00e12e8b_3996,11594.944538423655
00e12e8b_3997,11594.899791793192
00e12e8b_3998,11594.772278191625
00e12e8b_3999,11594.794015604593
00e12e8b_4000,11594.734361269257
00e12e8b_4001,11594.676200149082
00e12e8b_4002,11594.626713827816
00e12e8b_4003,11594.561374145585
00e12e8b_4004,11594.516572138742
00e12e8b_4005,11594.372291281685
00e12e8b_4006,11594.310305492998
00e12e8b_4007,11594.251324550347
00e12e8b_4008,11594.1927289296
00e12e8b_4009,11594.138773315424
00e12e8b_4010,11594.044017634693
00e12e8b_4011,11593.985835339186
00e12e8b_4012,11593.920974304132
00e12e8b_4013,11593.846747554642
00e12e8b_4014,11593.903756962847
00e12e8b_4015,11593.752328108741
00e12e8b_4016,11593.662977567528
00e12e8b_4017,11593.587127963565
00e12e8b_4018,11593.508639610161
00e12e8b_4019,11593.455442477312
00e12e8b_4020,11593.344648241917
00e12e8b_4021,11593.411560525823
00e12e8b_4022,11593.360411276979
00e12e8b_4023,11593.303764195309
00e12e8b_4024,11593.253548792043
00e12e8b_4025,11593.105377456031
00e12e8b_4026,11593.245202149483
00e12e8b_4027,11593.1348487143
00e12e8b_4028,11593.092308923333
00e12e8b_4029,11593.053184033812
00e12e8b_4030,11593.082746344115
00e12e8b_4031,11592.970792504375
00e12e8b_4032,11592.938158345254
00e12e8b_4033,11592.909968928641
00e12e8b_4034,11592.94767920013
00e12e8b_4035,11592.84438892054
00e12e8b_4036,11592.805262415004
00e12e8b_4037,11592.825994263821
00e12e8b_4038,11592.708366782052
00e12e8b_4039,11592.692259448484
00e12e8b_4040,11592.715058555234
00e12e8b_4041,11592.595000865716
00e12e8b_4042,11592.630505353509
00e12e8b_4043,11592.394091635146
00e12e8b_4044,11592.353957911495
00e12e8b_4045,11592.480248040472
00e12e8b_4046,11592.25457796898
00e12e8b_4047,11592.271051334654
00e12e8b_4048,11592.29740251834
00e12e8b_4049,11592.115352465567
00e12e8b_4050,11592.097384954603
00e12e8b_4051,11591.973516215427
00e12e8b_4052,11592.045544550298
00e12e8b_4053,11591.782905065886
00e12e8b_4054,11591.710973954945
00e12e8b_4055,11591.883195972727
00e12e8b_4056,11591.84076247241
00e12e8b_4057,11591.924013003776
00e12e8b_4058,11591.877521383416
00e12e8b_4059,11591.82767422141
00e12e8b_4060,11591.773398746034
00e12e8b_4061,11591.731539345823
00e12e8b_4062,11591.682207063766
00e12e8b_4063,11591.613013067818
00e12e8b_4064,11591.412934890886
00e12e8b_4065,11591.535634363874
00e12e8b_4066,11591.436295421094
00e12e8b_4067,11591.46299593645
00e12e8b_4068,11591.41011024231
00e12e8b_4069,11591.414529585985
00e12e8b_4070,11591.319670136503
00e12e8b_4071,11591.380826933782
00e12e8b_4072,11591.319503717019
00e12e8b_4073,11591.072222930909
00e12e8b_4074,11591.245700093925
00e12e8b_4075,11591.072779166636
00e12e8b_4076,11591.165473500969
00e12e8b_4077,11591.069936583972
00e12e8b_4078,11591.095804687233
00e12e8b_4079,11590.835010912206
00e12e8b_4080,11590.98746985322
00e12e8b_4081,11590.882090820814
00e12e8b_4082,11590.700005128423
00e12e8b_4083,11590.825197013328
00e12e8b_4084,11590.732025175093
00e12e8b_4085,11590.704353872186
00e12e8b_4086,11590.801265924707
00e12e8b_4087,11590.609963208095
00e12e8b_4088,11590.799625651045
00e12e8b_4089,11591.073184634317
00e12e8b_4090,11591.077015700452
00e12e8b_4091,11591.060563870495
00e12e8b_4092,11591.045189688452
00e12e8b_4093,11591.01552725709
00e12e8b_4094,11591.010516917362
00e12e8b_4095,11590.975537073302
00e12e8b_4096,11590.93960095498
00e12e8b_4097,11590.901929769254
00e12e8b_4098,11590.870197126147
00e12e8b_4099,11590.777568416226
00e12e8b_4100,11590.795236419604
00e12e8b_4101,11590.76781403294
00e12e8b_4102,11590.733249170436
00e12e8b_4103,11590.648355178519
00e12e8b_4104,11590.674766260408
00e12e8b_4105,11590.641302452694
00e12e8b_4106,11590.557614195768
00e12e8b_4107,11590.590555025936
00e12e8b_4108,11590.5570072089
00e12e8b_4109,11590.474845477536
00e12e8b_4110,11590.506739459686
00e12e8b_4111,11590.22539302514
00e12e8b_4112,11590.453856264128
00e12e8b_4113,11590.364819107734
00e12e8b_4114,11590.413613017818
00e12e8b_4115,11590.330750149002
00e12e8b_4116,11590.29760802402
00e12e8b_4117,11590.184153989307
00e12e8b_4118,11590.23467791509
00e12e8b_4119,11590.191341045904
00e12e8b_4120,11590.12129760888
00e12e8b_4121,11590.136949641208
00e12e8b_4122,11590.030421961328
00e12e8b_4123,11590.023401860748
00e12e8b_4124,11590.035229318411
00e12e8b_4125,11589.991011748505
00e12e8b_4126,11589.919881847112
00e12e8b_4127,11589.891899839895
00e12e8b_4128,11589.869621843382
00e12e8b_4129,11589.829573058534
00e12e8b_4130,11589.798915810847
00e12e8b_4131,11589.631817213072
00e12e8b_4132,11589.597589603363
00e12e8b_4133,11589.559615523009
00e12e8b_4134,11589.525018135046
00e12e8b_4135,11589.508016999142
00e12e8b_4136,11589.398199554944
00e12e8b_4137,11589.460142324058
00e12e8b_4138,11589.471852105744
00e12e8b_4139,11589.328036996245
00e12e8b_4140,11589.376548263042
00e12e8b_4141,11589.344440710087
00e12e8b_4142,11589.267563170079
00e12e8b_4143,11589.328500473666
00e12e8b_4144,11589.225559415425
00e12e8b_4145,11589.330538686885
00e12e8b_4146,11589.152544369834
00e12e8b_4147,11589.338734302528
00e12e8b_4148,11589.178716510722
00e12e8b_4149,11589.108395052184
00e12e8b_4150,11589.298098432631
00e12e8b_4151,11589.072074324838
00e12e8b_4152,11589.048128317534
00e12e8b_4153,11589.099043011256
00e12e8b_4154,11589.049101595307
00e12e8b_4155,11589.076440525134
00e12e8b_4156,11589.07007180843
00e12e8b_4157,11589.076394687847
00e12e8b_4158,11588.915296987327
00e12e8b_4159,11589.067065885816
00e12e8b_4160,11589.219462080377
00e12e8b_4161,11589.131282238048
00e12e8b_4162,11589.289800135182
00e12e8b_4163,11589.242318690984
00e12e8b_4164,11589.270860752027
00e12e8b_4165,11589.299343507008
00e12e8b_4166,11589.196567560648
00e12e8b_4167,11589.11961395771
00e12e8b_4168,11589.220875072748
00e12e8b_4169,11589.215188872018
00e12e8b_4170,11589.211172984418
00e12e8b_4171,11589.111181069837
00e12e8b_4172,11589.155360643854
00e12e8b_4173,11589.172943972368
00e12e8b_4174,11589.19530625713
00e12e8b_4175,11589.139129605843
00e12e8b_4176,11589.284115996945
00e12e8b_4177,11589.092952185667
00e12e8b_4178,11589.128753641822
00e12e8b_4179,11589.285197495254
00e12e8b_4180,11589.157178261266
00e12e8b_4181,11588.989232746762
00e12e8b_4182,11589.241368459847
00e12e8b_4183,11589.029612539216
00e12e8b_4184,11589.230237273461
00e12e8b_4185,11589.11667278442
00e12e8b_4186,11589.280238109368
00e12e8b_4187,11589.242815283074
00e12e8b_4188,11589.109733430683
00e12e8b_4189,11589.12715649731
00e12e8b_4190,11589.254857528478
00e12e8b_4191,11589.263040823585
00e12e8b_4192,11589.310608541562
00e12e8b_4193,11589.342352214819
00e12e8b_4194,11589.39495002081
00e12e8b_4195,11589.69295252085
00e12e8b_4196,11589.7453406947
00e12e8b_4197,11589.760284358494
00e12e8b_4198,11589.826657031786
00e12e8b_4199,11589.816543753463
00e12e8b_4200,11589.878194736804
00e12e8b_4201,11589.854937825803
00e12e8b_4202,11589.6217854675
00e12e8b_4203,11589.621735943327
00e12e8b_4204,11589.632563926092
00e12e8b_4205,11589.613910020249
00e12e8b_4206,11589.723194067117
00e12e8b_4207,11589.642164158755
00e12e8b_4208,11589.695849831387
00e12e8b_4209,11589.683828797391
00e12e8b_4210,11589.683197296497
00e12e8b_4211,11589.706567247176
00e12e8b_4212,11589.752603129491
00e12e8b_4213,11589.700934118398
00e12e8b_4214,11589.826979275529
00e12e8b_4215,11589.829791914799
00e12e8b_4216,11589.820819368471
00e12e8b_4217,11589.776452661925
00e12e8b_4218,11589.843056876593
00e12e8b_4219,11589.814159781852
00e12e8b_4220,11589.825183398225
00e12e8b_4221,11589.892056217783
00e12e8b_4222,11590.1191872352
00e12e8b_4223,11590.155886466751
00e12e8b_4224,11589.987908791256
00e12e8b_4225,11590.134230188054
00e12e8b_4226,11589.930419120732
00e12e8b_4227,11589.971798394121
00e12e8b_4228,11590.18910793656
00e12e8b_4229,11590.227013078837
00e12e8b_4230,11590.250572243025
00e12e8b_4231,11590.231372675567
00e12e8b_4232,11590.291214778594
00e12e8b_4233,11590.27427447494
00e12e8b_4234,11590.353449756707
00e12e8b_4235,11590.337326436867
00e12e8b_4236,11590.12563564067
00e12e8b_4237,11590.09381060851
00e12e8b_4238,11590.404381344642
00e12e8b_4239,11590.39946824594
00e12e8b_4240,11590.43380765005
00e12e8b_4241,11590.409545599774
00e12e8b_4242,11590.481010136395
00e12e8b_4243,11590.451963625663
00e12e8b_4244,11590.498368469352
00e12e8b_4245,11590.475442394163
00e12e8b_4246,11590.522090659211
00e12e8b_4247,11590.211019489085
00e12e8b_4248,11590.510262283959
00e12e8b_4249,11590.560213893956
00e12e8b_4250,11590.527295491964
00e12e8b_4251,11590.57692104998
00e12e8b_4252,11590.562664793742
00e12e8b_4253,11590.623876640555
00e12e8b_4254,11590.600418930931
00e12e8b_4255,11590.598364263295
00e12e8b_4256,11590.64350799772
00e12e8b_4257,11590.68976924929
00e12e8b_4258,11590.577891500436
00e12e8b_4259,11590.71188277444
00e12e8b_4260,11590.712372518832
00e12e8b_4261,11590.48764052806
00e12e8b_4262,11590.539428146734
00e12e8b_4263,11590.56922278058
00e12e8b_4264,11590.579013677083
00e12e8b_4265,11590.700647431004
00e12e8b_4266,11590.863832490842
00e12e8b_4267,11590.932643193473
00e12e8b_4268,11591.005271817841
00e12e8b_4269,11591.009418529413
00e12e8b_4270,11591.303974440252
00e12e8b_4271,11591.36982250046
00e12e8b_4272,11591.209696880142
00e12e8b_4273,11591.392011528638
00e12e8b_4274,11591.435369088935
00e12e8b_4275,11591.241886282914
00e12e8b_4276,11591.464214337648
00e12e8b_4277,11591.192871746236
00e12e8b_4278,11591.539010355447
00e12e8b_4279,11591.537124069308
00e12e8b_4280,11591.597465569408
00e12e8b_4281,11591.581162354523
00e12e8b_4282,11591.642756658837
00e12e8b_4283,11591.63498254047
00e12e8b_4284,11591.692195878863
00e12e8b_4285,11591.682058654198
00e12e8b_4286,11591.636134341987
00e12e8b_4287,11591.661148553581
00e12e8b_4288,11591.647437002883
00e12e8b_4289,11591.718570895615
00e12e8b_4290,11591.642520798569
00e12e8b_4291,11591.646863255051
00e12e8b_4292,11591.76764556071
00e12e8b_4293,11591.82604684105
00e12e8b_4294,11591.794244735729
00e12e8b_4295,11591.855119274027
00e12e8b_4296,11591.867551494126
00e12e8b_4297,11591.86795846691
00e12e8b_4298,11591.923720761863
00e12e8b_4299,11591.742061866342
00e12e8b_4300,11591.989892348765
00e12e8b_4301,11591.810036389841
00e12e8b_4302,11592.162861386252
00e12e8b_4303,11592.194050032813
00e12e8b_4304,11592.16980557233
00e12e8b_4305,11592.385485942137
00e12e8b_4306,11592.205199434931
00e12e8b_4307,11592.51625057814
00e12e8b_4308,11592.270195196534
00e12e8b_4309,11592.328067014172
00e12e8b_4310,11592.339050999077
00e12e8b_4311,11592.32016502557
00e12e8b_4312,11592.36787622162
00e12e8b_4313,11592.36060718304
00e12e8b_4314,11592.612463996906
00e12e8b_4315,11592.585845875792
00e12e8b_4316,11592.641619990298
00e12e8b_4317,11592.656789299172
00e12e8b_4318,11592.630593589638
00e12e8b_4319,11592.700662303154
00e12e8b_4320,11592.672810515785
00e12e8b_4321,11592.716250707028
00e12e8b_4322,11592.725120315754
00e12e8b_4323,11592.517902503485
00e12e8b_4324,11592.586423366865
00e12e8b_4325,11592.775568143297
00e12e8b_4326,11592.797557879434
00e12e8b_4327,11592.641206979555
00e12e8b_4328,11592.840936310431
00e12e8b_4329,11592.894349052916
00e12e8b_4330,11592.909124279091
00e12e8b_4331,11592.895632320517
00e12e8b_4332,11592.94237177668
00e12e8b_4333,11592.923716131809
00e12e8b_4334,11592.974715591401
00e12e8b_4335,11592.992781474284
00e12e8b_4336,11592.985618580977
00e12e8b_4337,11593.039955696042
00e12e8b_4338,11592.804295969076
00e12e8b_4339,11592.852414176496
00e12e8b_4340,11592.8626515455
00e12e8b_4341,11592.89198069254
00e12e8b_4342,11592.978517949776
00e12e8b_4343,11593.192328232526
00e12e8b_4344,11593.256416811972
00e12e8b_4345,11593.354568925526
00e12e8b_4346,11593.177027308757
00e12e8b_4347,11593.483691068659
00e12e8b_4348,11593.309784199511
00e12e8b_4349,11593.415852169725
00e12e8b_4350,11593.47447256497
00e12e8b_4351,11593.48542766057
00e12e8b_4352,11593.59174766669
00e12e8b_4353,11593.814060767629
00e12e8b_4354,11593.793423500705
00e12e8b_4355,11593.9232402759
00e12e8b_4356,11593.907472270474
00e12e8b_4357,11593.95797741356
00e12e8b_4358,11593.935834156111
00e12e8b_4359,11593.996673380914
00e12e8b_4360,11594.03076501168
00e12e8b_4361,11594.017053719726
00e12e8b_4362,11594.061329918399
00e12e8b_4363,11594.065423857299
00e12e8b_4364,11594.126215466706
00e12e8b_4365,11593.921971390586
00e12e8b_4366,11593.965886930975
00e12e8b_4367,11593.983295347349
00e12e8b_4368,11594.151203799855
00e12e8b_4369,11594.051894625558
00e12e8b_4370,11594.04064419908
00e12e8b_4371,11594.120800722121
00e12e8b_4372,11594.358361635144
00e12e8b_4373,11594.516189327936
00e12e8b_4374,11594.361527057128
00e12e8b_4375,11594.440121609245
00e12e8b_4376,11594.50120789124
00e12e8b_4377,11594.595424238974
00e12e8b_4378,11594.64351883224
00e12e8b_4379,11594.611695202791
00e12e8b_4380,11594.655974711908
00e12e8b_4381,11594.670801693372
00e12e8b_4382,11594.637942252695
00e12e8b_4383,11594.679662752536
00e12e8b_4384,11594.665696075028
00e12e8b_4385,11594.711880601777
00e12e8b_4386,11594.536690934627
00e12e8b_4387,11594.698806553532
00e12e8b_4388,11594.672115808968
00e12e8b_4389,11594.58699214494
00e12e8b_4390,11594.723605560062
00e12e8b_4391,11594.841897022783
00e12e8b_4392,11594.836092846304
00e12e8b_4393,11594.746078377366
00e12e8b_4394,11594.780781152256
00e12e8b_4395,11594.89474829719
00e12e8b_4396,11594.962886955349
00e12e8b_4397,11594.962896844647
00e12e8b_4398,11595.018322531538
00e12e8b_4399,11594.811045117083
00e12e8b_4400,11595.05709358357
00e12e8b_4401,11595.028891241062
00e12e8b_4402,11595.107785133798
00e12e8b_4403,11595.126061192099
00e12e8b_4404,11595.123566601987
00e12e8b_4405,11595.201065148582
00e12e8b_4406,11595.218651848036
00e12e8b_4407,11595.297117811964
00e12e8b_4408,11595.563390626552
00e12e8b_4409,11595.566193242827
00e12e8b_4410,11595.658474584765
00e12e8b_4411,11595.737491189351
00e12e8b_4412,11595.683383821477
00e12e8b_4413,11595.812937444945
00e12e8b_4414,11595.810243908614
00e12e8b_4415,11595.815814237361
00e12e8b_4416,11595.830524194907
00e12e8b_4417,11595.901964340816
00e12e8b_4418,11595.890572009153
00e12e8b_4419,11595.954564719648
00e12e8b_4420,11595.922768338403
00e12e8b_4421,11595.991840427067
00e12e8b_4422,11595.976382246248
00e12e8b_4423,11596.026461036174
00e12e8b_4424,11596.046057690444
00e12e8b_4425,11596.028831198058
00e12e8b_4426,11595.951399375484
00e12e8b_4427,11595.940926923657
00e12e8b_4428,11596.121656381927
00e12e8b_4429,11596.105721703612
00e12e8b_4430,11596.162221500705
00e12e8b_4431,11596.095559216628
00e12e8b_4432,11596.207901236305
00e12e8b_4433,11596.088318320191
00e12e8b_4434,11596.229482333412
00e12e8b_4435,11596.174456574421
00e12e8b_4436,11596.10779181396
00e12e8b_4437,11596.137855238354
00e12e8b_4438,11596.108001346945
00e12e8b_4439,11596.270784042967
00e12e8b_4440,11596.298658683801
00e12e8b_4441,11596.256916022969
00e12e8b_4442,11596.360226637567
00e12e8b_4443,11596.329351955643
00e12e8b_4444,11596.37827458226
00e12e8b_4445,11596.344869239394
00e12e8b_4446,11596.398246174056
00e12e8b_4447,11596.414025672779
00e12e8b_4448,11596.377305205042
00e12e8b_4449,11596.43263357934
00e12e8b_4450,11596.442429151519
00e12e8b_4451,11596.415204255902
00e12e8b_4452,11596.468703671906
00e12e8b_4453,11596.483413525673
00e12e8b_4454,11596.367719005226
00e12e8b_4455,11596.502807448958
00e12e8b_4456,11596.522100498036
00e12e8b_4457,11596.488639017452
00e12e8b_4458,11596.549840095615
00e12e8b_4459,11596.560246599363
00e12e8b_4460,11596.530379193307
00e12e8b_4461,11596.586205757729
00e12e8b_4462,11596.599901754498
00e12e8b_4463,11596.571966472502
00e12e8b_4464,11596.620408958304
00e12e8b_4465,11596.641438295032
00e12e8b_4466,11596.658071600925
00e12e8b_4467,11596.635224049642
00e12e8b_4468,11596.688191966685
00e12e8b_4469,11596.694231464078
00e12e8b_4470,11596.59723347605
00e12e8b_4471,11596.599933428359
00e12e8b_4472,11596.74138113587
00e12e8b_4473,11596.762422403219
00e12e8b_4474,11596.677824251154
00e12e8b_4475,11596.66946630487
00e12e8b_4476,11596.71844084914
00e12e8b_4477,11596.771692233684
00e12e8b_4478,11596.870206351989
00e12e8b_4479,11596.848031904177
00e12e8b_4480,11596.816514841543
00e12e8b_4481,11596.916623340741
00e12e8b_4482,11596.926015857469
00e12e8b_4483,11596.964431009756
00e12e8b_4484,11596.958600538412
00e12e8b_4485,11596.898165411092
00e12e8b_4486,11596.996071429812
00e12e8b_4487,11596.923107314902
00e12e8b_4488,11596.966168440047
00e12e8b_4489,11597.045192144762
00e12e8b_4490,11597.020337969585
00e12e8b_4491,11597.003775096247
00e12e8b_4492,11597.101359284787
00e12e8b_4493,11597.096475874294
00e12e8b_4494,11597.087120484553
00e12e8b_4495,11597.106305572677
00e12e8b_4496,11597.11155230498
00e12e8b_4497,11597.141365730873
00e12e8b_4498,11597.16010258602
00e12e8b_4499,11597.12125058041
00e12e8b_4500,11597.197581382665
00e12e8b_4501,11597.266105415074
00e12e8b_4502,11597.243976612068
00e12e8b_4503,11597.26643034978
00e12e8b_4504,11597.279333131728
00e12e8b_4505,11597.24371167773
00e12e8b_4506,11597.388624564224
00e12e8b_4507,11597.375503504156
00e12e8b_4508,11597.393850607934
00e12e8b_4509,11597.470606531304
00e12e8b_4510,11597.453628140225
00e12e8b_4511,11597.487949799935
00e12e8b_4512,11597.55071803633
00e12e8b_4513,11597.770320456455
00e12e8b_4514,11597.825569890963
00e12e8b_4515,11597.899780907213
00e12e8b_4516,11597.880587628933
00e12e8b_4517,11597.930190029416
00e12e8b_4518,11597.85176166
00e12e8b_4519,11597.958253103767
00e12e8b_4520,11597.98008241876
00e12e8b_4521,11598.02274109477
00e12e8b_4522,11598.048985278372
00e12e8b_4523,11598.064117178215
00e12e8b_4524,11598.084541662216
00e12e8b_4525,11598.109727963525
00e12e8b_4526,11598.199914474684
00e12e8b_4527,11598.060467398915
00e12e8b_4528,11598.127462836208
00e12e8b_4529,11598.254034160447
00e12e8b_4530,11598.270892150314
00e12e8b_4531,11598.315577136196
00e12e8b_4532,11598.368590444203
00e12e8b_4533,11598.378078549998
00e12e8b_4534,11598.32377744503
00e12e8b_4535,11598.34400248577
00e12e8b_4536,11598.3499790046
00e12e8b_4537,11598.475822233406
00e12e8b_4538,11598.40576105197
00e12e8b_4539,11598.425000246581
00e12e8b_4540,11598.429964727382
00e12e8b_4541,11598.503868048083
00e12e8b_4542,11598.493746548456
00e12e8b_4543,11598.49381055138
00e12e8b_4544,11598.43144930193
00e12e8b_4545,11598.524055784072
00e12e8b_4546,11598.489775378977
00e12e8b_4547,11598.5062310336
00e12e8b_4548,11598.566501749567
00e12e8b_4549,11598.571618505282
00e12e8b_4550,11598.534696990315
00e12e8b_4551,11598.553398474123
00e12e8b_4552,11598.495056197256
00e12e8b_4553,11598.566714196326
00e12e8b_4554,11598.529197944908
00e12e8b_4555,11598.541377513324
00e12e8b_4556,11598.531168359488
00e12e8b_4557,11598.541340040969
00e12e8b_4558,11598.57415039288
00e12e8b_4559,11598.50880511331
00e12e8b_4560,11598.595678576437
00e12e8b_4561,11598.55808939416
00e12e8b_4562,11598.589807600612
00e12e8b_4563,11598.574347771555
00e12e8b_4564,11598.610020286756
00e12e8b_4565,11598.588674594492
00e12e8b_4566,11598.628263862098
00e12e8b_4567,11598.54066529938
00e12e8b_4568,11598.580560016148
00e12e8b_4569,11598.604285382473
00e12e8b_4570,11598.601091568516
00e12e8b_4571,11598.589162645838
00e12e8b_4572,11598.617853726677
00e12e8b_4573,11598.651264936429
00e12e8b_4574,11598.629303039936
00e12e8b_4575,11598.73033769201
00e12e8b_4576,11598.664014845377
00e12e8b_4577,11598.522619050542
00e12e8b_4578,11598.68554595206
00e12e8b_4579,11598.670776567764
00e12e8b_4580,11598.683734788263
00e12e8b_4581,11598.725503897625
00e12e8b_4582,11598.82473761049
00e12e8b_4583,11598.947740626818
00e12e8b_4584,11598.94117358168
00e12e8b_4585,11598.997870090996
00e12e8b_4586,11598.965783708249
00e12e8b_4587,11598.98175244392
00e12e8b_4588,11598.95308966371
00e12e8b_4589,11599.00364760771
00e12e8b_4590,11599.004629725841
00e12e8b_4591,11599.000180108793
00e12e8b_4592,11598.96095075806
00e12e8b_4593,11599.01089855988
00e12e8b_4594,11598.992687091184
00e12e8b_4595,11599.032204113668
00e12e8b_4596,11599.036238803035
00e12e8b_4597,11599.042226368847
00e12e8b_4598,11599.051508909146
00e12e8b_4599,11599.060558657056
00e12e8b_4600,11599.017277193054
00e12e8b_4601,11599.06902525316
00e12e8b_4602,11599.0698405882
00e12e8b_4603,11599.081056127012
00e12e8b_4604,11599.081003368266
00e12e8b_4605,11599.08195016091
00e12e8b_4606,11599.103741161407
00e12e8b_4607,11599.102067435122
00e12e8b_4608,11599.108170143712
00e12e8b_4609,11599.09046971195
00e12e8b_4610,11599.090267911655
00e12e8b_4611,11599.097148630555
00e12e8b_4612,11599.186598291451
00e12e8b_4613,11599.118956874594
00e12e8b_4614,11599.135015531345
00e12e8b_4615,11599.17349279592
00e12e8b_4616,11599.168584837276
00e12e8b_4617,11599.126260912548
00e12e8b_4618,11599.430219699745
00e12e8b_4619,11599.479932055627
00e12e8b_4620,11599.489520134292
00e12e8b_4621,11599.506135511016
00e12e8b_4622,11599.520558079266
00e12e8b_4623,11599.53086109314
00e12e8b_4624,11599.528124615668
00e12e8b_4625,11599.53418725323
00e12e8b_4626,11599.478081502879
00e12e8b_4627,11599.542457818708
00e12e8b_4628,11599.480386435962
00e12e8b_4629,11599.489615089462
00e12e8b_4630,11599.514254692236
00e12e8b_4631,11599.581548353086
00e12e8b_4632,11599.53228315224
00e12e8b_4633,11599.590550685105
00e12e8b_4634,11599.559912976409
00e12e8b_4635,11599.569765586446
00e12e8b_4636,11599.56229402087
00e12e8b_4637,11599.370907534647
00e12e8b_4638,11599.608484479164
00e12e8b_4639,11599.611397391347
00e12e8b_4640,11599.627391951404
00e12e8b_4641,11599.632129923342
00e12e8b_4642,11599.591958402509
00e12e8b_4643,11599.644630344836
00e12e8b_4644,11599.645369059283
00e12e8b_4645,11599.637338289524
00e12e8b_4646,11599.705727646902
00e12e8b_4647,11599.67713330224
00e12e8b_4648,11599.684064861971
00e12e8b_4649,11599.695967571886
00e12e8b_4650,11599.712870016812
00e12e8b_4651,11599.75577770966
00e12e8b_4652,11599.820738260258
00e12e8b_4653,11599.756117868346
00e12e8b_4654,11599.78957044087
00e12e8b_4655,11599.739262882693
00e12e8b_4656,11599.784309468558
00e12e8b_4657,11599.783222507802
00e12e8b_4658,11599.751793362091
00e12e8b_4659,11599.727953868278
00e12e8b_4660,11599.72744150494
00e12e8b_4661,11599.781162255362
00e12e8b_4662,11599.715665143129
00e12e8b_4663,11599.726926248382
00e12e8b_4664,11599.724917068168
00e12e8b_4665,11599.723730240315
00e12e8b_4666,11599.756024124772
00e12e8b_4667,11599.77413647735
00e12e8b_4668,11599.763009623239
00e12e8b_4669,11599.77263180415
00e12e8b_4670,11599.840582678646
00e12e8b_4671,11599.774743510088
00e12e8b_4672,11599.784511189839
00e12e8b_4673,11599.79466737967
00e12e8b_4674,11599.809232193305
00e12e8b_4675,11599.81583023321
00e12e8b_4676,11599.820445063318
00e12e8b_4677,11599.800709183119
00e12e8b_4678,11599.831856027306
00e12e8b_4679,11599.87024302534
00e12e8b_4680,11599.851984805213
00e12e8b_4681,11599.871133915822
00e12e8b_4682,11599.856531653426
00e12e8b_4683,11599.838002384504
00e12e8b_4684,11599.875941621385
00e12e8b_4685,11599.877527109049
00e12e8b_4686,11599.87564812126
00e12e8b_4687,11599.898493655703
00e12e8b_4688,11599.844317867817
00e12e8b_4689,11600.019990112325
00e12e8b_4690,11600.035995578122
00e12e8b_4691,11600.05235881781
00e12e8b_4692,11599.992560349216
00e12e8b_4693,11600.06706501314
00e12e8b_4694,11600.07145758
00e12e8b_4695,11600.11703692983
00e12e8b_4696,11600.052513320536
00e12e8b_4697,11600.099648529675
00e12e8b_4698,11600.086315626919
00e12e8b_4699,11600.077091726105
00e12e8b_4700,11600.0992984062
00e12e8b_4701,11600.045690073364
00e12e8b_4702,11600.126156770202
00e12e8b_4703,11600.179439362697
00e12e8b_4704,11600.142162142707
00e12e8b_4705,11600.178619830973
00e12e8b_4706,11600.166178798383
00e12e8b_4707,11600.171246362266
00e12e8b_4708,11600.175591294766
00e12e8b_4709,11600.192527823128
00e12e8b_4710,11600.241184658746
00e12e8b_4711,11600.207286650302
00e12e8b_4712,11600.247634962889
00e12e8b_4713,11600.224924360251
00e12e8b_4714,11600.229936965636
00e12e8b_4715,11600.280142207763
00e12e8b_4716,11600.145132490648
00e12e8b_4717,11600.273676104352
00e12e8b_4718,11600.29716444372
00e12e8b_4719,11600.262310947075
00e12e8b_4720,11600.274994347978
00e12e8b_4721,11600.332709327991
00e12e8b_4722,11600.306978238932
00e12e8b_4723,11600.382174273307
00e12e8b_4724,11600.531642890117
00e12e8b_4725,11600.599772758787
00e12e8b_4726,11600.59049209887
00e12e8b_4727,11600.600470627109
00e12e8b_4728,11600.572265404513
00e12e8b_4729,11600.66362763414
00e12e8b_4730,11600.636556265415
00e12e8b_4731,11600.673544624384
00e12e8b_4732,11600.655195335745
00e12e8b_4733,11600.672976804017
00e12e8b_4734,11600.700407724484
00e12e8b_4735,11600.679720316162
00e12e8b_4736,11600.732312962511
00e12e8b_4737,11600.72428684733
00e12e8b_4738,11600.721199088666
00e12e8b_4739,11600.691852470178
00e12e8b_4740,11600.765744230448
00e12e8b_4741,11600.768370358777
00e12e8b_4742,11600.736843975983
00e12e8b_4743,11600.741729089224
00e12e8b_4744,11600.771634474215
00e12e8b_4745,11600.788131190646
00e12e8b_4746,11600.725363582354
00e12e8b_4747,11600.7920164006
00e12e8b_4748,11600.765242787576
00e12e8b_4749,11600.78798676802
00e12e8b_4750,11600.801079795821
00e12e8b_4751,11600.811722645953
00e12e8b_4752,11600.825100107524
00e12e8b_4753,11600.842637822443
00e12e8b_4754,11600.912125967989
00e12e8b_4755,11600.854110735669
00e12e8b_4756,11600.870237368152
00e12e8b_4757,11600.888433047483
00e12e8b_4758,11600.901333626707
00e12e8b_4759,11600.909435634436
00e12e8b_4760,11600.962007713319
00e12e8b_4761,11600.925743144357
00e12e8b_4762,11600.903760208792
00e12e8b_4763,11600.889971874252
00e12e8b_4764,11600.935922313918
00e12e8b_4765,11600.87336852251
00e12e8b_4766,11600.884288561458
00e12e8b_4767,11600.929097752367
00e12e8b_4768,11600.878123773487
00e12e8b_4769,11600.87094628462
00e12e8b_4770,11600.910504793315
00e12e8b_4771,11600.85850444073
00e12e8b_4772,11600.899845319434
00e12e8b_4773,11600.853617333756
00e12e8b_4774,11600.882514677181
00e12e8b_4775,11600.827749687118
00e12e8b_4776,11600.769517732773
00e12e8b_4777,11600.819208925353
00e12e8b_4778,11600.864499587322
00e12e8b_4779,11600.842472566566
00e12e8b_4780,11600.736710538304
00e12e8b_4781,11600.809068536504
00e12e8b_4782,11600.787005024822
00e12e8b_4783,11600.751979882265
00e12e8b_4784,11600.741254951388
00e12e8b_4785,11600.624028968794
00e12e8b_4786,11600.695607807302
00e12e8b_4787,11600.731703256115
00e12e8b_4788,11600.731356378732
00e12e8b_4789,11600.572776622754
00e12e8b_4790,11600.58529330601
00e12e8b_4791,11600.650633715111
00e12e8b_4792,11600.644721887991
00e12e8b_4793,11600.69294347896
00e12e8b_4794,11600.673121701167
00e12e8b_4795,11600.757318857326
00e12e8b_4796,11600.762411407755
00e12e8b_4797,11600.748380294135
00e12e8b_4798,11600.744625458075
00e12e8b_4799,11600.710659686483
00e12e8b_4800,11600.710800109062
00e12e8b_4801,11600.728653471557
00e12e8b_4802,11600.741714515503
00e12e8b_4803,11600.679122406364
00e12e8b_4804,11600.750378870536
00e12e8b_4805,11600.684766309081
00e12e8b_4806,11600.685475457894
00e12e8b_4807,11600.628915672423
00e12e8b_4808,11600.682318731815
00e12e8b_4809,11600.635477684416
00e12e8b_4810,11600.639333959694
00e12e8b_4811,11600.607108619717
00e12e8b_4812,11600.584947724521
00e12e8b_4813,11600.594994577164
00e12e8b_4814,11600.580947043363
00e12e8b_4815,11600.514333745383
00e12e8b_4816,11600.561817717127
00e12e8b_4817,11600.514575992089
00e12e8b_4818,11600.522956633613
00e12e8b_4819,11600.48662724912
00e12e8b_4820,11600.475906608752
00e12e8b_4821,11600.411699690652
00e12e8b_4822,11600.448517158226
00e12e8b_4823,11600.436626077675
00e12e8b_4824,11600.378536474136
00e12e8b_4825,11600.42691330851
00e12e8b_4826,11600.42415899603
00e12e8b_4827,11600.38539356946
00e12e8b_4828,11600.442085119219
00e12e8b_4829,11600.45522449072
00e12e8b_4830,11600.627387724999
00e12e8b_4831,11600.713117223677
00e12e8b_4832,11600.642899871667
00e12e8b_4833,11600.741920802147
00e12e8b_4834,11600.699848806089
00e12e8b_4835,11600.75392650684
00e12e8b_4836,11600.709247662679
00e12e8b_4837,11600.765829261285
00e12e8b_4838,11600.705452527469
00e12e8b_4839,11600.724507329147
00e12e8b_4840,11600.761788370064
00e12e8b_4841,11600.571386975626
00e12e8b_4842,11600.62730438409
00e12e8b_4843,11600.777720230111
00e12e8b_4844,11600.679992022851
00e12e8b_4845,11600.720807884009
00e12e8b_4846,11600.743963145187
00e12e8b_4847,11600.782231401383
00e12e8b_4848,11600.743989856808
00e12e8b_4849,11600.750180398143
00e12e8b_4850,11600.737571483865
00e12e8b_4851,11600.755405280517
00e12e8b_4852,11600.720348494497
00e12e8b_4853,11600.786246183714
00e12e8b_4854,11600.750989046
00e12e8b_4855,11600.751671197535
00e12e8b_4856,11600.731541609966
00e12e8b_4857,11600.747066494188
00e12e8b_4858,11600.74015248647
00e12e8b_4859,11600.737343734454
00e12e8b_4860,11600.74899125523
00e12e8b_4861,11600.704434727077
00e12e8b_4862,11600.75455147616
00e12e8b_4863,11600.714944357533
00e12e8b_4864,11600.751178457862
00e12e8b_4865,11600.737734655984
00e12e8b_4866,11600.736896502245
00e12e8b_4867,11600.746594905453
00e12e8b_4868,11600.691421625346
00e12e8b_4869,11600.714573073157
00e12e8b_4870,11600.661997715024
00e12e8b_4871,11600.638853742174
00e12e8b_4872,11600.625678489385
00e12e8b_4873,11600.662469255982
00e12e8b_4874,11600.643134272737
00e12e8b_4875,11600.606087181435
00e12e8b_4876,11600.640755477534
00e12e8b_4877,11600.565773429162
00e12e8b_4878,11600.644932711923
00e12e8b_4879,11600.58813478118
00e12e8b_4880,11600.618681053948
00e12e8b_4881,11600.523129225588
00e12e8b_4882,11600.629136489162
00e12e8b_4883,11600.592360807032
00e12e8b_4884,11600.634559756687
00e12e8b_4885,11600.629565664784
00e12e8b_4886,11600.671799407612
00e12e8b_4887,11600.634622889957
00e12e8b_4888,11600.630129001145
00e12e8b_4889,11600.6407749362
00e12e8b_4890,11600.623250115515
00e12e8b_4891,11600.62806965866
00e12e8b_4892,11600.685371389012
00e12e8b_4893,11600.506832802372
00e12e8b_4894,11600.615771027275
00e12e8b_4895,11600.613139487547
00e12e8b_4896,11600.654317427478
00e12e8b_4897,11600.634164109742
00e12e8b_4898,11600.603132626526
00e12e8b_4899,11600.688324330935
00e12e8b_4900,11600.804597204975
00e12e8b_4901,11600.827309436288
00e12e8b_4902,11600.884406485344
00e12e8b_4903,11600.843393912077
00e12e8b_4904,11600.847043125617
00e12e8b_4905,11600.87013835223
00e12e8b_4906,11600.903575409833
00e12e8b_4907,11600.865435741813
00e12e8b_4908,11600.908339313733
00e12e8b_4909,11600.850952697794
00e12e8b_4910,11600.86096129773
00e12e8b_4911,11600.911640844824
00e12e8b_4912,11600.90593028051
00e12e8b_4913,11600.860485184783
00e12e8b_4914,11600.91482787675
00e12e8b_4915,11600.86898054686
00e12e8b_4916,11600.903476106283
00e12e8b_4917,11600.919650054897
00e12e8b_4918,11600.880741613626
00e12e8b_4919,11600.909657798986
00e12e8b_4920,11600.909319535329
00e12e8b_4921,11600.883271438357
00e12e8b_4922,11600.788614436427
00e12e8b_4923,11600.82694187704
00e12e8b_4924,11600.87827036812
00e12e8b_4925,11600.819690245311
00e12e8b_4926,11600.88713358418
00e12e8b_4927,11600.828439757575
00e12e8b_4928,11600.858170528036
00e12e8b_4929,11600.824040256131
00e12e8b_4930,11600.872924124613
00e12e8b_4931,11600.901228335728
00e12e8b_4932,11600.931967023706
00e12e8b_4933,11600.88750759795
00e12e8b_4934,11600.945676514935
00e12e8b_4935,11600.972698245823
00e12e8b_4936,11601.102262963244
00e12e8b_4937,11601.162989469483
00e12e8b_4938,11601.162715054148
00e12e8b_4939,11601.208980092613
00e12e8b_4940,11601.182776350055
00e12e8b_4941,11601.195625557179
00e12e8b_4942,11601.245380844051
00e12e8b_4943,11601.182884242071
00e12e8b_4944,11601.167068135022
00e12e8b_4945,11601.16348107592
00e12e8b_4946,11601.214038224018
00e12e8b_4947,11601.162046958489
00e12e8b_4948,11601.202352924285
00e12e8b_4949,11601.209694871497
00e12e8b_4950,11601.155095382368
00e12e8b_4951,11601.195586628632
00e12e8b_4952,11601.18898679913
00e12e8b_4953,11601.129321739234
00e12e8b_4954,11601.147967560846
00e12e8b_4955,11601.124560967553
00e12e8b_4956,11601.138986796908
00e12e8b_4957,11601.108726263277
00e12e8b_4958,11601.123252724708
00e12e8b_4959,11601.141074524923
00e12e8b_4960,11601.074821685343
00e12e8b_4961,11601.11226188951
00e12e8b_4962,11601.059961018424
00e12e8b_4963,11601.051501228389
00e12e8b_4964,11601.083886242497
00e12e8b_4965,11601.087573775423
00e12e8b_4966,11601.045477399199
00e12e8b_4967,11601.077227081949
00e12e8b_4968,11601.12197216802
00e12e8b_4969,11600.91918567476
00e12e8b_4970,11601.062120307437
00e12e8b_4971,11600.959273314218
00e12e8b_4972,11601.004069196906
00e12e8b_4973,11600.948139487193
00e12e8b_4974,11600.93258760281
00e12e8b_4975,11600.971086389982
00e12e8b_4976,11600.90937603582
00e12e8b_4977,11600.887017805737
00e12e8b_4978,11600.986792683054
00e12e8b_4979,11600.903334951408
00e12e8b_4980,11600.864633720848
00e12e8b_4981,11600.823031992466
00e12e8b_4982,11600.83518239847
00e12e8b_4983,11600.763299427288
00e12e8b_4984,11600.728002970984
00e12e8b_4985,11600.737990396192
00e12e8b_4986,11600.710169752943
00e12e8b_4987,11600.781768253608
00e12e8b_4988,11600.798056702488
00e12e8b_4989,11600.834791080524
00e12e8b_4990,11600.761385530932
00e12e8b_4991,11600.815357997359
00e12e8b_4992,11600.808083541186
00e12e8b_4993,11600.795938020026
00e12e8b_4994,11600.78121347907
00e12e8b_4995,11600.738179246771
00e12e8b_4996,11600.711389817983
00e12e8b_4997,11600.669883554514
00e12e8b_4998,11600.590207707119
00e12e8b_4999,11600.625515959004
00e12e8b_5000,11600.60662852028
00e12e8b_5001,11600.566594155833
00e12e8b_5002,11600.569311445926
00e12e8b_5003,11600.550875568555
00e12e8b_5004,11600.543555638207
00e12e8b_5005,11600.644672875
00e12e8b_5006,11600.630532524408
00e12e8b_5007,11600.546669711359
00e12e8b_5008,11600.61714836887
00e12e8b_5009,11600.556036593294
00e12e8b_5010,11600.53452964962
00e12e8b_5011,11600.51600117156
00e12e8b_5012,11600.50668246796
00e12e8b_5013,11600.487680734685
00e12e8b_5014,11600.496686326027
00e12e8b_5015,11600.472945257963
00e12e8b_5016,11600.404255063127
00e12e8b_5017,11600.371498456843
00e12e8b_5018,11600.295424720134
00e12e8b_5019,11600.344218196204
00e12e8b_5020,11600.324605460894
00e12e8b_5021,11600.310084651368
00e12e8b_5022,11600.330334623972
00e12e8b_5023,11600.28668963135
00e12e8b_5024,11600.251177215097
00e12e8b_5025,11600.237571370195
00e12e8b_5026,11600.22706346104
00e12e8b_5027,11600.21481773915
00e12e8b_5028,11600.290606540368
00e12e8b_5029,11600.278857204125
00e12e8b_5030,11600.255636272554
00e12e8b_5031,11600.223448152921
00e12e8b_5032,11600.145179119427
00e12e8b_5033,11600.13329424772
00e12e8b_5034,11600.138320688364
00e12e8b_5035,11600.07523460252
00e12e8b_5036,11600.116289158204
00e12e8b_5037,11600.056412871236
00e12e8b_5038,11600.032708382416
00e12e8b_5039,11600.04077422145
00e12e8b_5040,11600.025894691218
00e12e8b_5041,11600.027015879728
00e12e8b_5042,11600.198506258566
00e12e8b_5043,11600.188752262897
00e12e8b_5044,11600.18826532912
00e12e8b_5045,11600.18707080078
00e12e8b_5046,11600.180397760343
00e12e8b_5047,11600.155071962108
00e12e8b_5048,11600.150693456504
00e12e8b_5049,11600.158510619205
00e12e8b_5050,11600.123345460162
00e12e8b_5051,11600.104112173312
00e12e8b_5052,11600.079586974638
00e12e8b_5053,11600.053881996546
00e12e8b_5054,11600.043321797571
00e12e8b_5055,11599.980633434887
00e12e8b_5056,11600.084109373587
00e12e8b_5057,11600.093662615105
00e12e8b_5058,11600.108974160055
00e12e8b_5059,11600.05449668999
00e12e8b_5060,11600.070680535937
00e12e8b_5061,11600.00393638074
00e12e8b_5062,11600.04980945398
00e12e8b_5063,11600.026561476321
00e12e8b_5064,11600.01184764296
00e12e8b_5065,11599.978787416232
00e12e8b_5066,11599.947786046536
00e12e8b_5067,11599.94112795397
00e12e8b_5068,11599.947548267797
00e12e8b_5069,11599.857763230892
00e12e8b_5070,11599.890103355814
00e12e8b_5071,11599.868028199186
00e12e8b_5072,11599.786270648714
00e12e8b_5073,11599.764110119733
00e12e8b_5074,11599.71937246673
00e12e8b_5075,11599.745486000105
00e12e8b_5076,11599.676163303662
00e12e8b_5077,11599.736155600853
00e12e8b_5078,11599.652103139195
00e12e8b_5079,11599.71317029889
00e12e8b_5080,11599.668952145572
00e12e8b_5081,11599.688349999407
00e12e8b_5082,11599.73970049787
00e12e8b_5083,11599.653635041797
00e12e8b_5084,11599.629736685103
00e12e8b_5085,11599.558985120715
00e12e8b_5086,11599.55474735093
00e12e8b_5087,11599.56641762355
00e12e8b_5088,11599.54418051845
00e12e8b_5089,11599.522824794129
00e12e8b_5090,11599.50036505615
00e12e8b_5091,11599.456487096542
00e12e8b_5092,11599.413943103986
00e12e8b_5093,11599.414031417598
00e12e8b_5094,11599.390535091507
00e12e8b_5095,11599.331701503119
00e12e8b_5096,11599.346590733103
00e12e8b_5097,11599.397340659096
00e12e8b_5098,11599.288045928877
00e12e8b_5099,11599.27359977259
00e12e8b_5100,11599.162080806407
00e12e8b_5101,11599.228933033999
00e12e8b_5102,11599.254206395637
00e12e8b_5103,11599.15831536743
00e12e8b_5104,11599.138703766039
00e12e8b_5105,11599.108722876732
00e12e8b_5106,11599.163211477373
00e12e8b_5107,11599.078165916684
00e12e8b_5108,11599.063056850819
00e12e8b_5109,11599.112141609738
00e12e8b_5110,11599.115069565984
00e12e8b_5111,11599.107528324566
00e12e8b_5112,11599.162460390677
00e12e8b_5113,11599.056835918884
00e12e8b_5114,11599.123549852931
00e12e8b_5115,11599.030808047732
00e12e8b_5116,11599.016673097365
00e12e8b_5117,11599.072124139555
00e12e8b_5118,11598.99142578526
00e12e8b_5119,11599.033711662614
00e12e8b_5120,11598.874654729958
00e12e8b_5121,11599.001096141295
00e12e8b_5122,11598.9117312896
00e12e8b_5123,11598.884787989962
00e12e8b_5124,11598.84893064426
00e12e8b_5125,11598.88053339724
00e12e8b_5126,11598.847414727683
00e12e8b_5127,11598.779644858567
00e12e8b_5128,11598.809576312859
00e12e8b_5129,11598.710161520996
00e12e8b_5130,11598.772724783721
00e12e8b_5131,11598.745744483662
00e12e8b_5132,11598.667374215942
00e12e8b_5133,11598.709440539438
00e12e8b_5134,11598.688264281554
00e12e8b_5135,11598.614936398619
00e12e8b_5136,11598.678312559832
00e12e8b_5137,11598.65101355223
00e12e8b_5138,11598.618035765387
00e12e8b_5139,11598.529558387236
00e12e8b_5140,11598.586529181997
00e12e8b_5141,11598.507870272524
00e12e8b_5142,11598.534197497806
00e12e8b_5143,11598.518711513583
00e12e8b_5144,11598.39085900016
00e12e8b_5145,11598.413158525074
00e12e8b_5146,11598.39930258138
00e12e8b_5147,11598.48404620346
00e12e8b_5148,11598.580893809254
00e12e8b_5149,11598.459462494142
00e12e8b_5150,11598.663815159189
00e12e8b_5151,11598.56720958746
00e12e8b_5152,11598.57742456491
00e12e8b_5153,11598.627542394095
00e12e8b_5154,11598.552990301618
00e12e8b_5155,11598.597092126229
00e12e8b_5156,11598.562413157782
00e12e8b_5157,11598.485150224167
00e12e8b_5158,11598.532374324748
00e12e8b_5159,11598.436957031792
00e12e8b_5160,11598.468540272548
00e12e8b_5161,11598.438215487191
00e12e8b_5162,11598.400656563652
00e12e8b_5163,11598.311790502483
00e12e8b_5164,11598.289928302136
00e12e8b_5165,11598.312128800433
00e12e8b_5166,11598.299915201615
00e12e8b_5167,11598.26565279333
00e12e8b_5168,11598.245948189657
00e12e8b_5169,11598.275270988543
00e12e8b_5170,11598.103328172607
00e12e8b_5171,11598.172768002316
00e12e8b_5172,11598.148448244003
00e12e8b_5173,11598.197557198193
00e12e8b_5174,11598.092264997675
00e12e8b_5175,11597.91288362376
00e12e8b_5176,11598.05786081866
00e12e8b_5177,11598.079219118368
00e12e8b_5178,11597.989105732571
00e12e8b_5179,11597.969624533012
00e12e8b_5180,11597.991702564083
00e12e8b_5181,11597.91102924008
00e12e8b_5182,11597.888724159413
00e12e8b_5183,11597.928294973426
00e12e8b_5184,11597.827519310315
00e12e8b_5185,11597.758094379129
00e12e8b_5186,11597.790810618322
00e12e8b_5187,11597.71041025328
00e12e8b_5188,11597.753076701767
00e12e8b_5189,11597.728216489091
00e12e8b_5190,11597.602547392504
00e12e8b_5191,11597.681540545544
00e12e8b_5192,11597.60568555235
00e12e8b_5193,11597.561795510475
00e12e8b_5194,11597.492987281177
00e12e8b_5195,11597.500996728108
00e12e8b_5196,11597.555859692733
00e12e8b_5197,11597.486376020524
00e12e8b_5198,11597.47318872709
00e12e8b_5199,11597.411830366536
00e12e8b_5200,11597.35492967078
00e12e8b_5201,11597.255207556424
00e12e8b_5202,11597.308450363627
00e12e8b_5203,11597.28697146481
00e12e8b_5204,11597.17058372391
00e12e8b_5205,11597.213702377116
00e12e8b_5206,11597.116333007396
00e12e8b_5207,11597.151491512606
00e12e8b_5208,11597.126749372837
00e12e8b_5209,11597.013611956545
00e12e8b_5210,11596.98329333524
00e12e8b_5211,11597.028737847171
00e12e8b_5212,11596.925702034041
00e12e8b_5213,11596.970623543935
00e12e8b_5214,11596.87606736622
00e12e8b_5215,11596.850602410275
00e12e8b_5216,11596.842864371907
00e12e8b_5217,11596.974719214166
00e12e8b_5218,11596.889585724195
00e12e8b_5219,11596.913958858251
00e12e8b_5220,11596.852124538938
00e12e8b_5221,11596.828886621288
00e12e8b_5222,11596.862221267083
00e12e8b_5223,11596.769293405481
00e12e8b_5224,11596.75370917044
00e12e8b_5225,11596.720968917118
00e12e8b_5226,11596.69977606123
00e12e8b_5227,11596.724661770295
00e12e8b_5228,11596.612575128856
00e12e8b_5229,11596.592755940093
00e12e8b_5230,11596.64692650861
00e12e8b_5231,11596.607571710912
00e12e8b_5232,11596.545568764883
00e12e8b_5233,11596.58199689475
00e12e8b_5234,11596.458255622112
00e12e8b_5235,11596.520771938205
00e12e8b_5236,11596.531791131745
00e12e8b_5237,11596.34190038297
00e12e8b_5238,11596.487859738514
00e12e8b_5239,11596.344589992352
00e12e8b_5240,11596.516517065844
00e12e8b_5241,11596.442160654095
00e12e8b_5242,11596.481307506005
00e12e8b_5243,11596.406391435383
00e12e8b_5244,11596.38318775945
00e12e8b_5245,11596.248130174856
00e12e8b_5246,11596.421038709332
00e12e8b_5247,11596.294821561361
00e12e8b_5248,11596.188812537986
00e12e8b_5249,11596.316511855217
00e12e8b_5250,11596.288181348586
00e12e8b_5251,11596.234001788634
00e12e8b_5252,11596.281896770133
00e12e8b_5253,11596.27228801701
00e12e8b_5254,11596.235938204525
00e12e8b_5255,11596.438974539877
00e12e8b_5256,11596.426867200324
00e12e8b_5257,11596.484881500559
00e12e8b_5258,11596.42913599837
00e12e8b_5259,11596.229093125137
00e12e8b_5260,11596.393214658061
00e12e8b_5261,11596.42167009656
00e12e8b_5262,11596.426335845797
00e12e8b_5263,11596.388566664324
00e12e8b_5264,11596.35304393909
00e12e8b_5265,11596.302280889768
00e12e8b_5266,11596.427601725063
00e12e8b_5267,11596.299919864221
00e12e8b_5268,11596.379592164783
00e12e8b_5269,11596.31717807946
00e12e8b_5270,11596.306424605336
00e12e8b_5271,11596.305564653328
00e12e8b_5272,11596.286100224952
00e12e8b_5273,11596.327171122744
00e12e8b_5274,11596.238503317727
00e12e8b_5275,11596.248854734433
00e12e8b_5276,11596.234153525362
00e12e8b_5277,11596.254586367188
00e12e8b_5278,11596.226551227473
00e12e8b_5279,11596.215521306784
00e12e8b_5280,11596.170757015594
00e12e8b_5281,11596.069972823381
00e12e8b_5282,11596.18736113552
00e12e8b_5283,11596.220910805121
00e12e8b_5284,11596.103652654909
00e12e8b_5285,11596.244892575185
00e12e8b_5286,11596.027027477148
00e12e8b_5287,11596.18190965907
00e12e8b_5288,11596.288895625474
00e12e8b_5289,11596.16871449726
00e12e8b_5290,11596.073639686987
00e12e8b_5291,11596.178123544965
00e12e8b_5292,11596.042456708456
00e12e8b_5293,11596.11000205365
00e12e8b_5294,11596.106164852166
00e12e8b_5295,11596.103979163634
00e12e8b_5296,11596.149666657846
00e12e8b_5297,11596.191115685495
00e12e8b_5298,11596.080137415567
00e12e8b_5299,11596.223238064795
00e12e8b_5300,11596.149494085668
00e12e8b_5301,11596.151493422156
00e12e8b_5302,11596.20161385936
00e12e8b_5303,11596.155218488597
00e12e8b_5304,11596.059373128424
00e12e8b_5305,11596.181199684077
00e12e8b_5306,11596.110957922172
00e12e8b_5307,11596.161197050898
00e12e8b_5308,11596.160541173504
00e12e8b_5309,11596.064738165358
00e12e8b_5310,11596.138478800636
00e12e8b_5311,11596.091637294978
00e12e8b_5312,11596.10193462691
00e12e8b_5313,11596.127175078891
00e12e8b_5314,11596.015001125848
00e12e8b_5315,11596.014625410251
00e12e8b_5316,11596.058431005946
00e12e8b_5317,11596.052005360001
00e12e8b_5318,11596.092429289052
00e12e8b_5319,11596.044404900043
00e12e8b_5320,11596.120100808685
00e12e8b_5321,11596.070389415636
00e12e8b_5322,11596.030776562438
00e12e8b_5323,11596.147336827786
00e12e8b_5324,11596.195721215736
00e12e8b_5325,11596.115514199853
00e12e8b_5326,11596.180850405963
00e12e8b_5327,11596.14566309475
00e12e8b_5328,11596.081835959707
00e12e8b_5329,11596.1263003183
00e12e8b_5330,11596.078200733025
00e12e8b_5331,11596.02406815902
00e12e8b_5332,11596.15571098681
00e12e8b_5333,11596.114050354972
00e12e8b_5334,11596.112265704789
00e12e8b_5335,11596.138189239018
00e12e8b_5336,11596.067891325645
00e12e8b_5337,11596.104457868434
00e12e8b_5338,11596.08567771516
00e12e8b_5339,11596.130028061067
00e12e8b_5340,11596.115512251257
00e12e8b_5341,11596.071476924186
00e12e8b_5342,11595.989538822505
00e12e8b_5343,11596.046011931434
00e12e8b_5344,11596.103546707585
00e12e8b_5345,11596.096507019718
00e12e8b_5346,11596.050906382674
00e12e8b_5347,11596.087169138022
00e12e8b_5348,11596.07987747537
00e12e8b_5349,11596.028950271877
00e12e8b_5350,11596.063659638708
00e12e8b_5351,11595.995002475505
00e12e8b_5352,11595.987194145233
00e12e8b_5353,11596.006237443304
00e12e8b_5354,11596.000985601555
00e12e8b_5355,11595.99943387707
00e12e8b_5356,11595.949244595344
00e12e8b_5357,11595.977721273604
00e12e8b_5358,11595.937958382838
00e12e8b_5359,11596.013185553316
00e12e8b_5360,11595.95574998303
00e12e8b_5361,11596.084129162338
00e12e8b_5362,11596.241294730145
00e12e8b_5363,11596.22808195342
00e12e8b_5364,11595.96657030789
00e12e8b_5365,11596.264788962442
00e12e8b_5366,11596.235565157946
00e12e8b_5367,11596.163755107795
00e12e8b_5368,11596.248151448537
00e12e8b_5369,11596.201058061104
00e12e8b_5370,11596.243160667571
00e12e8b_5371,11596.232255211431
00e12e8b_5372,11596.04640270215
00e12e8b_5373,11596.226728104093
00e12e8b_5374,11596.148670988756
00e12e8b_5375,11596.106899628472
00e12e8b_5376,11596.153704483722
00e12e8b_5377,11596.180583058804
00e12e8b_5378,11596.093762632441
00e12e8b_5379,11596.171987406862
00e12e8b_5380,11595.932651747622
00e12e8b_5381,11596.104297602758
00e12e8b_5382,11596.044978875681
00e12e8b_5383,11596.123232262044
00e12e8b_5384,11595.99158408501
00e12e8b_5385,11596.033171943262
00e12e8b_5386,11596.03047811086
00e12e8b_5387,11596.1030694269
00e12e8b_5388,11595.974654707348
00e12e8b_5389,11596.015368525983
00e12e8b_5390,11596.013556358434
00e12e8b_5391,11595.964932230943
00e12e8b_5392,11596.09179707286
00e12e8b_5393,11596.003080691868
00e12e8b_5394,11595.948485618315
00e12e8b_5395,11595.998483584612
00e12e8b_5396,11596.074499544533
00e12e8b_5397,11595.938052065734
00e12e8b_5398,11595.970435417312
00e12e8b_5399,11595.952011381944
00e12e8b_5400,11596.028048213577
00e12e8b_5401,11595.969721480618
00e12e8b_5402,11595.917369801955
00e12e8b_5403,11595.964512931178
00e12e8b_5404,11595.919841329362
00e12e8b_5405,11595.964100290967
00e12e8b_5406,11595.905922107257
00e12e8b_5407,11595.950343700919
00e12e8b_5408,11595.995420630205
00e12e8b_5409,11595.994941596315
00e12e8b_5410,11596.042442407748
00e12e8b_5411,11595.984109057244
00e12e8b_5412,11596.027821242576
00e12e8b_5413,11595.974060942992
00e12e8b_5414,11596.01928618264
00e12e8b_5415,11595.925672237845
00e12e8b_5416,11595.915556481355
00e12e8b_5417,11595.854208138193
00e12e8b_5418,11595.88013399611
00e12e8b_5419,11595.919796733662
00e12e8b_5420,11595.823415684077
00e12e8b_5421,11595.908853180925
00e12e8b_5422,11595.825475204736
00e12e8b_5423,11595.946758617496
00e12e8b_5424,11595.899862266044
00e12e8b_5425,11595.696930883423
00e12e8b_5426,11596.025884030922
00e12e8b_5427,11595.992001064235
00e12e8b_5428,11596.043410863149
00e12e8b_5429,11595.999376383108
00e12e8b_5430,11596.003451091721
00e12e8b_5431,11596.054208030819
00e12e8b_5432,11596.003761994714
00e12e8b_5433,11596.011910081646
00e12e8b_5434,11596.057022726669
00e12e8b_5435,11596.00210977514
00e12e8b_5436,11596.065535040976
00e12e8b_5437,11595.992499887305
00e12e8b_5438,11596.044202335406
00e12e8b_5439,11595.992620491168
00e12e8b_5440,11596.116139290183
00e12e8b_5441,11596.048113829078
00e12e8b_5442,11595.982213402522
00e12e8b_5443,11596.090404047756
00e12e8b_5444,11596.03951780434
00e12e8b_5445,11595.840817884706
00e12e8b_5446,11596.165673633035
00e12e8b_5447,11596.057808239431
00e12e8b_5448,11596.039842824353
00e12e8b_5449,11595.879044166591
00e12e8b_5450,11596.026776710001
00e12e8b_5451,11596.079999639001
00e12e8b_5452,11596.08628649695
00e12e8b_5453,11595.88020690492
00e12e8b_5454,11596.077173072517
00e12e8b_5455,11596.031326053553
00e12e8b_5456,11596.027115368386
00e12e8b_5457,11596.06216992614
00e12e8b_5458,11596.014152787597
00e12e8b_5459,11596.029245500593
00e12e8b_5460,11595.983226002407
00e12e8b_5461,11595.981215587
00e12e8b_5462,11595.981489508282
00e12e8b_5463,11595.952434109784
00e12e8b_5464,11596.005501859967
00e12e8b_5465,11596.075468015679
00e12e8b_5466,11595.945600445539
00e12e8b_5467,11596.189555799556
00e12e8b_5468,11596.311427307353
00e12e8b_5469,11596.276338944774
00e12e8b_5470,11596.1781581811
00e12e8b_5471,11596.323469466999
00e12e8b_5472,11596.13073982116
00e12e8b_5473,11596.204819143493
00e12e8b_5474,11596.346533438676
00e12e8b_5475,11596.278810646501
00e12e8b_5476,11596.134399106391
00e12e8b_5477,11596.33247291468
00e12e8b_5478,11596.281601967574
00e12e8b_5479,11596.247410112288
00e12e8b_5480,11596.343166550394
00e12e8b_5481,11596.289645752147
00e12e8b_5482,11596.34016937623
00e12e8b_5483,11596.38139929797
00e12e8b_5484,11596.313334766122
00e12e8b_5485,11596.435402835365
00e12e8b_5486,11596.315028165336
00e12e8b_5487,11596.3309720841
00e12e8b_5488,11596.376082910836
00e12e8b_5489,11596.31257618627
00e12e8b_5490,11596.412862712203
00e12e8b_5491,11596.253103064933
00e12e8b_5492,11596.48080411941
00e12e8b_5493,11596.333049984529
00e12e8b_5494,11596.316628836388
00e12e8b_5495,11596.461594087295
00e12e8b_5496,11596.408170814171
00e12e8b_5497,11596.304618222
00e12e8b_5498,11596.348959738247
00e12e8b_5499,11596.307387974823
00e12e8b_5500,11596.301525793759
00e12e8b_5501,11596.414576291585
00e12e8b_5502,11596.303078703964
00e12e8b_5503,11596.35716157684
00e12e8b_5504,11596.33615568811
00e12e8b_5505,11596.317432147338
00e12e8b_5506,11596.436665267347
00e12e8b_5507,11596.271979517764
00e12e8b_5508,11596.343913355757
00e12e8b_5509,11596.299951476882
00e12e8b_5510,11596.34020123519
00e12e8b_5511,11596.416505594936
00e12e8b_5512,11596.368921246472
00e12e8b_5513,11596.198463710229
00e12e8b_5514,11596.172805528622
00e12e8b_5515,11596.4015614356
00e12e8b_5516,11596.285430796239
00e12e8b_5517,11596.21427570074
00e12e8b_5518,11596.405318285271
00e12e8b_5519,11596.352655289964
00e12e8b_5520,11596.334152101264
00e12e8b_5521,11596.155019058398
00e12e8b_5522,11596.378974673158
00e12e8b_5523,11596.122259185018
00e12e8b_5524,11596.174743422147
00e12e8b_5525,11596.037580908858
00e12e8b_5526,11596.115262378535
00e12e8b_5527,11596.35019875635
00e12e8b_5528,11596.114900218308
00e12e8b_5529,11596.154447224313
00e12e8b_5530,11596.547073648277
00e12e8b_5531,11596.487206524273
00e12e8b_5532,11596.437480846502
00e12e8b_5533,11596.575301320383
00e12e8b_5534,11596.48720001692
00e12e8b_5535,11596.463121307375
00e12e8b_5536,11596.58398228397
00e12e8b_5537,11596.486342225384
00e12e8b_5538,11596.459752621508
00e12e8b_5539,11596.506329711834
00e12e8b_5540,11596.506455090657
00e12e8b_5541,11596.50435473971
00e12e8b_5542,11596.552465993063
00e12e8b_5543,11596.294200274524
00e12e8b_5544,11596.565600326585
00e12e8b_5545,11596.54924505135
00e12e8b_5546,11596.498669444827
00e12e8b_5547,11596.50035803436
00e12e8b_5548,11596.451335189158
00e12e8b_5549,11596.50396014443
00e12e8b_5550,11596.3470240112
00e12e8b_5551,11596.558780343836
00e12e8b_5552,11596.347910383536
00e12e8b_5553,11596.338177935337
00e12e8b_5554,11596.437685123201
00e12e8b_5555,11596.334540541304
00e12e8b_5556,11596.28019446632
00e12e8b_5557,11596.447955412883
00e12e8b_5558,11596.380590232322
00e12e8b_5559,11596.46618856862
00e12e8b_5560,11596.517859596242
00e12e8b_5561,11596.488772623728
00e12e8b_5562,11596.45724637527
00e12e8b_5563,11596.51058189201
00e12e8b_5564,11596.484172115044
00e12e8b_5565,11596.44024586476
00e12e8b_5566,11596.50520183764
00e12e8b_5567,11596.341944330505
00e12e8b_5568,11596.282162052239
00e12e8b_5569,11596.389076622543
00e12e8b_5570,11596.35702649477
00e12e8b_5571,11596.510071625726
00e12e8b_5572,11596.402278158144
00e12e8b_5573,11596.681468951421
00e12e8b_5574,11596.69280673023
00e12e8b_5575,11596.499354239495
00e12e8b_5576,11596.70944515387
00e12e8b_5577,11596.643596996131
00e12e8b_5578,11596.476390980248
00e12e8b_5579,11596.562975896051
00e12e8b_5580,11596.485937765918
00e12e8b_5581,11596.423716035351
00e12e8b_5582,11596.589956744623
00e12e8b_5583,11596.554812863009
00e12e8b_5584,11596.486530097287
00e12e8b_5585,11596.725097965242
00e12e8b_5586,11596.671004742046
00e12e8b_5587,11596.482854682594
00e12e8b_5588,11596.671046058635
00e12e8b_5589,11596.729484808155
00e12e8b_5590,11596.596949301944
00e12e8b_5591,11596.45958043821
00e12e8b_5592,11596.633595338717
00e12e8b_5593,11596.689407215426
00e12e8b_5594,11596.621001175346
00e12e8b_5595,11596.658052541281
00e12e8b_5596,11596.589159504443
00e12e8b_5597,11596.708025946027
00e12e8b_5598,11596.744430567085
00e12e8b_5599,11596.668769967155
00e12e8b_5600,11596.762439164342
00e12e8b_5601,11596.72537349159
00e12e8b_5602,11596.76953184056
00e12e8b_5603,11596.643782717907
00e12e8b_5604,11596.770223192125
00e12e8b_5605,11596.73045762419
00e12e8b_5606,11596.748072082823
00e12e8b_5607,11596.748636527125
00e12e8b_5608,11596.70407192945
00e12e8b_5609,11596.800024157905
00e12e8b_5610,11596.495268066228
00e12e8b_5611,11596.737898774167
00e12e8b_5612,11596.715694006989
00e12e8b_5613,11596.781175020109
00e12e8b_5614,11596.646613384974
00e12e8b_5615,11596.764488040117
00e12e8b_5616,11596.837341085647
00e12e8b_5617,11596.80073805049
00e12e8b_5618,11596.811654694136
00e12e8b_5619,11596.815563179793
00e12e8b_5620,11596.6870687964
00e12e8b_5621,11596.851727714013
00e12e8b_5622,11596.714177156613
00e12e8b_5623,11596.843501010359
00e12e8b_5624,11596.852367529347
00e12e8b_5625,11596.83898738556
00e12e8b_5626,11596.839411642433
00e12e8b_5627,11596.773938367527
00e12e8b_5628,11596.72661924859
00e12e8b_5629,11596.7245931789
00e12e8b_5630,11596.736059709709
00e12e8b_5631,11596.752687430999
00e12e8b_5632,11596.763444874017
00e12e8b_5633,11596.781648104215
00e12e8b_5634,11596.803367443023
00e12e8b_5635,11596.960909540441
00e12e8b_5636,11596.98007812048
00e12e8b_5637,11597.002208299946
00e12e8b_5638,11597.01620860646
00e12e8b_5639,11597.026858629972
00e12e8b_5640,11597.029297128496
00e12e8b_5641,11597.031640039175
00e12e8b_5642,11597.156454365713
00e12e8b_5643,11597.16356875988
00e12e8b_5644,11597.000207881336
00e12e8b_5645,11597.187206201741
00e12e8b_5646,11597.057152222633
00e12e8b_5647,11597.104597292922
00e12e8b_5648,11596.9735053925
00e12e8b_5649,11597.084104802127
00e12e8b_5650,11597.172105408315
00e12e8b_5651,11597.13902140243
00e12e8b_5652,11597.17361425903
00e12e8b_5653,11597.102740211836
00e12e8b_5654,11597.186775538903
00e12e8b_5655,11597.194012206039
00e12e8b_5656,11597.265718510167
00e12e8b_5657,11597.281499517525
00e12e8b_5658,11597.300751182054
00e12e8b_5659,11597.208472992956
00e12e8b_5660,11597.263823601463
00e12e8b_5661,11597.309665911513
00e12e8b_5662,11597.303908597773
00e12e8b_5663,11597.304530038455
00e12e8b_5664,11597.229588448947
00e12e8b_5665,11597.357697239566
00e12e8b_5666,11597.353038904397
00e12e8b_5667,11597.260149795578
00e12e8b_5668,11597.401100954303
00e12e8b_5669,11597.369413152308
00e12e8b_5670,11597.27199124877
00e12e8b_5671,11597.277455419458
00e12e8b_5672,11597.301034895903
00e12e8b_5673,11597.282674900895
00e12e8b_5674,11597.441573298054
00e12e8b_5675,11597.435383989017
00e12e8b_5676,11597.29514456607
00e12e8b_5677,11597.30124499899
00e12e8b_5678,11597.327097981768
00e12e8b_5679,11597.438455691128
00e12e8b_5680,11597.29798434162
00e12e8b_5681,11597.4749916137
00e12e8b_5682,11597.523406358065
00e12e8b_5683,11597.643907069738
00e12e8b_5684,11597.638058399889
00e12e8b_5685,11597.438891474609
00e12e8b_5686,11597.655241858107
00e12e8b_5687,11597.607253794813
00e12e8b_5688,11597.513696985941
00e12e8b_5689,11597.504147650941
00e12e8b_5690,11597.60785178472
00e12e8b_5691,11597.603830512076
00e12e8b_5692,11597.51666138038
00e12e8b_5693,11597.615572705274
00e12e8b_5694,11597.515764911175
00e12e8b_5695,11597.517749976882
00e12e8b_5696,11597.523409616622
00e12e8b_5697,11597.51839647712
00e12e8b_5698,11597.569011427298
00e12e8b_5699,11597.534813284177
00e12e8b_5700,11597.532150806557
00e12e8b_5701,11597.535063352521
00e12e8b_5702,11597.539529381216
00e12e8b_5703,11597.539535976166
00e12e8b_5704,11597.593113468061
00e12e8b_5705,11597.578800933034
00e12e8b_5706,11597.679379089892
00e12e8b_5707,11597.691983983072
00e12e8b_5708,11597.578259441205
00e12e8b_5709,11597.69665774142
00e12e8b_5710,11597.715769582795
00e12e8b_5711,11597.563010857162
00e12e8b_5712,11597.663062741121
00e12e8b_5713,11597.723738206238
00e12e8b_5714,11597.463359118608
00e12e8b_5715,11597.680297455594
00e12e8b_5716,11597.726468002316
00e12e8b_5717,11597.759925359058
00e12e8b_5718,11597.659209807593
00e12e8b_5719,11597.65907021525
00e12e8b_5720,11597.777633924461
00e12e8b_5721,11597.680018640798
00e12e8b_5722,11597.630177641107
00e12e8b_5723,11597.691385363774
00e12e8b_5724,11597.798867713456
00e12e8b_5725,11597.653323081546
00e12e8b_5726,11597.703067871924
00e12e8b_5727,11597.66206916027
00e12e8b_5728,11597.788062720907
00e12e8b_5729,11597.748014851843
00e12e8b_5730,11597.727171700668
00e12e8b_5731,11597.803591090778
00e12e8b_5732,11597.673468274385
00e12e8b_5733,11597.723361126897
00e12e8b_5734,11597.81576246604
00e12e8b_5735,11597.74593468961
00e12e8b_5736,11597.534977709453
00e12e8b_5737,11597.691888288427
00e12e8b_5738,11597.900801711288
00e12e8b_5739,11597.524770861717
00e12e8b_5740,11597.661549899582
00e12e8b_5741,11597.933402280232
00e12e8b_5742,11598.016041382278
00e12e8b_5743,11598.018050466066
00e12e8b_5744,11598.0614024391
00e12e8b_5745,11598.019891851309
00e12e8b_5746,11598.105231192827
00e12e8b_5747,11598.013697621098
00e12e8b_5748,11598.074226783845
00e12e8b_5749,11598.043353361214
00e12e8b_5750,11597.924333375207
00e12e8b_5751,11597.813780994162
00e12e8b_5752,11598.080216125714
00e12e8b_5753,11597.757843293788
00e12e8b_5754,11597.923092466912
00e12e8b_5755,11597.971184256301
00e12e8b_5756,11597.915042903696
00e12e8b_5757,11597.884680028654
00e12e8b_5758,11598.054679548217
00e12e8b_5759,11597.884756518364
00e12e8b_5760,11597.951188722915
00e12e8b_5761,11597.786912907231
00e12e8b_5762,11597.961579072891
00e12e8b_5763,11597.919843268079
00e12e8b_5764,11597.940857246675
00e12e8b_5765,11597.99140629748
00e12e8b_5766,11597.983406375744
00e12e8b_5767,11598.011770011699
00e12e8b_5768,11597.957895466265
00e12e8b_5769,11598.085719003697
00e12e8b_5770,11598.02744645793
00e12e8b_5771,11598.048048662997
00e12e8b_5772,11598.028251059906
00e12e8b_5773,11598.061068407807
00e12e8b_5774,11598.038430228808
00e12e8b_5775,11598.055034351544
00e12e8b_5776,11598.060404831558
00e12e8b_5777,11598.068488030161
00e12e8b_5778,11598.073117148095
00e12e8b_5779,11598.068009364766
00e12e8b_5780,11598.085828295314
00e12e8b_5781,11598.065087030545
00e12e8b_5782,11598.096726371998
00e12e8b_5783,11598.132084987927
00e12e8b_5784,11598.153614733623
00e12e8b_5785,11598.13388859249
00e12e8b_5786,11598.281652343883
00e12e8b_5787,11598.35931669777
00e12e8b_5788,11598.324684695597
00e12e8b_5789,11598.3077901493
00e12e8b_5790,11598.363345985956
00e12e8b_5791,11598.345131980786
00e12e8b_5792,11598.336802778627
00e12e8b_5793,11598.346824615175
00e12e8b_5794,11598.329788157484
00e12e8b_5795,11598.37513088575
00e12e8b_5796,11598.329632521054
00e12e8b_5797,11598.412484123648
00e12e8b_5798,11598.3004206031
00e12e8b_5799,11598.41752842738
00e12e8b_5800,11598.5370578174
00e12e8b_5801,11598.173564376219
00e12e8b_5802,11598.44363462831
00e12e8b_5803,11598.280428332782
00e12e8b_5804,11598.51902542456
00e12e8b_5805,11598.563555266655
00e12e8b_5806,11598.584307349378
00e12e8b_5807,11598.562489408305
00e12e8b_5808,11598.520277250693
00e12e8b_5809,11598.583312629875
00e12e8b_5810,11598.392935662449
00e12e8b_5811,11598.404788037442
00e12e8b_5812,11598.40598045006
00e12e8b_5813,11598.616302581278
00e12e8b_5814,11598.210050471844
00e12e8b_5815,11598.43389030693
00e12e8b_5816,11598.533287018516
00e12e8b_5817,11598.250528818306
00e12e8b_5818,11598.467983433224
00e12e8b_5819,11598.744571256186
00e12e8b_5820,11598.534036701041
00e12e8b_5821,11598.527765197037
00e12e8b_5822,11598.750507983528
00e12e8b_5823,11598.750643489551
00e12e8b_5824,11598.657109283395
00e12e8b_5825,11598.710351959246
00e12e8b_5826,11598.6971018865
00e12e8b_5827,11598.871661000472
00e12e8b_5828,11598.810989141399
00e12e8b_5829,11598.90441985827
00e12e8b_5830,11598.927599310546
00e12e8b_5831,11598.98479018428
00e12e8b_5832,11598.996156879137
00e12e8b_5833,11599.007363890427
00e12e8b_5834,11599.063406513682
00e12e8b_5835,11599.075480029109
00e12e8b_5836,11599.101058115002
00e12e8b_5837,11599.112580329713
00e12e8b_5838,11599.159022816455
00e12e8b_5839,11599.169276489609
00e12e8b_5840,11599.134804389447
00e12e8b_5841,11599.136287909285
00e12e8b_5842,11599.16562365875
00e12e8b_5843,11599.181494486365
00e12e8b_5844,11598.962427949602
00e12e8b_5845,11599.054927851997
00e12e8b_5846,11599.212057047853
00e12e8b_5847,11599.234839934541
00e12e8b_5848,11599.151590993302
00e12e8b_5849,11599.217360874425
00e12e8b_5850,11599.275596705169
00e12e8b_5851,11599.261512040115
00e12e8b_5852,11599.29799916144
00e12e8b_5853,11599.317374818078
00e12e8b_5854,11599.077785373904
00e12e8b_5855,11599.064514232174
00e12e8b_5856,11599.112323415608
00e12e8b_5857,11599.120312692557
00e12e8b_5858,11599.393316319149
00e12e8b_5859,11599.046321812113
00e12e8b_5860,11599.230133576848
00e12e8b_5861,11599.146491102216
00e12e8b_5862,11598.985848258371
00e12e8b_5863,11599.233415360937
00e12e8b_5864,11599.475345577659
00e12e8b_5865,11599.346358155193
00e12e8b_5866,11599.507930910355
00e12e8b_5867,11599.516425916563
00e12e8b_5868,11599.513605031825
00e12e8b_5869,11599.523910166947
00e12e8b_5870,11599.573266241487
00e12e8b_5871,11599.564946403436
00e12e8b_5872,11599.62776797815
00e12e8b_5873,11599.633685515904
00e12e8b_5874,11599.479504139663
00e12e8b_5875,11599.500146788156
00e12e8b_5876,11599.484830337587
00e12e8b_5877,11599.576485505808
00e12e8b_5878,11599.601671735374
00e12e8b_5879,11599.59418860945
00e12e8b_5880,11599.609523397401
00e12e8b_5881,11599.628055268167
00e12e8b_5882,11599.617956558552
00e12e8b_5883,11599.683409893907
00e12e8b_5884,11599.710280347435
00e12e8b_5885,11599.728210734878
00e12e8b_5886,11599.777624807812
00e12e8b_5887,11599.801443850525
00e12e8b_5888,11599.88117942606
00e12e8b_5889,11599.991811635111
00e12e8b_5890,11599.943331561568
00e12e8b_5891,11599.984862813499
00e12e8b_5892,11599.956833582
00e12e8b_5893,11600.141087354963
00e12e8b_5894,11600.052367278298
00e12e8b_5895,11600.082421895788
00e12e8b_5896,11600.138319420577
00e12e8b_5897,11600.204855705108
00e12e8b_5898,11600.181420123361
00e12e8b_5899,11600.396815066895
00e12e8b_5900,11600.211895192588
00e12e8b_5901,11600.252720535496
00e12e8b_5902,11600.458896785476
00e12e8b_5903,11600.347403513693
00e12e8b_5904,11600.378101623235
00e12e8b_5905,11600.451085406481
00e12e8b_5906,11600.519234318319
00e12e8b_5907,11600.548820937387
00e12e8b_5908,11600.5327140359
00e12e8b_5909,11600.536264486567
00e12e8b_5910,11600.66544396575
00e12e8b_5911,11600.684152501326
00e12e8b_5912,11600.668910941187
00e12e8b_5913,11600.729044107033
00e12e8b_5914,11600.750986615949
00e12e8b_5915,11600.727837434002
00e12e8b_5916,11600.77719339755
00e12e8b_5917,11600.796851554771
00e12e8b_5918,11600.82447227965
00e12e8b_5919,11600.828814271767
00e12e8b_5920,11600.884746192389
00e12e8b_5921,11600.703627793071
00e12e8b_5922,11600.699586252033
00e12e8b_5923,11600.965440556804
00e12e8b_5924,11601.013825932756
00e12e8b_5925,11600.820189534705
00e12e8b_5926,11601.0412650728
00e12e8b_5927,11601.124770267568
00e12e8b_5928,11600.930067272107
00e12e8b_5929,11601.05206004353
00e12e8b_5930,11601.108680487292
00e12e8b_5931,11601.273102103176
00e12e8b_5932,11601.199772558037
00e12e8b_5933,11601.273938969374
00e12e8b_5934,11601.383770488254
00e12e8b_5935,11601.442969488286
00e12e8b_5936,11601.378496124122
00e12e8b_5937,11601.421988903523
00e12e8b_5938,11601.518459135983
00e12e8b_5939,11601.450681025002
00e12e8b_5940,11601.537403344364
00e12e8b_5941,11601.612408230569
00e12e8b_5942,11601.58890672628
00e12e8b_5943,11601.677062364077
00e12e8b_5944,11601.746912249975
00e12e8b_5945,11601.54122802518
00e12e8b_5946,11601.854910763333
00e12e8b_5947,11601.732610158044
00e12e8b_5948,11601.896735956487
00e12e8b_5949,11601.890811238374
00e12e8b_5950,11601.81856730231
00e12e8b_5951,11601.87455622588
00e12e8b_5952,11601.876849379927
00e12e8b_5953,11602.101728145602
00e12e8b_5954,11601.905624740804
00e12e8b_5955,11601.90112141583
00e12e8b_5956,11601.906545720589
00e12e8b_5957,11601.88965829678
00e12e8b_5958,11602.12880214231
00e12e8b_5959,11602.095950585566
00e12e8b_5960,11601.898222984632
00e12e8b_5961,11601.893337422023
00e12e8b_5962,11601.972221805476
00e12e8b_5963,11601.88984225467
00e12e8b_5964,11601.933465195838
00e12e8b_5965,11601.899174227141
00e12e8b_5966,11601.906757854624
00e12e8b_5967,11601.987038880847
00e12e8b_5968,11601.984374917378
00e12e8b_5969,11601.938114520512
00e12e8b_5970,11601.983159947886
00e12e8b_5971,11601.930693041806
00e12e8b_5972,11602.168173864193
00e12e8b_5973,11601.960330429782
00e12e8b_5974,11601.980745488907
00e12e8b_5975,11601.946409838582
00e12e8b_5976,11602.14595182072
00e12e8b_5977,11602.056523680361
00e12e8b_5978,11601.976749771104
00e12e8b_5979,11602.127740515009
00e12e8b_5980,11601.988001218957
00e12e8b_5981,11602.05280747879
00e12e8b_5982,11602.036550942454
00e12e8b_5983,11602.101732545558
00e12e8b_5984,11601.883959309667
00e12e8b_5985,11601.95445484164
00e12e8b_5986,11602.029249493888
00e12e8b_5987,11601.890193554234
00e12e8b_5988,11601.97283569726
00e12e8b_5989,11601.880801214193
00e12e8b_5990,11601.976927003674
00e12e8b_5991,11601.929168026994
00e12e8b_5992,11601.801075146757
00e12e8b_5993,11601.741364208276
00e12e8b_5994,11601.917999720321
00e12e8b_5995,11601.832587423378
00e12e8b_5996,11601.784415116035
00e12e8b_5997,11601.66385460091
00e12e8b_5998,11601.520972583006
00e12e8b_5999,11601.37278738846
00e12e8b_6000,11601.546940035341
00e12e8b_6001,11601.330135981207
00e12e8b_6002,11601.375875242873
00e12e8b_6003,11601.273855461968
00e12e8b_6004,11601.504060314412
00e12e8b_6005,11601.34252732545
00e12e8b_6006,11601.294366488044
00e12e8b_6007,11601.286329773033
00e12e8b_6008,11601.216251401318
00e12e8b_6009,11601.235156718958
00e12e8b_6010,11601.252801345454
00e12e8b_6011,11601.255292255582
00e12e8b_6012,11601.403943999569
00e12e8b_6013,11601.340959316803
00e12e8b_6014,11601.28480949179
00e12e8b_6015,11601.492122803078
00e12e8b_6016,11601.331225526457
00e12e8b_6017,11601.339019630555
00e12e8b_6018,11601.439599195637
00e12e8b_6019,11601.46121350231
00e12e8b_6020,11601.389280017755
00e12e8b_6021,11601.465233845776
00e12e8b_6022,11601.460258202056
00e12e8b_6023,11601.53185179983
00e12e8b_6024,11601.187193208734
00e12e8b_6025,11601.230646102666
00e12e8b_6026,11601.54628699984
00e12e8b_6027,11601.0851549154
00e12e8b_6028,11601.19429470825
00e12e8b_6029,11601.29181373561
00e12e8b_6030,11601.205484228278
00e12e8b_6031,11601.277402818534
00e12e8b_6032,11601.41283149727
00e12e8b_6033,11601.202946494242
00e12e8b_6034,11601.52544078568
00e12e8b_6035,11601.64186559229
00e12e8b_6036,11601.651311876612
00e12e8b_6037,11601.697774501683
00e12e8b_6038,11601.743753853692
00e12e8b_6039,11601.873306520878
00e12e8b_6040,11601.777533151107
00e12e8b_6041,11601.953351110928
00e12e8b_6042,11601.903880816448
00e12e8b_6043,11601.989784693425
00e12e8b_6044,11601.81469260755
00e12e8b_6045,11601.855255592312
00e12e8b_6046,11602.02406015866
00e12e8b_6047,11601.957345299099
00e12e8b_6048,11601.995217542402
00e12e8b_6049,11602.079973818229
00e12e8b_6050,11601.902168131643
00e12e8b_6051,11601.895529958161
00e12e8b_6052,11601.881971128454
00e12e8b_6053,11601.92226901036
00e12e8b_6054,11601.921667057108
00e12e8b_6055,11601.876630582115
00e12e8b_6056,11602.059203945011
00e12e8b_6057,11602.044046039915
00e12e8b_6058,11602.025249144212
00e12e8b_6059,11601.989160910023
00e12e8b_6060,11601.973698599459
00e12e8b_6061,11601.783648100543
00e12e8b_6062,11601.911889998535
00e12e8b_6063,11601.89861535692
00e12e8b_6064,11601.83481891569
00e12e8b_6065,11601.86055695139
00e12e8b_6066,11601.803559247039
00e12e8b_6067,11601.65942738377
00e12e8b_6068,11601.691679229756
00e12e8b_6069,11601.667610236153
00e12e8b_6070,11601.552023432194
00e12e8b_6071,11601.362937751923
00e12e8b_6072,11601.574979646506
00e12e8b_6073,11601.463158251683
00e12e8b_6074,11601.432932248785
00e12e8b_6075,11601.532014942153
00e12e8b_6076,11601.382249459206
00e12e8b_6077,11601.365085722318
00e12e8b_6078,11601.407105253129
00e12e8b_6079,11601.392674922014
00e12e8b_6080,11601.229584604702
00e12e8b_6081,11601.193588646614
00e12e8b_6082,11601.29260551075
00e12e8b_6083,11601.259777689007
00e12e8b_6084,11601.246052020833
00e12e8b_6085,11601.09349862391
00e12e8b_6086,11601.061003798384
00e12e8b_6087,11601.211537848332
00e12e8b_6088,11601.078290670765
00e12e8b_6089,11601.002795604387
00e12e8b_6090,11600.984349938168
00e12e8b_6091,11601.011048733899
00e12e8b_6092,11600.909169650242
00e12e8b_6093,11600.887340017467
00e12e8b_6094,11600.846698235695
00e12e8b_6095,11600.85566238263
00e12e8b_6096,11600.759692514499
00e12e8b_6097,11600.74594942122
00e12e8b_6098,11600.753180300933
00e12e8b_6099,11600.831059725602
00e12e8b_6100,11600.810223221775
00e12e8b_6101,11600.814482173479
00e12e8b_6102,11600.75699560824
00e12e8b_6103,11600.736717929827
00e12e8b_6104,11600.572720196795
00e12e8b_6105,11600.488775236376
00e12e8b_6106,11600.59146684139
00e12e8b_6107,11600.604235756695
00e12e8b_6108,11600.42544772676
00e12e8b_6109,11600.415646981313
00e12e8b_6110,11600.520319801388
00e12e8b_6111,11600.327725438801
00e12e8b_6112,11600.33041395909
00e12e8b_6113,11600.447209644739
00e12e8b_6114,11600.324229388129
00e12e8b_6115,11600.254154473452
00e12e8b_6116,11600.213938672514
00e12e8b_6117,11600.330735604728
00e12e8b_6118,11600.317489194265
00e12e8b_6119,11600.299112393961
00e12e8b_6120,11600.207454062092
00e12e8b_6121,11600.234977633327
00e12e8b_6122,11600.072537997368
00e12e8b_6123,11600.166719097724
00e12e8b_6124,11600.012810383218
00e12e8b_6125,11600.036019847297
00e12e8b_6126,11600.058205304966
00e12e8b_6127,11599.99584436343
00e12e8b_6128,11599.92736870372
00e12e8b_6129,11599.972082553835
00e12e8b_6130,11599.912033110795
00e12e8b_6131,11599.955184185477
00e12e8b_6132,11599.892200324377
00e12e8b_6133,11599.942591200912
00e12e8b_6134,11599.878955685806
00e12e8b_6135,11599.907827025701
00e12e8b_6136,11599.90921257084
00e12e8b_6137,11599.829504233649
00e12e8b_6138,11599.884947499508
00e12e8b_6139,11599.989377518952
00e12e8b_6140,11599.866415957706
00e12e8b_6141,11599.852835070944
00e12e8b_6142,11599.87266822786
00e12e8b_6143,11599.843255094143
00e12e8b_6144,11599.894913566424
00e12e8b_6145,11599.837600099147
00e12e8b_6146,11599.93645548378
00e12e8b_6147,11599.764065491
00e12e8b_6148,11599.865350921415
00e12e8b_6149,11599.937515635527
00e12e8b_6150,11599.890285940923
00e12e8b_6151,11599.994517227535
00e12e8b_6152,11599.819671136505
00e12e8b_6153,11599.76485163504
00e12e8b_6154,11599.991280214743
00e12e8b_6155,11599.789779149032
00e12e8b_6156,11599.845308859274
00e12e8b_6157,11599.796239214575
00e12e8b_6158,11599.876776979967
00e12e8b_6159,11600.002136834953
00e12e8b_6160,11599.857695585806
00e12e8b_6161,11599.888477843746
00e12e8b_6162,11600.021921082558
00e12e8b_6163,11599.800208790515
00e12e8b_6164,11599.976964674222
00e12e8b_6165,11599.785859794945
00e12e8b_6166,11599.832173715646
00e12e8b_6167,11600.019419029239
00e12e8b_6168,11599.952868716873
00e12e8b_6169,11599.701393176707
00e12e8b_6170,11599.662786547138
00e12e8b_6171,11599.924454444672
00e12e8b_6172,11599.715762810207
00e12e8b_6173,11599.854245049959
00e12e8b_6174,11599.794031797133
00e12e8b_6175,11599.683280091796
00e12e8b_6176,11599.680360896953
00e12e8b_6177,11599.769716421262
00e12e8b_6178,11599.700243992647
00e12e8b_6179,11599.720756177454
00e12e8b_6180,11599.639128621417
00e12e8b_6181,11599.440634110584
00e12e8b_6182,11599.509337905198
00e12e8b_6183,11599.530248615025
00e12e8b_6184,11599.448919380677
00e12e8b_6185,11599.536562692481
00e12e8b_6186,11599.466546796612
00e12e8b_6187,11599.41879846714
00e12e8b_6188,11599.374816181613
00e12e8b_6189,11599.294257648065
00e12e8b_6190,11599.320272381776
00e12e8b_6191,11599.305717352045
00e12e8b_6192,11599.383180585342
00e12e8b_6193,11599.312652785658
00e12e8b_6194,11599.250938296784
00e12e8b_6195,11599.306107491231
00e12e8b_6196,11599.217478050985
00e12e8b_6197,11599.19668679822
00e12e8b_6198,11599.192447182773
00e12e8b_6199,11599.155861623278
00e12e8b_6200,11599.151292521985
00e12e8b_6201,11599.134066714343
00e12e8b_6202,11599.183234802462
00e12e8b_6203,11599.088336110537
00e12e8b_6204,11599.077046450026
00e12e8b_6205,11598.92630503841
00e12e8b_6206,11599.070155589647
00e12e8b_6207,11598.983271029849
00e12e8b_6208,11598.967265747984
00e12e8b_6209,11598.93840512262
00e12e8b_6210,11598.922245399233
00e12e8b_6211,11598.902594737629
00e12e8b_6212,11598.88684978881
00e12e8b_6213,11598.86648333438
00e12e8b_6214,11598.844838003528
00e12e8b_6215,11598.932562476426
00e12e8b_6216,11598.808972370074
00e12e8b_6217,11598.938534011171
00e12e8b_6218,11598.759475501305
00e12e8b_6219,11598.879781185628
00e12e8b_6220,11598.861888324642
00e12e8b_6221,11598.778738529218
00e12e8b_6222,11598.768719446975
00e12e8b_6223,11598.683297497486
00e12e8b_6224,11598.909980788632
00e12e8b_6225,11598.890679323364
00e12e8b_6226,11598.839168446139
00e12e8b_6227,11598.788252370334
00e12e8b_6228,11598.689019025394
00e12e8b_6229,11598.682599905704
00e12e8b_6230,11598.803828553697
00e12e8b_6231,11598.480918393907
00e12e8b_6232,11598.567116883301
00e12e8b_6233,11598.58210258733
00e12e8b_6234,11598.61736991253
00e12e8b_6235,11598.634917557469
00e12e8b_6236,11598.51538318233
00e12e8b_6237,11598.500017153332
00e12e8b_6238,11598.633062773102
00e12e8b_6239,11598.38663828071
00e12e8b_6240,11598.445948891034
00e12e8b_6241,11598.378163207133
00e12e8b_6242,11598.408172498646
00e12e8b_6243,11598.474773337617
00e12e8b_6244,11598.431860786088
00e12e8b_6245,11598.44559905135
00e12e8b_6246,11598.436654465271
00e12e8b_6247,11598.547472885444
00e12e8b_6248,11598.31128550302
00e12e8b_6249,11598.36826124725
00e12e8b_6250,11598.377223017576
00e12e8b_6251,11598.266586322081
00e12e8b_6252,11598.415142505864
00e12e8b_6253,11598.329563883883
00e12e8b_6254,11598.37479131943
00e12e8b_6255,11598.27255887685
00e12e8b_6256,11598.344944708733
00e12e8b_6257,11598.164097776715
00e12e8b_6258,11598.202741316145
00e12e8b_6259,11598.200535880409
00e12e8b_6260,11598.277581736398
00e12e8b_6261,11598.209871596162
00e12e8b_6262,11598.25213948092
00e12e8b_6263,11598.14087788313
00e12e8b_6264,11597.934870636553
00e12e8b_6265,11598.135767422293
00e12e8b_6266,11598.023309250855
00e12e8b_6267,11598.082595548836
00e12e8b_6268,11598.069671662866
00e12e8b_6269,11597.979469201804
00e12e8b_6270,11598.038052042339
00e12e8b_6271,11598.1102218848
00e12e8b_6272,11598.007591298854
00e12e8b_6273,11598.149817831407
00e12e8b_6274,11597.892374359644
00e12e8b_6275,11597.917487045504
00e12e8b_6276,11597.875934459264
00e12e8b_6277,11597.823370332604
00e12e8b_6278,11597.692570475241
00e12e8b_6279,11597.716479940038
00e12e8b_6280,11597.668094832869
00e12e8b_6281,11597.637512338824
00e12e8b_6282,11597.511729500244
00e12e8b_6283,11597.544992419074
00e12e8b_6284,11597.501585836162
00e12e8b_6285,11597.475508192485
00e12e8b_6286,11597.43979154859
00e12e8b_6287,11597.542622694147
00e12e8b_6288,11597.362290915362
00e12e8b_6289,11597.380811306431
00e12e8b_6290,11597.356149981737
00e12e8b_6291,11597.224005277025
00e12e8b_6292,11597.17637326034
00e12e8b_6293,11597.122374262008
00e12e8b_6294,11597.106277403182
00e12e8b_6295,11597.073524708332
00e12e8b_6296,11597.003209047765
00e12e8b_6297,11597.095689996659
00e12e8b_6298,11596.917089902643
00e12e8b_6299,11596.891441171903
00e12e8b_6300,11596.848518094564
00e12e8b_6301,11596.82341468332
00e12e8b_6302,11596.820467639873
00e12e8b_6303,11596.820978712989
00e12e8b_6304,11596.829955642044
00e12e8b_6305,11596.699217317206
00e12e8b_6306,11596.660915460818
00e12e8b_6307,11596.629524354763
00e12e8b_6308,11596.656114043877
00e12e8b_6309,11596.53985651827
00e12e8b_6310,11596.55210395034
00e12e8b_6311,11596.445430931808
00e12e8b_6312,11596.440492175712
00e12e8b_6313,11596.449568363163
00e12e8b_6314,11596.433886997249
00e12e8b_6315,11596.370060512858
00e12e8b_6316,11596.472230941501
00e12e8b_6317,11596.137491008107
00e12e8b_6318,11596.35611641468
00e12e8b_6319,11596.334624343599
00e12e8b_6320,11596.258578557163
00e12e8b_6321,11596.278880374284
00e12e8b_6322,11596.25577856047
00e12e8b_6323,11596.036753338072
00e12e8b_6324,11596.247411743243
00e12e8b_6325,11595.996462949584
00e12e8b_6326,11596.181007821211
00e12e8b_6327,11596.173585279095
00e12e8b_6328,11596.130837034369
00e12e8b_6329,11595.962684003482
00e12e8b_6330,11595.953783965824
00e12e8b_6331,11595.854700041355
00e12e8b_6332,11595.834603969435
00e12e8b_6333,11595.990028121672
00e12e8b_6334,11595.82168892945
00e12e8b_6335,11595.868843726506
00e12e8b_6336,11595.810096378675
00e12e8b_6337,11595.843472407709
00e12e8b_6338,11595.958400555388
00e12e8b_6339,11595.968773106435
00e12e8b_6340,11595.976913079277
00e12e8b_6341,11595.885505299857
00e12e8b_6342,11595.960102875633
00e12e8b_6343,11595.893579073258
00e12e8b_6344,11595.973698584685
00e12e8b_6345,11595.8595601354
00e12e8b_6346,11595.866855204607
00e12e8b_6347,11595.910746773328
00e12e8b_6348,11595.830584240222
00e12e8b_6349,11595.866196684658
00e12e8b_6350,11595.815460353304
00e12e8b_6351,11595.946686609474
00e12e8b_6352,11595.859793282905
00e12e8b_6353,11595.787769233064
00e12e8b_6354,11595.765508388658
00e12e8b_6355,11595.892613909236
00e12e8b_6356,11595.881353294717
00e12e8b_6357,11595.867483845848
00e12e8b_6358,11595.792869978903
00e12e8b_6359,11595.694748095852
00e12e8b_6360,11595.850865318811
00e12e8b_6361,11595.80734559697
00e12e8b_6362,11595.840397340586
00e12e8b_6363,11595.834813385884
00e12e8b_6364,11595.86115757002
00e12e8b_6365,11595.67264219795
00e12e8b_6366,11595.661738379
00e12e8b_6367,11595.766656770891
00e12e8b_6368,11595.758583513341
00e12e8b_6369,11595.586586716152
00e12e8b_6370,11595.574722961828
00e12e8b_6371,11595.622193219038
00e12e8b_6372,11595.641812536742
00e12e8b_6373,11595.615604433944
00e12e8b_6374,11595.615150549325
00e12e8b_6375,11595.690118138164
00e12e8b_6376,11595.627192673835
00e12e8b_6377,11595.62211553587
00e12e8b_6378,11595.770047301003
00e12e8b_6379,11595.628876627203
00e12e8b_6380,11595.818234169321
00e12e8b_6381,11595.729693419702
00e12e8b_6382,11595.62860354882
00e12e8b_6383,11595.75638844902
